This is pdfTeX, Version 3.141592653-2.6-1.40.29 (TeX Live 2026) (preloaded format=pdflatex 2026.4.2)  19 APR 2026 09:51
entering extended mode
 restricted \write18 enabled.
 %&-line parsing enabled.
**00-main.tex
(./00-main.tex
LaTeX2e <2025-11-01>
L3 programming layer <2026-01-19>
(/usr/local/texlive/2026/texmf-dist/tex/latex/base/article.cls
Document Class: article 2025/01/22 v1.4n Standard LaTeX document class
(/usr/local/texlive/2026/texmf-dist/tex/latex/base/size11.clo
File: size11.clo 2025/01/22 v1.4n Standard LaTeX file (size option)
)
\c@part=\count275
\c@section=\count276
\c@subsection=\count277
\c@subsubsection=\count278
\c@paragraph=\count279
\c@subparagraph=\count280
\c@figure=\count281
\c@table=\count282
\abovecaptionskip=\skip49
\belowcaptionskip=\skip50
\bibindent=\dimen148
)
(/usr/local/texlive/2026/texmf-dist/tex/latex/amsmath/amsmath.sty
Package: amsmath 2025/07/09 v2.17z AMS math features
\@mathmargin=\skip51

For additional information on amsmath, use the `?' option.
(/usr/local/texlive/2026/texmf-dist/tex/latex/amsmath/amstext.sty
Package: amstext 2024/11/17 v2.01 AMS text

(/usr/local/texlive/2026/texmf-dist/tex/latex/amsmath/amsgen.sty
File: amsgen.sty 1999/11/30 v2.0 generic functions
\@emptytoks=\toks17
\ex@=\dimen149
))
(/usr/local/texlive/2026/texmf-dist/tex/latex/amsmath/amsbsy.sty
Package: amsbsy 1999/11/29 v1.2d Bold Symbols
\pmbraise@=\dimen150
)
(/usr/local/texlive/2026/texmf-dist/tex/latex/amsmath/amsopn.sty
Package: amsopn 2022/04/08 v2.04 operator names
)
\inf@bad=\count283
LaTeX Info: Redefining \frac on input line 233.
\uproot@=\count284
\leftroot@=\count285
LaTeX Info: Redefining \overline on input line 398.
LaTeX Info: Redefining \colon on input line 409.
\classnum@=\count286
\DOTSCASE@=\count287
LaTeX Info: Redefining \ldots on input line 495.
LaTeX Info: Redefining \dots on input line 498.
LaTeX Info: Redefining \cdots on input line 619.
\Mathstrutbox@=\box53
\strutbox@=\box54
LaTeX Info: Redefining \big on input line 721.
LaTeX Info: Redefining \Big on input line 722.
LaTeX Info: Redefining \bigg on input line 723.
LaTeX Info: Redefining \Bigg on input line 724.
\big@size=\dimen151
LaTeX Font Info:    Redeclaring font encoding OML on input line 742.
LaTeX Font Info:    Redeclaring font encoding OMS on input line 743.
\macc@depth=\count288
LaTeX Info: Redefining \bmod on input line 904.
LaTeX Info: Redefining \pmod on input line 909.
LaTeX Info: Redefining \smash on input line 939.
LaTeX Info: Redefining \relbar on input line 969.
LaTeX Info: Redefining \Relbar on input line 970.
\c@MaxMatrixCols=\count289
\dotsspace@=\muskip17
\c@parentequation=\count290
\dspbrk@lvl=\count291
\tag@help=\toks18
\row@=\count292
\column@=\count293
\maxfields@=\count294
\andhelp@=\toks19
\eqnshift@=\dimen152
\alignsep@=\dimen153
\tagshift@=\dimen154
\tagwidth@=\dimen155
\totwidth@=\dimen156
\lineht@=\dimen157
\@envbody=\toks20
\multlinegap=\skip52
\multlinetaggap=\skip53
\mathdisplay@stack=\toks21
LaTeX Info: Redefining \[ on input line 2950.
LaTeX Info: Redefining \] on input line 2951.
)
(/usr/local/texlive/2026/texmf-dist/tex/latex/amsfonts/amssymb.sty
Package: amssymb 2013/01/14 v3.01 AMS font symbols

(/usr/local/texlive/2026/texmf-dist/tex/latex/amsfonts/amsfonts.sty
Package: amsfonts 2013/01/14 v3.01 Basic AMSFonts support
\symAMSa=\mathgroup4
\symAMSb=\mathgroup5
LaTeX Font Info:    Redeclaring math symbol \hbar on input line 98.
LaTeX Font Info:    Overwriting math alphabet `\mathfrak' in version `bold'
(Font)                  U/euf/m/n --> U/euf/b/n on input line 106.
))
(/usr/local/texlive/2026/texmf-dist/tex/latex/amscls/amsthm.sty
Package: amsthm 2020/05/29 v2.20.6
\thm@style=\toks22
\thm@bodyfont=\toks23
\thm@headfont=\toks24
\thm@notefont=\toks25
\thm@headpunct=\toks26
\thm@preskip=\skip54
\thm@postskip=\skip55
\thm@headsep=\skip56
\dth@everypar=\toks27
)
(/usr/local/texlive/2026/texmf-dist/tex/latex/tools/bm.sty
Package: bm 2025/10/21 v1.2g Bold Symbol Support (DPC/FMi)
\symboldoperators=\mathgroup6
\symboldletters=\mathgroup7
\symboldsymbols=\mathgroup8
Package bm Info: No bold for \OMX/cmex/m/n, using \pmb.
Package bm Info: No bold for \U/msa/m/n, using \pmb.
Package bm Info: No bold for \U/msb/m/n, using \pmb.
LaTeX Font Info:    Redeclaring math alphabet \mathbf on input line 149.
)
(/usr/local/texlive/2026/texmf-dist/tex/latex/mathtools/mathtools.sty
Package: mathtools 2024/10/04 v1.31 mathematical typesetting tools

(/usr/local/texlive/2026/texmf-dist/tex/latex/graphics/keyval.sty
Package: keyval 2022/05/29 v1.15 key=value parser (DPC)
\KV@toks@=\toks28
)
(/usr/local/texlive/2026/texmf-dist/tex/latex/tools/calc.sty
Package: calc 2025/03/01 v4.3b Infix arithmetic (KKT,FJ)
\calc@Acount=\count295
\calc@Bcount=\count296
\calc@Adimen=\dimen158
\calc@Bdimen=\dimen159
\calc@Askip=\skip57
\calc@Bskip=\skip58
LaTeX Info: Redefining \setlength on input line 86.
LaTeX Info: Redefining \addtolength on input line 87.
\calc@Ccount=\count297
\calc@Cskip=\skip59
)
(/usr/local/texlive/2026/texmf-dist/tex/latex/mathtools/mhsetup.sty
Package: mhsetup 2021/03/18 v1.4 programming setup (MH)
)
\g_MT_multlinerow_int=\count298
\l_MT_multwidth_dim=\dimen160
\origjot=\skip60
\l_MT_shortvdotswithinadjustabove_dim=\dimen161
\l_MT_shortvdotswithinadjustbelow_dim=\dimen162
\l_MT_above_intertext_sep=\dimen163
\l_MT_below_intertext_sep=\dimen164
\l_MT_above_shortintertext_sep=\dimen165
\l_MT_below_shortintertext_sep=\dimen166
\xmathstrut@box=\box55
\xmathstrut@dim=\dimen167
)
(/usr/local/texlive/2026/texmf-dist/tex/latex/graphics/rotating.sty
Package: rotating 2025/01/14 v2.16e rotated objects in LaTeX

(/usr/local/texlive/2026/texmf-dist/tex/latex/graphics/graphicx.sty
Package: graphicx 2024/12/31 v1.2e Enhanced LaTeX Graphics (DPC,SPQR)

(/usr/local/texlive/2026/texmf-dist/tex/latex/graphics/graphics.sty
Package: graphics 2024/08/06 v1.4g Standard LaTeX Graphics (DPC,SPQR)

(/usr/local/texlive/2026/texmf-dist/tex/latex/graphics/trig.sty
Package: trig 2023/12/02 v1.11 sin cos tan (DPC)
)
(/usr/local/texlive/2026/texmf-dist/tex/latex/graphics-cfg/graphics.cfg
File: graphics.cfg 2016/06/04 v1.11 sample graphics configuration
)
Package graphics Info: Driver file: pdftex.def on input line 106.

(/usr/local/texlive/2026/texmf-dist/tex/latex/graphics-def/pdftex.def
File: pdftex.def 2025/09/29 v1.2d Graphics/color driver for pdftex
))
\Gin@req@height=\dimen168
\Gin@req@width=\dimen169
)
(/usr/local/texlive/2026/texmf-dist/tex/latex/base/ifthen.sty
Package: ifthen 2024/03/16 v1.1e Standard LaTeX ifthen package (DPC)
)
\c@r@tfl@t=\count299
\rotFPtop=\skip61
\rotFPbot=\skip62
\rot@float@box=\box56
\rot@mess@toks=\toks29
)
(/usr/local/texlive/2026/texmf-dist/tex/latex/geometry/geometry.sty
Package: geometry 2026/03/07 v6.0 Page Geometry

(/usr/local/texlive/2026/texmf-dist/tex/generic/iftex/ifvtex.sty
Package: ifvtex 2019/10/25 v1.7 ifvtex legacy package. Use iftex instead.

(/usr/local/texlive/2026/texmf-dist/tex/generic/iftex/iftex.sty
Package: iftex 2024/12/12 v1.0g TeX engine tests
))
\Gm@cnth=\count300
\Gm@cntv=\count301
\c@Gm@tempcnt=\count302
\Gm@bindingoffset=\dimen170
\Gm@wd@mp=\dimen171
\Gm@odd@mp=\dimen172
\Gm@even@mp=\dimen173
\Gm@layoutwidth=\dimen174
\Gm@layoutheight=\dimen175
\Gm@layouthoffset=\dimen176
\Gm@layoutvoffset=\dimen177
\Gm@dimlist=\toks30
)
(/usr/local/texlive/2026/texmf-dist/tex/latex/hyperref/hyperref.sty
Package: hyperref 2026-01-29 v7.01p Hypertext links for LaTeX

(/usr/local/texlive/2026/texmf-dist/tex/latex/kvsetkeys/kvsetkeys.sty
Package: kvsetkeys 2022-10-05 v1.19 Key value parser (HO)
)
(/usr/local/texlive/2026/texmf-dist/tex/generic/kvdefinekeys/kvdefinekeys.sty
Package: kvdefinekeys 2019-12-19 v1.6 Define keys (HO)
)
(/usr/local/texlive/2026/texmf-dist/tex/generic/pdfescape/pdfescape.sty
Package: pdfescape 2019/12/09 v1.15 Implements pdfTeX's escape features (HO)

(/usr/local/texlive/2026/texmf-dist/tex/generic/ltxcmds/ltxcmds.sty
Package: ltxcmds 2023-12-04 v1.26 LaTeX kernel commands for general use (HO)
)
(/usr/local/texlive/2026/texmf-dist/tex/generic/pdftexcmds/pdftexcmds.sty
Package: pdftexcmds 2020-06-27 v0.33 Utility functions of pdfTeX for LuaTeX (HO
)

(/usr/local/texlive/2026/texmf-dist/tex/generic/infwarerr/infwarerr.sty
Package: infwarerr 2019/12/03 v1.5 Providing info/warning/error messages (HO)
)
Package pdftexcmds Info: \pdf@primitive is available.
Package pdftexcmds Info: \pdf@ifprimitive is available.
Package pdftexcmds Info: \pdfdraftmode found.
))
(/usr/local/texlive/2026/texmf-dist/tex/latex/hycolor/hycolor.sty
Package: hycolor 2020-01-27 v1.10 Color options for hyperref/bookmark (HO)
)
(/usr/local/texlive/2026/texmf-dist/tex/latex/hyperref/nameref.sty
Package: nameref 2026-01-29 v2.58 Cross-referencing by name of section

(/usr/local/texlive/2026/texmf-dist/tex/latex/refcount/refcount.sty
Package: refcount 2019/12/15 v3.6 Data extraction from label references (HO)
)
(/usr/local/texlive/2026/texmf-dist/tex/generic/gettitlestring/gettitlestring.s
ty
Package: gettitlestring 2019/12/15 v1.6 Cleanup title references (HO)
 (/usr/local/texlive/2026/texmf-dist/tex/latex/kvoptions/kvoptions.sty
Package: kvoptions 2022-06-15 v3.15 Key value format for package options (HO)
))
\c@section@level=\count303
)
(/usr/local/texlive/2026/texmf-dist/tex/latex/etoolbox/etoolbox.sty
Package: etoolbox 2025/10/02 v2.5m e-TeX tools for LaTeX (JAW)
\etb@tempcnta=\count304
)
(/usr/local/texlive/2026/texmf-dist/tex/generic/stringenc/stringenc.sty
Package: stringenc 2019/11/29 v1.12 Convert strings between diff. encodings (HO
)
)
\@linkdim=\dimen178
\Hy@linkcounter=\count305
\Hy@pagecounter=\count306

(/usr/local/texlive/2026/texmf-dist/tex/latex/hyperref/pd1enc.def
File: pd1enc.def 2026-01-29 v7.01p Hyperref: PDFDocEncoding definition (HO)
Now handling font encoding PD1 ...
... no UTF-8 mapping file for font encoding PD1
)
(/usr/local/texlive/2026/texmf-dist/tex/generic/intcalc/intcalc.sty
Package: intcalc 2019/12/15 v1.3 Expandable calculations with integers (HO)
)
\Hy@SavedSpaceFactor=\count307

(/usr/local/texlive/2026/texmf-dist/tex/latex/hyperref/puenc.def
File: puenc.def 2026-01-29 v7.01p Hyperref: PDF Unicode definition (HO)
Now handling font encoding PU ...
... no UTF-8 mapping file for font encoding PU
)
Package hyperref Info: Option `colorlinks' set `true' on input line 4072.
Package hyperref Info: Option `hypertexnames' set `false' on input line 4072.
Package hyperref Info: Hyper figures OFF on input line 4201.
Package hyperref Info: Link nesting OFF on input line 4206.
Package hyperref Info: Hyper index ON on input line 4209.
Package hyperref Info: Plain pages OFF on input line 4216.
Package hyperref Info: Backreferencing OFF on input line 4221.
Package hyperref Info: Implicit mode ON; LaTeX internals redefined.
Package hyperref Info: Bookmarks ON on input line 4468.
\c@Hy@tempcnt=\count308

(/usr/local/texlive/2026/texmf-dist/tex/latex/url/url.sty
\Urlmuskip=\muskip18
Package: url 2013/09/16  ver 3.4  Verb mode for urls, etc.
)
LaTeX Info: Redefining \url on input line 4807.
\XeTeXLinkMargin=\dimen179

(/usr/local/texlive/2026/texmf-dist/tex/generic/bitset/bitset.sty
Package: bitset 2019/12/09 v1.3 Handle bit-vector datatype (HO)

(/usr/local/texlive/2026/texmf-dist/tex/generic/bigintcalc/bigintcalc.sty
Package: bigintcalc 2019/12/15 v1.5 Expandable calculations on big integers (HO
)
))
\Fld@menulength=\count309
\Field@Width=\dimen180
\Fld@charsize=\dimen181
Package hyperref Info: Hyper figures OFF on input line 6084.
Package hyperref Info: Link nesting OFF on input line 6089.
Package hyperref Info: Hyper index ON on input line 6092.
Package hyperref Info: backreferencing OFF on input line 6099.
Package hyperref Info: Link coloring ON on input line 6102.
Package hyperref Info: Link coloring with OCG OFF on input line 6109.
Package hyperref Info: PDF/A mode OFF on input line 6114.
\Hy@abspage=\count310
\c@Item=\count311
\c@Hfootnote=\count312
)
Package hyperref Info: Driver (autodetected): hpdftex.

(/usr/local/texlive/2026/texmf-dist/tex/latex/hyperref/hpdftex.def
File: hpdftex.def 2026-01-29 v7.01p Hyperref driver for pdfTeX
\Fld@listcount=\count313
\c@bookmark@seq@number=\count314

(/usr/local/texlive/2026/texmf-dist/tex/latex/rerunfilecheck/rerunfilecheck.sty
Package: rerunfilecheck 2025-06-21 v1.11 Rerun checks for auxiliary files (HO)

(/usr/local/texlive/2026/texmf-dist/tex/generic/uniquecounter/uniquecounter.sty
Package: uniquecounter 2019/12/15 v1.4 Provide unlimited unique counter (HO)
)
Package uniquecounter Info: New unique counter `rerunfilecheck' on input line 2
84.
)
\Hy@SectionHShift=\skip63
) (/usr/local/texlive/2026/texmf-dist/tex/latex/cjk-ko/kotex.sty
Package: kotex 2015/04/19 v1.6 Korean TeX (ko.TeX)

(/usr/local/texlive/2026/texmf-dist/tex/latex/kotex-utf/kotex.cfg)
(/usr/local/texlive/2026/texmf-dist/tex/latex/kotex-utf/kotexutf.sty
Package: kotexutf 2022/06/22 v3.0.0 typesetting UTF-8 Korean documents

(/usr/local/texlive/2026/texmf-dist/tex/latex/base/inputenc.sty
Package: inputenc 2024/02/08 v1.3d Input encoding file
\inpenc@prehook=\toks31
\inpenc@posthook=\toks32
)
(/usr/local/texlive/2026/texmf-dist/tex/plain/kotex-plain/kotexutf-core.tex
\unih@ngulpoint=\count315
\dhucs@emph@raise=\dimen182
)
Now handling font encoding LUC ...
... processing UTF-8 mapping file for font encoding LUC

(/usr/local/texlive/2026/texmf-dist/tex/latex/kotex-utf/lucenc.dfu
File: lucenc.dfu 2007/09/05 UTF-8 support for dhucs
   defining Unicode char U+00B7 (decimal 183)
   defining Unicode char U+2018 (decimal 8216)
   defining Unicode char U+2019 (decimal 8217)
   defining Unicode char U+201C (decimal 8220)
   defining Unicode char U+201D (decimal 8221)
   defining Unicode char U+3001 (decimal 12289)
   defining Unicode char U+3002 (decimal 12290)
   defining Unicode char U+3008 (decimal 12296)
   defining Unicode char U+3009 (decimal 12297)
   defining Unicode char U+300A (decimal 12298)
   defining Unicode char U+300B (decimal 12299)
   defining Unicode char U+300C (decimal 12300)
   defining Unicode char U+300D (decimal 12301)
   defining Unicode char U+300E (decimal 12302)
   defining Unicode char U+300F (decimal 12303)
   defining Unicode char U+3010 (decimal 12304)
   defining Unicode char U+3011 (decimal 12305)
   defining Unicode char U+3014 (decimal 12308)
   defining Unicode char U+3015 (decimal 12309)
   defining Unicode char U+3016 (decimal 12310)
   defining Unicode char U+3017 (decimal 12311)
   defining Unicode char U+3018 (decimal 12312)
   defining Unicode char U+3019 (decimal 12313)
   defining Unicode char U+301A (decimal 12314)
   defining Unicode char U+301B (decimal 12315)
   defining Unicode char U+FF01 (decimal 65281)
   defining Unicode char U+FF08 (decimal 65288)
   defining Unicode char U+FF09 (decimal 65289)
   defining Unicode char U+FF0C (decimal 65292)
   defining Unicode char U+FF0E (decimal 65294)
   defining Unicode char U+FF1A (decimal 65306)
   defining Unicode char U+FF1B (decimal 65307)
   defining Unicode char U+FF1C (decimal 65308)
   defining Unicode char U+FF1D (decimal 65309)
   defining Unicode char U+FF1E (decimal 65310)
   defining Unicode char U+FF1F (decimal 65311)
   defining Unicode char U+FF3B (decimal 65339)
   defining Unicode char U+FF3D (decimal 65341)
   defining Unicode char U+FF5B (decimal 65371)
   defining Unicode char U+FF5D (decimal 65373)
   defining Unicode char U+FF61 (decimal 65377)
   defining Unicode char U+FF62 (decimal 65378)
   defining Unicode char U+FF63 (decimal 65379)
   defining Unicode char U+FF64 (decimal 65380)
   defining Unicode char U+FF65 (decimal 65381)
)
\@josa=\count316
\josatoks=\toks33

(/usr/local/texlive/2026/texmf-dist/tex/latex/cjk-ko/kolabels-utf.sty
Package: kolabels-utf 2015/03/20 v1.5 UTF-8 Hangul item labels
)))
(/usr/local/texlive/2026/texmf-dist/tex/latex/etex-pkg/etex.sty
Package: etex 2016/08/01 v2.7 eTeX basic definition package (PEB,DPC)


Package etex Warning: Extended allocation already in use.
(etex)                etex.sty code will not be used.
(etex)                To force etex package to load, add
(etex)                \RequirePackage{etex}
(etex)                at the start of the document.

) (/usr/local/texlive/2026/texmf-dist/tex/latex/preprint/fullpage.sty
Package: fullpage 1999/02/23 1.1 (PWD)
\FP@margin=\skip64
)
(/usr/local/texlive/2026/texmf-dist/tex/latex/tools/afterpage.sty
Package: afterpage 2023/07/04 v1.08 After-Page Package (DPC)
\AP@output=\toks34
\AP@partial=\box57
\AP@footins=\box58
)
(/usr/local/texlive/2026/texmf-dist/tex/latex/adjustbox/adjustbox.sty
Package: adjustbox 2025/02/26 v1.3c Adjusting TeX boxes (trim, clip, ...)

(/usr/local/texlive/2026/texmf-dist/tex/latex/xkeyval/xkeyval.sty
Package: xkeyval 2025/11/04 v2.10 package option processing (HA)

(/usr/local/texlive/2026/texmf-dist/tex/generic/xkeyval/xkeyval.tex
(/usr/local/texlive/2026/texmf-dist/tex/generic/xkeyval/xkvutils.tex
\XKV@toks=\toks35
\XKV@tempa@toks=\toks36
\XKV@tempb@toks=\toks37
)
\XKV@depth=\count317
File: xkeyval.tex 2014/12/03 v2.7a key=value parser (HA)
))
(/usr/local/texlive/2026/texmf-dist/tex/latex/adjustbox/adjcalc.sty
Package: adjcalc 2012/05/16 v1.1 Provides advanced setlength with multiple back
-ends (calc, etex, pgfmath)
)
(/usr/local/texlive/2026/texmf-dist/tex/latex/adjustbox/trimclip.sty
Package: trimclip 2025/02/21 v1.2a Trim and clip general TeX material

(/usr/local/texlive/2026/texmf-dist/tex/latex/collectbox/collectbox.sty
Package: collectbox 2022/10/17 v0.4c Collect macro arguments as boxes
\collectedbox=\box59
)
\tc@llx=\dimen183
\tc@lly=\dimen184
\tc@urx=\dimen185
\tc@ury=\dimen186
Package trimclip Info: Using driver 'tc-pdftex.def'.

(/usr/local/texlive/2026/texmf-dist/tex/latex/adjustbox/tc-pdftex.def
File: tc-pdftex.def 2025/02/26 v2.3 Clipping driver for pdftex
))
\adjbox@Width=\dimen187
\adjbox@Height=\dimen188
\adjbox@Depth=\dimen189
\adjbox@Totalheight=\dimen190
\adjbox@pwidth=\dimen191
\adjbox@pheight=\dimen192
\adjbox@pdepth=\dimen193
\adjbox@ptotalheight=\dimen194

(/usr/local/texlive/2026/texmf-dist/tex/latex/ifoddpage/ifoddpage.sty
Package: ifoddpage 2022/10/18 v1.2 Conditionals for odd/even page detection
\c@checkoddpage=\count318
)
(/usr/local/texlive/2026/texmf-dist/tex/latex/varwidth/varwidth.sty
Package: varwidth 2009/03/30 ver 0.92;  Variable-width minipages
\@vwid@box=\box60
\sift@deathcycles=\count319
\@vwid@loff=\dimen195
\@vwid@roff=\dimen196
)
==> First Aid for varwidth.sty applied!
) (/usr/local/texlive/2026/texmf-dist/tex/latex/placeins/placeins.sty
Package: placeins 2005/04/18  v 2.2
)
(/usr/local/texlive/2026/texmf-dist/tex/latex/base/fixltx2e.sty
Package: fixltx2e 2016/12/29 v2.1a fixes to LaTeX (obsolete)
Applying: [2015/01/01] Old fixltx2e package on input line 46.


Package fixltx2e Warning: fixltx2e is not required with releases after 2015
(fixltx2e)                All fixes are now in the LaTeX kernel.
(fixltx2e)                See the latexrelease package for details.

Already applied: [0000/00/00] Old fixltx2e package on input line 53.
) (/usr/local/texlive/2026/texmf-dist/tex/latex/supertabular/supertabular.sty
Package: supertabular 2025/06/26 v4.2d the supertabular environment
\c@tracingst=\count320
\ST@wd=\dimen197
\ST@rightskip=\skip65
\ST@leftskip=\skip66
\ST@parfillskip=\skip67
\ST@pageleft=\dimen198
\ST@headht=\dimen199
\ST@tailht=\dimen256
\ST@pagesofar=\dimen257
\ST@pboxht=\dimen258
\ST@rowht=\dimen259
\ST@prevht=\dimen260
\ST@toadd=\dimen261
\ST@dimen=\dimen262
\ST@pbox=\box61
)
(/usr/local/texlive/2026/texmf-dist/tex/latex/titlesec/titlesec.sty
Package: titlesec 2025/01/04 v2.17 Sectioning titles
\ttl@box=\box62
\beforetitleunit=\skip68
\aftertitleunit=\skip69
\ttl@plus=\dimen263
\ttl@minus=\dimen264
\ttl@toksa=\toks38
\titlewidth=\dimen265
\titlewidthlast=\dimen266
\titlewidthfirst=\dimen267
)
(/usr/local/texlive/2026/texmf-dist/tex/latex/tools/array.sty
Package: array 2025/09/25 v2.6n Tabular extension package (FMi)
\col@sep=\dimen268
\ar@mcellbox=\box63
\extrarowheight=\dimen269
\NC@list=\toks39
\extratabsurround=\skip70
\backup@length=\skip71
\ar@cellbox=\box64
)
(/usr/local/texlive/2026/texmf-dist/tex/latex/tools/tabularx.sty
Package: tabularx 2023/12/11 v2.12a `tabularx' package (DPC)
\TX@col@width=\dimen270
\TX@old@table=\dimen271
\TX@old@col=\dimen272
\TX@target=\dimen273
\TX@delta=\dimen274
\TX@cols=\count321
\TX@ftn=\toks40
)
(/usr/local/texlive/2026/texmf-dist/tex/latex/graphics/color.sty
Package: color 2025/01/14 v1.3e Standard LaTeX Color (DPC)

(/usr/local/texlive/2026/texmf-dist/tex/latex/graphics-cfg/color.cfg
File: color.cfg 2016/01/02 v1.6 sample color configuration
)
Package color Info: Driver file: pdftex.def on input line 149.

(/usr/local/texlive/2026/texmf-dist/tex/latex/graphics/mathcolor.ltx))
(/usr/local/texlive/2026/texmf-dist/tex/latex/algorithms/algorithm.sty
Package: algorithm 2009/08/24 v0.1 Document Style `algorithm' - floating enviro
nment

(/usr/local/texlive/2026/texmf-dist/tex/latex/float/float.sty
Package: float 2001/11/08 v1.3d Float enhancements (AL)
\c@float@type=\count322
\float@exts=\toks41
\float@box=\box65
\@float@everytoks=\toks42
\@floatcapt=\box66
)
\@float@every@algorithm=\toks43
\c@algorithm=\count323
)
(/usr/local/texlive/2026/texmf-dist/tex/latex/algorithmicx/algpseudocode.sty
Package: algpseudocode 

(/usr/local/texlive/2026/texmf-dist/tex/latex/algorithmicx/algorithmicx.sty
Package: algorithmicx 2005/04/27 v1.2 Algorithmicx

Document Style algorithmicx 1.2 - a greatly improved `algorithmic' style
\c@ALG@line=\count324
\c@ALG@rem=\count325
\c@ALG@nested=\count326
\ALG@tlm=\skip72
\ALG@thistlm=\skip73
\c@ALG@Lnr=\count327
\c@ALG@blocknr=\count328
\c@ALG@storecount=\count329
\c@ALG@tmpcounter=\count330
\ALG@tmplength=\skip74
)
Document Style - pseudocode environments for use with the `algorithmicx' style
) (/usr/local/texlive/2026/texmf-dist/tex/latex/caption/subcaption.sty
Package: subcaption 2023/07/28 v1.6b Sub-captions (AR)

(/usr/local/texlive/2026/texmf-dist/tex/latex/caption/caption.sty
Package: caption 2023/08/05 v3.6o Customizing captions (AR)

(/usr/local/texlive/2026/texmf-dist/tex/latex/caption/caption3.sty
Package: caption3 2023/07/31 v2.4d caption3 kernel (AR)
\caption@tempdima=\dimen275
\captionmargin=\dimen276
\caption@leftmargin=\dimen277
\caption@rightmargin=\dimen278
\caption@width=\dimen279
\caption@indent=\dimen280
\caption@parindent=\dimen281
\caption@hangindent=\dimen282
Package caption Info: Standard document class detected.
)
\c@caption@flags=\count331
\c@continuedfloat=\count332
Package caption Info: float package is loaded.
Package caption Info: hyperref package is loaded.
Package caption Info: rotating package is loaded.
Package caption Info: supertabular package is loaded.
)
Package caption Info: New subtype `subfigure' on input line 238.
\c@subfigure=\count333
Package caption Info: New subtype `subtable' on input line 238.
\c@subtable=\count334
)
(/usr/local/texlive/2026/texmf-dist/tex/latex/pgfplots/pgfplots.sty
(/usr/local/texlive/2026/texmf-dist/tex/generic/pgfplots/pgfplots.revision.tex)
Package: pgfplots 2025/08/14 v1.18.2 Data Visualization (1.18.2)
(/usr/local/texlive/2026/texmf-dist/tex/latex/pgf/frontendlayer/tikz.sty
(/usr/local/texlive/2026/texmf-dist/tex/latex/pgf/basiclayer/pgf.sty
(/usr/local/texlive/2026/texmf-dist/tex/latex/pgf/utilities/pgfrcs.sty
(/usr/local/texlive/2026/texmf-dist/tex/generic/pgf/utilities/pgfutil-common.te
x
\pgfutil@everybye=\toks44
\pgfutil@tempdima=\dimen283
\pgfutil@tempdimb=\dimen284
)
(/usr/local/texlive/2026/texmf-dist/tex/generic/pgf/utilities/pgfutil-latex.def
\pgfutil@abb=\box67
) (/usr/local/texlive/2026/texmf-dist/tex/generic/pgf/utilities/pgfrcs.code.tex
(/usr/local/texlive/2026/texmf-dist/tex/generic/pgf/pgf.revision.tex)
Package: pgfrcs 2025-08-29 v3.1.11a (3.1.11a)
))
Package: pgf 2025-08-29 v3.1.11a (3.1.11a)

(/usr/local/texlive/2026/texmf-dist/tex/latex/pgf/basiclayer/pgfcore.sty
(/usr/local/texlive/2026/texmf-dist/tex/latex/pgf/systemlayer/pgfsys.sty
(/usr/local/texlive/2026/texmf-dist/tex/generic/pgf/systemlayer/pgfsys.code.tex
Package: pgfsys 2025-08-29 v3.1.11a (3.1.11a)
(/usr/local/texlive/2026/texmf-dist/tex/generic/pgf/utilities/pgfkeys.code.tex
\pgfkeys@pathtoks=\toks45
\pgfkeys@temptoks=\toks46

(/usr/local/texlive/2026/texmf-dist/tex/generic/pgf/utilities/pgfkeyslibraryfil
tered.code.tex
\pgfkeys@tmptoks=\toks47
))
\pgf@x=\dimen285
\pgf@y=\dimen286
\pgf@xa=\dimen287
\pgf@ya=\dimen288
\pgf@xb=\dimen289
\pgf@yb=\dimen290
\pgf@xc=\dimen291
\pgf@yc=\dimen292
\pgf@xd=\dimen293
\pgf@yd=\dimen294
\w@pgf@writea=\write3
\r@pgf@reada=\read2
\c@pgf@counta=\count335
\c@pgf@countb=\count336
\c@pgf@countc=\count337
\c@pgf@countd=\count338
\t@pgf@toka=\toks48
\t@pgf@tokb=\toks49
\t@pgf@tokc=\toks50
\pgf@sys@id@count=\count339

(/usr/local/texlive/2026/texmf-dist/tex/generic/pgf/systemlayer/pgf.cfg
File: pgf.cfg 2025-08-29 v3.1.11a (3.1.11a)
)
Driver file for pgf: pgfsys-pdftex.def

(/usr/local/texlive/2026/texmf-dist/tex/generic/pgf/systemlayer/pgfsys-pdftex.d
ef
File: pgfsys-pdftex.def 2025-08-29 v3.1.11a (3.1.11a)

(/usr/local/texlive/2026/texmf-dist/tex/generic/pgf/systemlayer/pgfsys-common-p
df.def
File: pgfsys-common-pdf.def 2025-08-29 v3.1.11a (3.1.11a)
)))
(/usr/local/texlive/2026/texmf-dist/tex/generic/pgf/systemlayer/pgfsyssoftpath.
code.tex
File: pgfsyssoftpath.code.tex 2025-08-29 v3.1.11a (3.1.11a)
\pgfsyssoftpath@smallbuffer@items=\count340
\pgfsyssoftpath@bigbuffer@items=\count341
)
(/usr/local/texlive/2026/texmf-dist/tex/generic/pgf/systemlayer/pgfsysprotocol.
code.tex
File: pgfsysprotocol.code.tex 2025-08-29 v3.1.11a (3.1.11a)
)) (/usr/local/texlive/2026/texmf-dist/tex/latex/xcolor/xcolor.sty
Package: xcolor 2024/09/29 v3.02 LaTeX color extensions (UK)

(/usr/local/texlive/2026/texmf-dist/tex/latex/graphics-cfg/color.cfg
File: color.cfg 2016/01/02 v1.6 sample color configuration
)
Package xcolor Info: Driver file: pdftex.def on input line 274.
LaTeX Info: Redefining \color on input line 762.

(/usr/local/texlive/2026/texmf-dist/tex/latex/graphics/mathcolor.ltx)
Package xcolor Info: Model `cmy' substituted by `cmy0' on input line 1349.
Package xcolor Info: Model `hsb' substituted by `rgb' on input line 1353.
Package xcolor Info: Model `RGB' extended on input line 1365.
Package xcolor Info: Model `HTML' substituted by `rgb' on input line 1367.
Package xcolor Info: Model `Hsb' substituted by `hsb' on input line 1368.
Package xcolor Info: Model `tHsb' substituted by `hsb' on input line 1369.
Package xcolor Info: Model `HSB' substituted by `hsb' on input line 1370.
Package xcolor Info: Model `Gray' substituted by `gray' on input line 1371.
Package xcolor Info: Model `wave' substituted by `hsb' on input line 1372.
)
(/usr/local/texlive/2026/texmf-dist/tex/generic/pgf/basiclayer/pgfcore.code.tex
Package: pgfcore 2025-08-29 v3.1.11a (3.1.11a)
(/usr/local/texlive/2026/texmf-dist/tex/generic/pgf/math/pgfmath.code.tex
(/usr/local/texlive/2026/texmf-dist/tex/generic/pgf/math/pgfmathutil.code.tex)
(/usr/local/texlive/2026/texmf-dist/tex/generic/pgf/math/pgfmathparser.code.tex
\pgfmath@dimen=\dimen295
\pgfmath@count=\count342
\pgfmath@box=\box68
\pgfmath@toks=\toks51
\pgfmath@stack@operand=\toks52
\pgfmath@stack@operation=\toks53
)
(/usr/local/texlive/2026/texmf-dist/tex/generic/pgf/math/pgfmathfunctions.code.
tex)
(/usr/local/texlive/2026/texmf-dist/tex/generic/pgf/math/pgfmathfunctions.basic
.code.tex)
(/usr/local/texlive/2026/texmf-dist/tex/generic/pgf/math/pgfmathfunctions.trigo
nometric.code.tex)
(/usr/local/texlive/2026/texmf-dist/tex/generic/pgf/math/pgfmathfunctions.rando
m.code.tex)
(/usr/local/texlive/2026/texmf-dist/tex/generic/pgf/math/pgfmathfunctions.compa
rison.code.tex)
(/usr/local/texlive/2026/texmf-dist/tex/generic/pgf/math/pgfmathfunctions.base.
code.tex)
(/usr/local/texlive/2026/texmf-dist/tex/generic/pgf/math/pgfmathfunctions.round
.code.tex)
(/usr/local/texlive/2026/texmf-dist/tex/generic/pgf/math/pgfmathfunctions.misc.
code.tex)
(/usr/local/texlive/2026/texmf-dist/tex/generic/pgf/math/pgfmathfunctions.integ
erarithmetics.code.tex)
(/usr/local/texlive/2026/texmf-dist/tex/generic/pgf/math/pgfmathcalc.code.tex)
(/usr/local/texlive/2026/texmf-dist/tex/generic/pgf/math/pgfmathfloat.code.tex
\c@pgfmathroundto@lastzeros=\count343
)) (/usr/local/texlive/2026/texmf-dist/tex/generic/pgf/math/pgfint.code.tex)
(/usr/local/texlive/2026/texmf-dist/tex/generic/pgf/basiclayer/pgfcorepoints.co
de.tex
File: pgfcorepoints.code.tex 2025-08-29 v3.1.11a (3.1.11a)
\pgf@picminx=\dimen296
\pgf@picmaxx=\dimen297
\pgf@picminy=\dimen298
\pgf@picmaxy=\dimen299
\pgf@pathminx=\dimen300
\pgf@pathmaxx=\dimen301
\pgf@pathminy=\dimen302
\pgf@pathmaxy=\dimen303
\pgf@xx=\dimen304
\pgf@xy=\dimen305
\pgf@yx=\dimen306
\pgf@yy=\dimen307
\pgf@zx=\dimen308
\pgf@zy=\dimen309
)
(/usr/local/texlive/2026/texmf-dist/tex/generic/pgf/basiclayer/pgfcorepathconst
ruct.code.tex
File: pgfcorepathconstruct.code.tex 2025-08-29 v3.1.11a (3.1.11a)
\pgf@path@lastx=\dimen310
\pgf@path@lasty=\dimen311
)
(/usr/local/texlive/2026/texmf-dist/tex/generic/pgf/basiclayer/pgfcorepathusage
.code.tex
File: pgfcorepathusage.code.tex 2025-08-29 v3.1.11a (3.1.11a)
\pgf@shorten@end@additional=\dimen312
\pgf@shorten@start@additional=\dimen313
)
(/usr/local/texlive/2026/texmf-dist/tex/generic/pgf/basiclayer/pgfcorescopes.co
de.tex
File: pgfcorescopes.code.tex 2025-08-29 v3.1.11a (3.1.11a)
\pgfpic=\box69
\pgf@hbox=\box70
\pgf@layerbox@main=\box71
\pgf@picture@serial@count=\count344
)
(/usr/local/texlive/2026/texmf-dist/tex/generic/pgf/basiclayer/pgfcoregraphicst
ate.code.tex
File: pgfcoregraphicstate.code.tex 2025-08-29 v3.1.11a (3.1.11a)
\pgflinewidth=\dimen314
)
(/usr/local/texlive/2026/texmf-dist/tex/generic/pgf/basiclayer/pgfcoretransform
ations.code.tex
File: pgfcoretransformations.code.tex 2025-08-29 v3.1.11a (3.1.11a)
\pgf@pt@x=\dimen315
\pgf@pt@y=\dimen316
\pgf@pt@temp=\dimen317
)
(/usr/local/texlive/2026/texmf-dist/tex/generic/pgf/basiclayer/pgfcorequick.cod
e.tex
File: pgfcorequick.code.tex 2025-08-29 v3.1.11a (3.1.11a)
)
(/usr/local/texlive/2026/texmf-dist/tex/generic/pgf/basiclayer/pgfcoreobjects.c
ode.tex
File: pgfcoreobjects.code.tex 2025-08-29 v3.1.11a (3.1.11a)
)
(/usr/local/texlive/2026/texmf-dist/tex/generic/pgf/basiclayer/pgfcorepathproce
ssing.code.tex
File: pgfcorepathprocessing.code.tex 2025-08-29 v3.1.11a (3.1.11a)
)
(/usr/local/texlive/2026/texmf-dist/tex/generic/pgf/basiclayer/pgfcorearrows.co
de.tex
File: pgfcorearrows.code.tex 2025-08-29 v3.1.11a (3.1.11a)
\pgfarrowsep=\dimen318
)
(/usr/local/texlive/2026/texmf-dist/tex/generic/pgf/basiclayer/pgfcoreshade.cod
e.tex
File: pgfcoreshade.code.tex 2025-08-29 v3.1.11a (3.1.11a)
\pgf@max=\dimen319
\pgf@sys@shading@range@num=\count345
\pgf@shadingcount=\count346
)
(/usr/local/texlive/2026/texmf-dist/tex/generic/pgf/basiclayer/pgfcoreimage.cod
e.tex
File: pgfcoreimage.code.tex 2025-08-29 v3.1.11a (3.1.11a)
)
(/usr/local/texlive/2026/texmf-dist/tex/generic/pgf/basiclayer/pgfcoreexternal.
code.tex
File: pgfcoreexternal.code.tex 2025-08-29 v3.1.11a (3.1.11a)
\pgfexternal@startupbox=\box72
)
(/usr/local/texlive/2026/texmf-dist/tex/generic/pgf/basiclayer/pgfcorelayers.co
de.tex
File: pgfcorelayers.code.tex 2025-08-29 v3.1.11a (3.1.11a)
)
(/usr/local/texlive/2026/texmf-dist/tex/generic/pgf/basiclayer/pgfcoretranspare
ncy.code.tex
File: pgfcoretransparency.code.tex 2025-08-29 v3.1.11a (3.1.11a)
)
(/usr/local/texlive/2026/texmf-dist/tex/generic/pgf/basiclayer/pgfcorepatterns.
code.tex
File: pgfcorepatterns.code.tex 2025-08-29 v3.1.11a (3.1.11a)
)
(/usr/local/texlive/2026/texmf-dist/tex/generic/pgf/basiclayer/pgfcorerdf.code.
tex
File: pgfcorerdf.code.tex 2025-08-29 v3.1.11a (3.1.11a)
)))
(/usr/local/texlive/2026/texmf-dist/tex/generic/pgf/modules/pgfmoduleshapes.cod
e.tex
File: pgfmoduleshapes.code.tex 2025-08-29 v3.1.11a (3.1.11a)
\pgfnodeparttextbox=\box73
)
(/usr/local/texlive/2026/texmf-dist/tex/generic/pgf/modules/pgfmoduleplot.code.
tex
File: pgfmoduleplot.code.tex 2025-08-29 v3.1.11a (3.1.11a)
)
(/usr/local/texlive/2026/texmf-dist/tex/latex/pgf/compatibility/pgfcomp-version
-0-65.sty
Package: pgfcomp-version-0-65 2025-08-29 v3.1.11a (3.1.11a)
\pgf@nodesepstart=\dimen320
\pgf@nodesepend=\dimen321
)
(/usr/local/texlive/2026/texmf-dist/tex/latex/pgf/compatibility/pgfcomp-version
-1-18.sty
Package: pgfcomp-version-1-18 2025-08-29 v3.1.11a (3.1.11a)
))
(/usr/local/texlive/2026/texmf-dist/tex/latex/pgf/utilities/pgffor.sty
(/usr/local/texlive/2026/texmf-dist/tex/latex/pgf/utilities/pgfkeys.sty
(/usr/local/texlive/2026/texmf-dist/tex/generic/pgf/utilities/pgfkeys.code.tex)
) (/usr/local/texlive/2026/texmf-dist/tex/latex/pgf/math/pgfmath.sty
(/usr/local/texlive/2026/texmf-dist/tex/generic/pgf/math/pgfmath.code.tex))
(/usr/local/texlive/2026/texmf-dist/tex/generic/pgf/utilities/pgffor.code.tex
Package: pgffor 2025-08-29 v3.1.11a (3.1.11a)
\pgffor@iter=\dimen322
\pgffor@skip=\dimen323
\pgffor@stack=\toks54
\pgffor@toks=\toks55
))
(/usr/local/texlive/2026/texmf-dist/tex/generic/pgf/frontendlayer/tikz/tikz.cod
e.tex
Package: tikz 2025-08-29 v3.1.11a (3.1.11a)

(/usr/local/texlive/2026/texmf-dist/tex/generic/pgf/libraries/pgflibraryplothan
dlers.code.tex
File: pgflibraryplothandlers.code.tex 2025-08-29 v3.1.11a (3.1.11a)
\pgf@plot@mark@count=\count347
\pgfplotmarksize=\dimen324
)
\tikz@lastx=\dimen325
\tikz@lasty=\dimen326
\tikz@lastxsaved=\dimen327
\tikz@lastysaved=\dimen328
\tikz@lastmovetox=\dimen329
\tikz@lastmovetoy=\dimen330
\tikzleveldistance=\dimen331
\tikzsiblingdistance=\dimen332
\tikz@figbox=\box74
\tikz@figbox@bg=\box75
\tikz@tempbox=\box76
\tikz@tempbox@bg=\box77
\tikztreelevel=\count348
\tikznumberofchildren=\count349
\tikznumberofcurrentchild=\count350
\tikz@fig@count=\count351

(/usr/local/texlive/2026/texmf-dist/tex/generic/pgf/modules/pgfmodulematrix.cod
e.tex
File: pgfmodulematrix.code.tex 2025-08-29 v3.1.11a (3.1.11a)
\pgfmatrixcurrentrow=\count352
\pgfmatrixcurrentcolumn=\count353
\pgf@matrix@numberofcolumns=\count354
)
\tikz@expandcount=\count355

(/usr/local/texlive/2026/texmf-dist/tex/generic/pgf/frontendlayer/tikz/librarie
s/tikzlibrarytopaths.code.tex
File: tikzlibrarytopaths.code.tex 2025-08-29 v3.1.11a (3.1.11a)
)))
(/usr/local/texlive/2026/texmf-dist/tex/generic/pgfplots/pgfplots.code.tex
(/usr/local/texlive/2026/texmf-dist/tex/generic/pgfplots/pgfplotscore.code.tex
\t@pgfplots@toka=\toks56
\t@pgfplots@tokb=\toks57
\t@pgfplots@tokc=\toks58
\pgfplots@tmpa=\dimen333
\c@pgfplots@coordindex=\count356
\c@pgfplots@scanlineindex=\count357

(/usr/local/texlive/2026/texmf-dist/tex/generic/pgfplots/sys/pgfplotssysgeneric
.code.tex))
(/usr/local/texlive/2026/texmf-dist/tex/generic/pgfplots/libs/pgfplotslibrary.c
ode.tex)
(/usr/local/texlive/2026/texmf-dist/tex/generic/pgfplots/oldpgfcompatib/pgfplot
soldpgfsupp_loader.code.tex
(/usr/local/texlive/2026/texmf-dist/tex/generic/pgf/libraries/pgflibraryfpu.cod
e.tex)
(/usr/local/texlive/2026/texmf-dist/tex/generic/pgfplots/oldpgfcompatib/pgfplot
soldpgfsupp_pgfutil-common-lists.tex))
(/usr/local/texlive/2026/texmf-dist/tex/generic/pgfplots/util/pgfplotsutil.code
.tex
(/usr/local/texlive/2026/texmf-dist/tex/generic/pgfplots/liststructure/pgfplots
liststructure.code.tex)
(/usr/local/texlive/2026/texmf-dist/tex/generic/pgfplots/liststructure/pgfplots
liststructureext.code.tex)
(/usr/local/texlive/2026/texmf-dist/tex/generic/pgfplots/liststructure/pgfplots
array.code.tex
\c@pgfplotsarray@tmp=\count358
)
(/usr/local/texlive/2026/texmf-dist/tex/generic/pgfplots/liststructure/pgfplots
matrix.code.tex)
(/usr/local/texlive/2026/texmf-dist/tex/generic/pgfplots/numtable/pgfplotstable
shared.code.tex
\c@pgfplotstable@counta=\count359
\t@pgfplotstable@a=\toks59
)
(/usr/local/texlive/2026/texmf-dist/tex/generic/pgfplots/liststructure/pgfplots
deque.code.tex)
(/usr/local/texlive/2026/texmf-dist/tex/generic/pgfplots/util/pgfplotsbinary.co
de.tex
(/usr/local/texlive/2026/texmf-dist/tex/generic/pgfplots/util/pgfplotsbinary.da
ta.code.tex))
(/usr/local/texlive/2026/texmf-dist/tex/generic/pgfplots/util/pgfplotsutil.verb
.code.tex)
(/usr/local/texlive/2026/texmf-dist/tex/generic/pgfplots/libs/pgflibrarypgfplot
s.surfshading.code.tex
\c@pgfplotslibrarysurf@no=\count360

(/usr/local/texlive/2026/texmf-dist/tex/generic/pgfplots/sys/pgflibrarypgfplots
.surfshading.pgfsys-pdftex.def)))
(/usr/local/texlive/2026/texmf-dist/tex/generic/pgfplots/util/pgfplotscolormap.
code.tex
(/usr/local/texlive/2026/texmf-dist/tex/generic/pgfplots/util/pgfplotscolor.cod
e.tex))
(/usr/local/texlive/2026/texmf-dist/tex/generic/pgfplots/pgfplotsstackedplots.c
ode.tex)
(/usr/local/texlive/2026/texmf-dist/tex/generic/pgfplots/pgfplotsplothandlers.c
ode.tex
(/usr/local/texlive/2026/texmf-dist/tex/generic/pgfplots/pgfplotsmeshplothandle
r.code.tex
(/usr/local/texlive/2026/texmf-dist/tex/generic/pgfplots/pgfplotsmeshplotimage.
code.tex)))
(/usr/local/texlive/2026/texmf-dist/tex/generic/pgfplots/pgfplots.scaling.code.
tex)
(/usr/local/texlive/2026/texmf-dist/tex/generic/pgfplots/pgfplotscoordprocessin
g.code.tex)
(/usr/local/texlive/2026/texmf-dist/tex/generic/pgfplots/pgfplots.errorbars.cod
e.tex)
(/usr/local/texlive/2026/texmf-dist/tex/generic/pgfplots/pgfplots.markers.code.
tex)
(/usr/local/texlive/2026/texmf-dist/tex/generic/pgfplots/pgfplotsticks.code.tex
)
(/usr/local/texlive/2026/texmf-dist/tex/generic/pgfplots/pgfplots.paths.code.te
x)
(/usr/local/texlive/2026/texmf-dist/tex/generic/pgf/frontendlayer/tikz/librarie
s/tikzlibrarydecorations.code.tex
(/usr/local/texlive/2026/texmf-dist/tex/generic/pgf/modules/pgfmoduledecoration
s.code.tex
\pgfdecoratedcompleteddistance=\dimen334
\pgfdecoratedremainingdistance=\dimen335
\pgfdecoratedinputsegmentcompleteddistance=\dimen336
\pgfdecoratedinputsegmentremainingdistance=\dimen337
\pgf@decorate@distancetomove=\dimen338
\pgf@decorate@repeatstate=\count361
\pgfdecorationsegmentamplitude=\dimen339
\pgfdecorationsegmentlength=\dimen340
)
\tikz@lib@dec@box=\box78
)
(/usr/local/texlive/2026/texmf-dist/tex/generic/pgf/frontendlayer/tikz/librarie
s/tikzlibrarydecorations.pathmorphing.code.tex
(/usr/local/texlive/2026/texmf-dist/tex/generic/pgf/libraries/decorations/pgfli
brarydecorations.pathmorphing.code.tex))
(/usr/local/texlive/2026/texmf-dist/tex/generic/pgf/frontendlayer/tikz/librarie
s/tikzlibrarydecorations.pathreplacing.code.tex
(/usr/local/texlive/2026/texmf-dist/tex/generic/pgf/libraries/decorations/pgfli
brarydecorations.pathreplacing.code.tex))
(/usr/local/texlive/2026/texmf-dist/tex/generic/pgfplots/libs/tikzlibrarypgfplo
ts.contourlua.code.tex)
\pgfplots@numplots=\count362
\pgfplots@xmin@reg=\dimen341
\pgfplots@xmax@reg=\dimen342
\pgfplots@ymin@reg=\dimen343
\pgfplots@ymax@reg=\dimen344
\pgfplots@zmin@reg=\dimen345
\pgfplots@zmax@reg=\dimen346
)
(/usr/local/texlive/2026/texmf-dist/tex/generic/pgf/frontendlayer/tikz/librarie
s/tikzlibraryplotmarks.code.tex
File: tikzlibraryplotmarks.code.tex 2025-08-29 v3.1.11a (3.1.11a)

(/usr/local/texlive/2026/texmf-dist/tex/generic/pgf/libraries/pgflibraryplotmar
ks.code.tex
File: pgflibraryplotmarks.code.tex 2025-08-29 v3.1.11a (3.1.11a)
)))
(/usr/local/texlive/2026/texmf-dist/tex/latex/relsize/relsize.sty
Package: relsize 2013/03/29 ver 4.1
)
(/usr/local/texlive/2026/texmf-dist/tex/latex/enumitem/enumitem.sty
Package: enumitem 2025/02/06 v3.11 Customized lists
\labelindent=\skip75
\enit@outerparindent=\dimen347
\enit@toks=\toks60
\enit@inbox=\box79
\enit@count@id=\count363
\enitdp@description=\count364
)
(/usr/local/texlive/2026/texmf-dist/tex/latex/fancyhdr/fancyhdr.sty
Package: fancyhdr 2025/02/07 v5.2 Extensive control of page headers and footers

\f@nch@headwidth=\skip76
\f@nch@offset@elh=\skip77
\f@nch@offset@erh=\skip78
\f@nch@offset@olh=\skip79
\f@nch@offset@orh=\skip80
\f@nch@offset@elf=\skip81
\f@nch@offset@erf=\skip82
\f@nch@offset@olf=\skip83
\f@nch@offset@orf=\skip84
\f@nch@height=\skip85
\f@nch@footalignment=\skip86
\f@nch@widthL=\skip87
\f@nch@widthC=\skip88
\f@nch@widthR=\skip89
\@temptokenb=\toks61
)
(/usr/local/texlive/2026/texmf-dist/tex/latex/base/alltt.sty
Package: alltt 2024/07/07 v2.0g defines alltt environment
)
(/usr/local/texlive/2026/texmf-dist/tex/generic/soul/soul.sty
Package: soul 2026-03-06 v3.2 Permit use of UTF-8 characters in soul (HO)

(/usr/local/texlive/2026/texmf-dist/tex/generic/soul/soul-ori.sty
Package: soul-ori 2026-03-06 v3.2 letterspacing/underlining (mf)
\SOUL@word=\toks62
\SOUL@lasttoken=\toks63
\SOUL@syllable=\toks64
\SOUL@cmds=\toks65
\SOUL@buffer=\toks66
\SOUL@token=\toks67
\SOUL@syllgoal=\dimen348
\SOUL@syllwidth=\dimen349
\SOUL@charkern=\dimen350
\SOUL@hyphkern=\dimen351
\SOUL@dimen=\dimen352
\SOUL@dimeni=\dimen353
\SOUL@minus=\count365
\SOUL@comma=\count366
\SOUL@apo=\count367
\SOUL@grave=\count368
\SOUL@spaceskip=\skip90
\SOUL@ttwidth=\dimen354
\SOUL@uldp=\dimen355
\SOUL@ulht=\dimen356
)
(/usr/local/texlive/2026/texmf-dist/tex/generic/etexcmds/etexcmds.sty
Package: etexcmds 2019/12/15 v1.7 Avoid name clashes with e-TeX commands (HO)
))
(/usr/local/texlive/2026/texmf-dist/tex/latex/fancyvrb/fancyvrb.sty
Package: fancyvrb 2025/07/28 4.6 verbatim text (tvz,hv)
\FV@CodeLineNo=\count369
\FV@InFile=\read3
\FV@TabBox=\box80
\c@FancyVerbLine=\count370
\FV@StepNumber=\count371
\FV@OutFile=\write4
)
(/usr/local/texlive/2026/texmf-dist/tex/latex/tools/multicol.sty
Package: multicol 2025/10/21 v2.0b multicolumn formatting (FMi)
\c@tracingmulticols=\count372
\mult@box=\box81
\multicol@leftmargin=\dimen357
\c@unbalance=\count373
\c@collectmore=\count374
\doublecol@number=\count375
\multicoltolerance=\count376
\multicolpretolerance=\count377
\full@width=\dimen358
\page@free=\dimen359
\premulticols=\dimen360
\postmulticols=\dimen361
\multicolsep=\skip91
\multicolbaselineskip=\skip92
\partial@page=\box82
\last@line=\box83
\mc@boxedresult=\box84
\maxbalancingoverflow=\dimen362
\mult@rightbox=\box85
\mult@grightbox=\box86
\mult@firstbox=\box87
\mult@gfirstbox=\box88
\@tempa=\box89
\@tempa=\box90
\@tempa=\box91
\@tempa=\box92
\@tempa=\box93
\@tempa=\box94
\@tempa=\box95
\@tempa=\box96
\@tempa=\box97
\@tempa=\box98
\@tempa=\box99
\@tempa=\box100
\@tempa=\box101
\@tempa=\box102
\@tempa=\box103
\@tempa=\box104
\@tempa=\box105
\@tempa=\box106
\@tempa=\box107
\@tempa=\box108
\@tempa=\box109
\@tempa=\box110
\@tempa=\box111
\@tempa=\box112
\@tempa=\box113
\@tempa=\box114
\@tempa=\box115
\@tempa=\box116
\@tempa=\box117
\@tempa=\box118
\@tempa=\box119
\@tempa=\box120
\@tempa=\box121
\@tempa=\box122
\@tempa=\box123
\@tempa=\box124
\c@minrows=\count378
\c@columnbadness=\count379
\c@finalcolumnbadness=\count380
\last@try=\dimen363
\multicolovershoot=\dimen364
\multicolundershoot=\dimen365
\mult@nat@firstbox=\box125
\colbreak@box=\box126
\mc@col@check@num=\count381
\g__mc_curr_col_int=\count382
)
(/usr/local/texlive/2026/texmf-dist/tex/latex/breakurl/breakurl.sty
Package: breakurl 2013/04/10 v1.40 Breakable hyperref URLs

(/usr/local/texlive/2026/texmf-dist/tex/generic/iftex/ifpdf.sty
Package: ifpdf 2019/10/25 v3.4 ifpdf legacy package. Use iftex instead.
)

Package breakurl Warning: You are using breakurl while processing via pdflatex.

(breakurl)                \burl will be just a synonym of \url.
(breakurl)                 on input line 48.

) (/usr/local/texlive/2026/texmf-dist/tex/latex/multirow/multirow.sty
Package: multirow 2024/11/12 v2.9 Span multiple rows of a table
\multirow@colwidth=\skip93
\multirow@cntb=\count383
\multirow@dima=\skip94
\bigstrutjot=\dimen366
)
(/usr/local/texlive/2026/texmf-dist/tex/latex/tcolorbox/tcolorbox.sty
Package: tcolorbox 2025/11/28 version 6.9.0 text color boxes

(/usr/local/texlive/2026/texmf-dist/tex/latex/tools/verbatim.sty
Package: verbatim 2024-01-22 v1.5x LaTeX2e package for verbatim enhancements
\every@verbatim=\toks68
\verbatim@line=\toks69
\verbatim@in@stream=\read4
)
(/usr/local/texlive/2026/texmf-dist/tex/latex/environ/environ.sty
Package: environ 2014/05/04 v0.3 A new way to define environments

(/usr/local/texlive/2026/texmf-dist/tex/latex/trimspaces/trimspaces.sty
Package: trimspaces 2009/09/17 v1.1 Trim spaces around a token list
))
\tcb@titlebox=\box127
\tcb@upperbox=\box128
\tcb@lowerbox=\box129
\tcb@phantombox=\box130
\c@tcbbreakpart=\count384
\c@tcblayer=\count385
\c@tcolorbox@number=\count386
\l__tcobox_tmpa_box=\box131
\l__tcobox_tmpa_dim=\dimen367
\tcb@temp=\box132
\tcb@temp=\box133
\tcb@temp=\box134
\tcb@temp=\box135

(/usr/local/texlive/2026/texmf-dist/tex/latex/tcolorbox/tcbraster.code.tex
Library (tcolorbox): 'tcbraster.code.tex' version '6.9.0'
\c@tcbrastercolumn=\count387
\c@tcbrasterrow=\count388
\c@tcbrasternum=\count389
\c@tcbraster=\count390
) (/usr/local/texlive/2026/texmf-dist/tex/latex/tcolorbox/tcbskins.code.tex
Library (tcolorbox): 'tcbskins.code.tex' version '6.9.0'
(/usr/local/texlive/2026/texmf-dist/tex/latex/tikzfill/tikzfill.image.sty
Package: tikzfill.image 2023/08/08 v1.0.1 Image filling library for TikZ

(/usr/local/texlive/2026/texmf-dist/tex/latex/tikzfill/tikzfill-common.sty
Package: tikzfill-common 2023/08/08 v1.0.1 Auxiliary code for tikzfill
)
(/usr/local/texlive/2026/texmf-dist/tex/latex/tikzfill/tikzlibraryfill.image.co
de.tex
File: tikzlibraryfill.image.code.tex 2023/08/08 v1.0.1 Image filling library
\l__tikzfill_img_box=\box136
))
(/usr/local/texlive/2026/texmf-dist/tex/latex/tcolorbox/tcbskinsjigsaw.code.tex
Library (tcolorbox): 'tcbskinsjigsaw.code.tex' version '6.9.0'
))
(/usr/local/texlive/2026/texmf-dist/tex/latex/tcolorbox/tcbbreakable.code.tex
Library (tcolorbox): 'tcbbreakable.code.tex' version '6.9.0'
(/usr/local/texlive/2026/texmf-dist/tex/latex/pdfcol/pdfcol.sty
Package: pdfcol 2022-09-21 v1.7 Handle new color stacks for pdfTeX (HO)
)
Package pdfcol Info: New color stack `tcb@breakable' = 1 on input line 23.
\tcb@testbox=\box137
\tcb@totalupperbox=\box138
\tcb@totallowerbox=\box139
)
(/usr/local/texlive/2026/texmf-dist/tex/latex/tcolorbox/tcbhooks.code.tex
Library (tcolorbox): 'tcbhooks.code.tex' version '6.9.0'
) (/usr/local/texlive/2026/texmf-dist/tex/latex/tcolorbox/tcbtheorems.code.tex
Library (tcolorbox): 'tcbtheorems.code.tex' version '6.9.0'
) (/usr/local/texlive/2026/texmf-dist/tex/latex/tcolorbox/tcbfitting.code.tex
Library (tcolorbox): 'tcbfitting.code.tex' version '6.9.0'
\tcbfitdim=\dimen368
\tcb@lowerfitdim=\dimen369
\tcb@upperfitdim=\dimen370
\tcb@cur@hbadness=\count391
)
(/usr/local/texlive/2026/texmf-dist/tex/latex/tcolorbox/tcblistingsutf8.code.te
x
Library (tcolorbox): 'tcblistingsutf8.code.tex' version '6.9.0'
(/usr/local/texlive/2026/texmf-dist/tex/latex/tcolorbox/tcblistings.code.tex
Library (tcolorbox): 'tcblistings.code.tex' version '6.9.0'
(/usr/local/texlive/2026/texmf-dist/tex/latex/listings/listings.sty
\lst@mode=\count392
\lst@gtempboxa=\box140
\lst@token=\toks70
\lst@length=\count393
\lst@currlwidth=\dimen371
\lst@column=\count394
\lst@pos=\count395
\lst@lostspace=\dimen372
\lst@width=\dimen373
\lst@newlines=\count396
\lst@lineno=\count397
\lst@maxwidth=\dimen374

(/usr/local/texlive/2026/texmf-dist/tex/latex/listings/lstpatch.sty
File: lstpatch.sty 2025/11/14 1.11b (Carsten Heinz)
)
(/usr/local/texlive/2026/texmf-dist/tex/latex/listings/lstmisc.sty
File: lstmisc.sty 2025/11/14 1.11b (Carsten Heinz)
\c@lstnumber=\count398
\lst@skipnumbers=\count399
\lst@framebox=\box141
)
(/usr/local/texlive/2026/texmf-dist/tex/latex/listings/listings.cfg
File: listings.cfg 2025/11/14 1.11b listings configuration
))
Package: listings 2025/11/14 1.11b (Carsten Heinz)

==> First Aid for listings.sty no longer applied!
    Expected:
        2024/09/23 1.10c (Carsten Heinz)
    but found:
        2025/11/14 1.11b (Carsten Heinz)
    so I'm assuming it got fixed.

(/usr/local/texlive/2026/texmf-dist/tex/latex/tcolorbox/tcblistingscore.code.te
x
Library (tcolorbox): 'tcblistingscore.code.tex' version '6.9.0'
(/usr/local/texlive/2026/texmf-dist/tex/latex/tcolorbox/tcbprocessing.code.tex
Library (tcolorbox): 'tcbprocessing.code.tex' version '6.9.0'
)
\c@tcblisting=\count400
)) (/usr/local/texlive/2026/texmf-dist/tex/latex/listingsutf8/listingsutf8.sty
Package: listingsutf8 2019-12-10 v1.5 Allow UTF-8 in listings input (HO)
)) (/usr/local/texlive/2026/texmf-dist/tex/latex/tcolorbox/tcbexternal.code.tex
Library (tcolorbox): 'tcbexternal.code.tex' version '6.9.0'
) (/usr/local/texlive/2026/texmf-dist/tex/latex/tcolorbox/tcbmagazine.code.tex
Library (tcolorbox): 'tcbmagazine.code.tex' version '6.9.0'
) (/usr/local/texlive/2026/texmf-dist/tex/latex/tcolorbox/tcbvignette.code.tex
Library (tcolorbox): 'tcbvignette.code.tex' version '6.9.0'

(/usr/local/texlive/2026/texmf-dist/tex/generic/pgf/frontendlayer/tikz/librarie
s/tikzlibraryfadings.code.tex
File: tikzlibraryfadings.code.tex 2025-08-29 v3.1.11a (3.1.11a)

(/usr/local/texlive/2026/texmf-dist/tex/generic/pgf/libraries/pgflibraryfadings
.code.tex
File: pgflibraryfadings.code.tex 2025-08-29 v3.1.11a (3.1.11a)
)))
(/usr/local/texlive/2026/texmf-dist/tex/latex/tcolorbox/tcbposter.code.tex
Library (tcolorbox): 'tcbposter.code.tex' version '6.9.0'
)) (/usr/local/texlive/2026/texmf-dist/tex/latex/esvect/esvect.sty
Package: esvect 
\symesvector=\mathgroup9
)
(/usr/local/texlive/2026/texmf-dist/tex/generic/mathdots/mathdots.sty
Package: mathdots 2014/06/11 v0.9 Improve and add various macros for dots in ma
th.
\MDo@unit=\dimen375
\MDo@dotsbox=\box142
\MDoprekern=\muskip19
\MDopostkern=\muskip20
\MDodotkern=\muskip21
)
(/usr/local/texlive/2026/texmf-dist/tex/latex/psnfss/pifont.sty
Package: pifont 2020/03/25 PSNFSS-v9.3 Pi font support (SPQR) 
LaTeX Font Info:    Trying to load font information for U+pzd on input line 63.


(/usr/local/texlive/2026/texmf-dist/tex/latex/psnfss/upzd.fd
File: upzd.fd 2001/06/04 font definitions for U/pzd.
)
LaTeX Font Info:    Trying to load font information for U+psy on input line 64.


(/usr/local/texlive/2026/texmf-dist/tex/latex/psnfss/upsy.fd
File: upsy.fd 2001/06/04 font definitions for U/psy.
))
(/usr/local/texlive/2026/texmf-dist/tex/latex/booktabs/booktabs.sty
Package: booktabs 2020/01/12 v1.61803398 Publication quality tables
\heavyrulewidth=\dimen376
\lightrulewidth=\dimen377
\cmidrulewidth=\dimen378
\belowrulesep=\dimen379
\belowbottomsep=\dimen380
\aboverulesep=\dimen381
\abovetopsep=\dimen382
\cmidrulesep=\dimen383
\cmidrulekern=\dimen384
\defaultaddspace=\dimen385
\@cmidla=\count401
\@cmidlb=\count402
\@aboverulesep=\dimen386
\@belowrulesep=\dimen387
\@thisruleclass=\count403
\@lastruleclass=\count404
\@thisrulewidth=\dimen388
)
(/usr/local/texlive/2026/texmf-dist/tex/latex/arydshln/arydshln.sty
Package: arydshln 2019/02/21 v1.76 
\dashlinedash=\dimen389
\dashlinegap=\dimen390
\adl@box=\box143
\adl@height=\dimen391
\adl@heightsave=\dimen392
\adl@depth=\dimen393
\adl@depthsave=\dimen394
\adl@finaldepth=\dimen395
\adl@columns=\count405
\adl@ncol=\count406
\adl@currentcolumn=\count407
\adl@currentcolumnsave=\count408
\adl@totalheight=\count409
\adl@totalheightsave=\count410
\adl@dash=\count411
\adl@gap=\count412
\adl@cla=\count413
\adl@clb=\count414
\adl@everyvbox=\toks71
\adl@LTpagetotal=\dimen396
)
==> First Aid for arydshln.sty applied!
(/usr/local/texlive/2026/texmf-dist/tex/latex/ncctools/nccmath.sty
Package: nccmath 2006/01/20 v1.3 Additional Math Commands (NCC)
\NCC@fracrulewidth=\dimen397
)
(/usr/local/texlive/2026/texmf-dist/tex/latex/titling/titling.sty
Package: titling 2009/09/04 v2.1d maketitle typesetting
\thanksmarkwidth=\skip95
\thanksmargin=\skip96
\droptitle=\skip97
)
(/usr/local/texlive/2026/texmf-dist/tex/latex/tocloft/tocloft.sty
Package: tocloft 2017/08/31 v2.3i parameterised ToC, etc., typesetting
Package tocloft Info: The document has section divisions on input line 51.
\cftparskip=\skip98
\cftbeforetoctitleskip=\skip99
\cftaftertoctitleskip=\skip100
\cftbeforepartskip=\skip101
\cftpartnumwidth=\skip102
\cftpartindent=\skip103
\cftbeforesecskip=\skip104
\cftsecindent=\skip105
\cftsecnumwidth=\skip106
\cftbeforesubsecskip=\skip107
\cftsubsecindent=\skip108
\cftsubsecnumwidth=\skip109
\cftbeforesubsubsecskip=\skip110
\cftsubsubsecindent=\skip111
\cftsubsubsecnumwidth=\skip112
\cftbeforeparaskip=\skip113
\cftparaindent=\skip114
\cftparanumwidth=\skip115
\cftbeforesubparaskip=\skip116
\cftsubparaindent=\skip117
\cftsubparanumwidth=\skip118
\cftbeforeloftitleskip=\skip119
\cftafterloftitleskip=\skip120
\cftbeforefigskip=\skip121
\cftfigindent=\skip122
\cftfignumwidth=\skip123
\c@lofdepth=\count415
\c@lotdepth=\count416
\cftbeforelottitleskip=\skip124
\cftafterlottitleskip=\skip125
\cftbeforetabskip=\skip126
\cfttabindent=\skip127
\cfttabnumwidth=\skip128
)
(/usr/local/texlive/2026/texmf-dist/tex/latex/pdflscape/pdflscape.sty
Package: pdflscape 2025-06-23 v0.14 Display of landscape pages in PDF

(/usr/local/texlive/2026/texmf-dist/tex/latex/pdflscape/pdflscape-nometadata.st
y
Package: pdflscape-nometadata 2025-06-23 v0.14 Display of landscape pages in PD
F (HO)
 (/usr/local/texlive/2026/texmf-dist/tex/latex/graphics/lscape.sty
Package: lscape 2020/05/28 v3.02 Landscape Pages (DPC)
)
Package pdflscape Info: Auto-detected driver: pdftex on input line 81.
))
(/usr/local/texlive/2026/texmf-dist/tex/latex/savetrees/savetrees.sty
Package: savetrees 2016/04/13 v2.4 Pack as much text as possible onto each page


(/usr/local/texlive/2026/texmf-dist/tex/generic/iftex/ifluatex.sty
Package: ifluatex 2019/10/25 v1.5 ifluatex legacy package. Use iftex instead.
))
(/usr/local/texlive/2026/texmf-dist/tex/latex/microtype/microtype.sty
Package: microtype 2026/03/01 v3.2d Micro-typographical refinements (RS)
\MT@toks=\toks72
\MT@tempbox=\box144
\MT@count=\count417
LaTeX Info: Redefining \noprotrusionifhmode on input line 1084.
LaTeX Info: Redefining \leftprotrusion on input line 1085.
\MT@prot@toks=\toks73
LaTeX Info: Redefining \rightprotrusion on input line 1104.
LaTeX Info: Redefining \textls on input line 1449.
\MT@outer@kern=\dimen398
LaTeX Info: Redefining \microtypecontext on input line 2053.
LaTeX Info: Redefining \textmicrotypecontext on input line 2070.
\MT@listname@count=\count418

(/usr/local/texlive/2026/texmf-dist/tex/latex/microtype/microtype-pdftex.def
File: microtype-pdftex.def 2026/03/01 v3.2d Definitions specific to pdftex (RS)

LaTeX Info: Redefining \lsstyle on input line 944.
LaTeX Info: Redefining \lslig on input line 944.
\MT@outer@space=\skip129
)
Package microtype Info: Loading configuration file microtype.cfg.

(/usr/local/texlive/2026/texmf-dist/tex/latex/microtype/microtype.cfg
File: microtype.cfg 2026/03/01 v3.2d microtype main configuration file (RS)
)
LaTeX Info: Redefining \microtypesetup on input line 3065.
)
LaTeX Info: Redefining \bunderline on input line 116.

(/usr/local/texlive/2026/texmf-dist/tex/latex/stackengine/stackengine.sty
Package: stackengine 2021/07/22 v4.11\ Stacking text and objects in convenient 
ways

(/usr/local/texlive/2026/texmf-dist/tex/generic/listofitems/listofitems.sty
(/usr/local/texlive/2026/texmf-dist/tex/generic/listofitems/listofitems.tex
\loi_cnt_foreach_nest=\count419
\loi_nestcnt=\count420
)
Package: listofitems 2024/03/09 v1.65 Grab items in lists using user-specified 
sep char (CT)
)
\c@@stackindex=\count421
\@boxshift=\skip130
\stack@tmplength=\skip131
\temp@stkl=\skip132
\@stackedboxwidth=\skip133
\@addedbox=\box145
\@anchorbox=\box146
\@insetbox=\box147
\se@backgroundbox=\box148
\stackedbox=\box149
\@centerbox=\box150
\c@ROWcellindex@=\count422
)
(/usr/local/texlive/2026/texmf-dist/tex/generic/pdf-trans/pdf-trans.tex
\transbox=\box151
\transfactor=\count423
\trans:dim=\dimen399
\trans:dim:a=\dimen400
\trans:dim:b=\dimen401
\trans:dim:c=\dimen402
\trans:dim:d=\dimen403
\trans:count=\count424
\bp:dim@n=\dimen404
\floatprecision=\count425
)
\qbox=\box152

! Illegal parameter number in definition of \colsplithelp.
<to be read again> 
                   1
l.192 \def\colsplithelp{#1
                          }{#2}{#3}\relax{%
? 
! You can't use `macro parameter character #' in vertical mode.
l.192 \def\colsplithelp{#1}{#
                             2}{#3}\relax{%
? 
! You can't use `macro parameter character #' in horizontal mode.
l.192 \def\colsplithelp{#1}{#2}{#
                                 3}\relax{%
? 
! Undefined control sequence.
l.193   \edef\tmpB{\tmpB
                        #1#2}%
? 
! Illegal parameter number in definition of \tmpB.
<to be read again> 
                   1
l.193   \edef\tmpB{\tmpB#1
                          #2}%
? 
! Illegal parameter number in definition of \tmpB.
<to be read again> 
                   2
l.193   \edef\tmpB{\tmpB#1#2
                            }%
? 
! Missing = inserted for \ifnum.
<to be read again> 
                   1
l.194   \ifnum`#1
                 >`9\relax\def\tmpC{#3}\else\colsplithelp#3\relax\fi
? 
! You can't use `macro parameter character #' in horizontal mode.
\colsplithelp ->##
                  1
l.194 ...1>`9\relax\def\tmpC{#3}\else\colsplithelp
                                                  #3\relax\fi
? 
! You can't use `macro parameter character #' in horizontal mode.
l.194 ...>`9\relax\def\tmpC{#3}\else\colsplithelp#
                                                  3\relax\fi
? 
! You can't use `macro parameter character #' in horizontal mode.
\colsplithelp ->##
                  1
l.204 \bordercolor{black}
                         
? 
! Undefined control sequence.
\colsplit ...\tmpB }\else \edef \bordercol {\tmpC 
                                                  }\fi 
l.204 \bordercolor{black}
                         
? 
! You can't use `macro parameter character #' in horizontal mode.
\colsplithelp ->##
                  1
l.205 \fillcolor{white}
                       
? 
(/usr/local/texlive/2026/texmf-dist/tex/latex/lm/lmodern.sty
Package: lmodern 2015/05/01 v1.6.1 Latin Modern Fonts
LaTeX Font Info:    Overwriting symbol font `operators' in version `normal'
(Font)                  OT1/cmr/m/n --> OT1/lmr/m/n on input line 22.
LaTeX Font Info:    Overwriting symbol font `letters' in version `normal'
(Font)                  OML/cmm/m/it --> OML/lmm/m/it on input line 23.
LaTeX Font Info:    Overwriting symbol font `symbols' in version `normal'
(Font)                  OMS/cmsy/m/n --> OMS/lmsy/m/n on input line 24.
LaTeX Font Info:    Overwriting symbol font `largesymbols' in version `normal'
(Font)                  OMX/cmex/m/n --> OMX/lmex/m/n on input line 25.
LaTeX Font Info:    Overwriting symbol font `operators' in version `bold'
(Font)                  OT1/cmr/bx/n --> OT1/lmr/bx/n on input line 26.
LaTeX Font Info:    Overwriting symbol font `letters' in version `bold'
(Font)                  OML/cmm/b/it --> OML/lmm/b/it on input line 27.
LaTeX Font Info:    Overwriting symbol font `symbols' in version `bold'
(Font)                  OMS/cmsy/b/n --> OMS/lmsy/b/n on input line 28.
LaTeX Font Info:    Overwriting symbol font `largesymbols' in version `bold'
(Font)                  OMX/cmex/m/n --> OMX/lmex/m/n on input line 29.
LaTeX Font Info:    Overwriting math alphabet `\mathbf' in version `normal'
(Font)                  OT1/cmr/bx/n --> OT1/lmr/bx/n on input line 31.
LaTeX Font Info:    Overwriting math alphabet `\mathsf' in version `normal'
(Font)                  OT1/cmss/m/n --> OT1/lmss/m/n on input line 32.
LaTeX Font Info:    Overwriting math alphabet `\mathit' in version `normal'
(Font)                  OT1/cmr/m/it --> OT1/lmr/m/it on input line 33.
LaTeX Font Info:    Overwriting math alphabet `\mathtt' in version `normal'
(Font)                  OT1/cmtt/m/n --> OT1/lmtt/m/n on input line 34.
LaTeX Font Info:    Overwriting math alphabet `\mathbf' in version `bold'
(Font)                  OT1/cmr/bx/n --> OT1/lmr/bx/n on input line 35.
LaTeX Font Info:    Overwriting math alphabet `\mathsf' in version `bold'
(Font)                  OT1/cmss/bx/n --> OT1/lmss/bx/n on input line 36.
LaTeX Font Info:    Overwriting math alphabet `\mathit' in version `bold'
(Font)                  OT1/cmr/bx/it --> OT1/lmr/bx/it on input line 37.
LaTeX Font Info:    Overwriting math alphabet `\mathtt' in version `bold'
(Font)                  OT1/cmtt/m/n --> OT1/lmtt/m/n on input line 38.
)
(/usr/local/texlive/2026/texmf-dist/tex/latex/lipsum/lipsum.sty
(/usr/local/texlive/2026/texmf-dist/tex/latex/l3packages/l3keys2e/l3keys2e.sty
(/usr/local/texlive/2026/texmf-dist/tex/latex/l3kernel/expl3.sty
Package: expl3 2026-01-19 L3 programming layer (loader) 

(/usr/local/texlive/2026/texmf-dist/tex/latex/l3backend/l3backend-pdftex.def
File: l3backend-pdftex.def 2025-10-09 L3 backend support: PDF output (pdfTeX)
\l__color_backend_stack_int=\count426
))
Package: l3keys2e 2025-10-09 LaTeX2e option processing using LaTeX3 keys
)
Package: lipsum 2021-09-20 v2.7 150 paragraphs of Lorem Ipsum dummy text
\g__lipsum_par_int=\count427
\l__lipsum_a_int=\count428
\l__lipsum_b_int=\count429
(/usr/local/texlive/2026/texmf-dist/tex/latex/lipsum/lipsum.ltd.tex))
LaTeX Font Info:    Trying to load font information for OT1+lmr on input line 2
50.

(/usr/local/texlive/2026/texmf-dist/tex/latex/lm/ot1lmr.fd
File: ot1lmr.fd 2015/05/01 v1.6.1 Font defs for Latin Modern
)
No file 00-main.aux.
\openout1 = `00-main.aux'.

LaTeX Font Info:    Checking defaults for OML/cmm/m/it on input line 250.
LaTeX Font Info:    ... okay on input line 250.
LaTeX Font Info:    Checking defaults for OMS/cmsy/m/n on input line 250.
LaTeX Font Info:    ... okay on input line 250.
LaTeX Font Info:    Checking defaults for OT1/cmr/m/n on input line 250.
LaTeX Font Info:    ... okay on input line 250.
LaTeX Font Info:    Checking defaults for T1/cmr/m/n on input line 250.
LaTeX Font Info:    ... okay on input line 250.
LaTeX Font Info:    Checking defaults for TS1/cmr/m/n on input line 250.
LaTeX Font Info:    ... okay on input line 250.
LaTeX Font Info:    Checking defaults for OMX/cmex/m/n on input line 250.
LaTeX Font Info:    ... okay on input line 250.
LaTeX Font Info:    Checking defaults for U/cmr/m/n on input line 250.
LaTeX Font Info:    ... okay on input line 250.
LaTeX Font Info:    Checking defaults for PD1/pdf/m/n on input line 250.
LaTeX Font Info:    ... okay on input line 250.
LaTeX Font Info:    Checking defaults for PU/pdf/m/n on input line 250.
LaTeX Font Info:    ... okay on input line 250.
LaTeX Font Info:    Checking defaults for LUC/nanummj/m/n on input line 250.
LaTeX Font Info:    Trying to load font information for LUC+nanummj on input li
ne 250.
(/usr/local/texlive/2026/texmf-dist/tex/latex/nanumtype1/lucnanummj.fd
File: lucnanummj.fd 2013/02/12 v0.1 Nanum Myeongjo font definitions
)
LaTeX Font Info:    ... okay on input line 250.

(/usr/local/texlive/2026/texmf-dist/tex/context/base/mkii/supp-pdf.mkii
[Loading MPS to PDF converter (version 2006.09.02).]
\scratchcounter=\count430
\scratchdimen=\dimen405
\scratchbox=\box153
\nofMPsegments=\count431
\nofMParguments=\count432
\everyMPshowfont=\toks74
\MPscratchCnt=\count433
\MPscratchDim=\dimen406
\MPnumerator=\count434
\makeMPintoPDFobject=\count435
\everyMPtoPDFconversion=\toks75
) (/usr/local/texlive/2026/texmf-dist/tex/latex/epstopdf-pkg/epstopdf-base.sty
Package: epstopdf-base 2020-01-24 v2.11 Base part for package epstopdf
Package epstopdf-base Info: Redefining graphics rule for `.eps' on input line 4
85.

(/usr/local/texlive/2026/texmf-dist/tex/latex/latexconfig/epstopdf-sys.cfg
File: epstopdf-sys.cfg 2010/07/13 v1.3 Configuration of (r)epstopdf for TeX Liv
e
))
*geometry* driver: auto-detecting
*geometry* detected driver: pdftex
*geometry* verbose mode - [ preamble ] result:
* driver: pdftex
* paper: custom
* layout: <same size as paper>
* layoutoffset:(h,v)=(0.0pt,0.0pt)
* modes: 
* h-part:(L,W,R)=(28.45274pt, 557.38951pt, 28.45274pt)
* v-part:(T,H,B)=(28.45274pt, 738.0645pt, 28.45274pt)
* \paperwidth=614.295pt
* \paperheight=794.96999pt
* \textwidth=469.75502pt
* \textheight=620.43001pt
* \oddsidemargin=0.0pt
* \evensidemargin=0.0pt
* \topmargin=0.0pt
* \headheight=0.0pt
* \headsep=0.0pt
* \topskip=11.0pt
* \footskip=30.0pt
* \marginparwidth=59.0pt
* \marginparsep=10.0pt
* \columnsep=10.0pt
* \skip\footins=6.8pt
* \hoffset=0.0pt
* \voffset=0.0pt
* \mag=1000
* \@twocolumnfalse
* \@twosidefalse
* \@mparswitchfalse
* \@reversemarginfalse
* (1in=72.27pt=25.4mm, 1cm=28.453pt)

Package hyperref Info: Link coloring ON on input line 250.
\@outlinefile=\write5
\openout5 = `00-main.out'.

Package caption Info: Begin \AtBeginDocument code.
Package caption Info: listings package is loaded.
Package caption Info: End \AtBeginDocument code.

Package pgfplots Warning: running in backwards compatibility mode (unsuitable t
ick labels; missing features). Consider writing \pgfplotsset{compat=1.18} into 
your preamble.
 on input line 250.

\c@lstlisting=\count436
Package microtype Info: Patching varwidth to enable character protrusion.
\MT@vwid@leftmargin=\dimen407
\MT@vwid@rightmargin=\dimen408

Package microtype Warning: Command \pickup@font is not defined as expected.
(microtype)                Patching it anyway. Some things may break.
(microtype)                Double-check whether micro-typography is indeed
(microtype)                applied to the document.
(microtype)                (Hint: Turn on `verbose' mode).

LaTeX Info: Redefining \microtypecontext on input line 250.
Package microtype Info: Applying patch `item' on input line 250.
Package microtype Info: Applying patch `toc' on input line 250.
Package microtype Info: Applying patch `eqnum' on input line 250.
Package microtype Info: Applying patch `footnote' on input line 250.
Package microtype Info: Applying patch `verbatim' on input line 250.
LaTeX Info: Redefining \microtypesetup on input line 250.
Package microtype Info: Generating PDF output.
Package microtype Info: Character protrusion enabled (level 2).
Package microtype Info: Using default protrusion set `alltext'.
Package microtype Info: Automatic font expansion enabled (level 2),
(microtype)             stretch: 0, shrink: 50, step: 1, non-selected.
Package microtype Info: Using default expansion set `alltext-nott'.
Package microtype Info: Patching command `\showhyphens'.
Package microtype Info: No adjustment of tracking.
Package microtype Info: No adjustment of interword spacing.
Package microtype Info: No adjustment of character kerning.
(/usr/local/texlive/2026/texmf-dist/tex/latex/microtype/mt-cmr.cfg
File: mt-cmr.cfg 2013/05/19 v2.2 microtype config. file: Computer Modern Roman 
(RS)
) [1

{/usr/local/texlive/2026/texmf-var/fonts/map/pdftex/updmap/pdftex.map}]
LaTeX Font Info:    Trying to load font information for OML+lmm on input line 2
64.

(/usr/local/texlive/2026/texmf-dist/tex/latex/lm/omllmm.fd
File: omllmm.fd 2015/05/01 v1.6.1 Font defs for Latin Modern
)
LaTeX Font Info:    Trying to load font information for OMS+lmsy on input line 
264.

(/usr/local/texlive/2026/texmf-dist/tex/latex/lm/omslmsy.fd
File: omslmsy.fd 2015/05/01 v1.6.1 Font defs for Latin Modern
)
LaTeX Font Info:    Trying to load font information for OMX+lmex on input line 
264.

(/usr/local/texlive/2026/texmf-dist/tex/latex/lm/omxlmex.fd
File: omxlmex.fd 2015/05/01 v1.6.1 Font defs for Latin Modern
)
LaTeX Font Info:    External font `lmex10' loaded for size
(Font)              <12> on input line 264.
LaTeX Font Info:    External font `lmex10' loaded for size
(Font)              <8> on input line 264.
LaTeX Font Info:    External font `lmex10' loaded for size
(Font)              <6> on input line 264.
LaTeX Font Info:    Trying to load font information for U+msa on input line 264
.

(/usr/local/texlive/2026/texmf-dist/tex/latex/amsfonts/umsa.fd
File: umsa.fd 2013/01/14 v3.01 AMS symbols A
)
(/usr/local/texlive/2026/texmf-dist/tex/latex/microtype/mt-msa.cfg
File: mt-msa.cfg 2006/02/04 v1.1 microtype config. file: AMS symbols (a) (RS)
)
LaTeX Font Info:    Trying to load font information for U+msb on input line 264
.

(/usr/local/texlive/2026/texmf-dist/tex/latex/amsfonts/umsb.fd
File: umsb.fd 2013/01/14 v3.01 AMS symbols B
)
(/usr/local/texlive/2026/texmf-dist/tex/latex/microtype/mt-msb.cfg
File: mt-msb.cfg 2005/06/01 v1.0 microtype config. file: AMS symbols (b) (RS)
)
LaTeX Font Info:    Trying to load font information for U+esvect on input line 
264.

(/usr/local/texlive/2026/texmf-dist/tex/latex/esvect/uesvect.fd
File: uesvect.fd 
)
LaTeX Font Info:    Trying to load font information for TS1+lmr on input line 2
64.

(/usr/local/texlive/2026/texmf-dist/tex/latex/lm/ts1lmr.fd
File: ts1lmr.fd 2015/05/01 v1.6.1 Font defs for Latin Modern
)
LaTeX Font Info:    External font `lmex10' loaded for size
(Font)              <10> on input line 264.
LaTeX Font Info:    External font `lmex10' loaded for size
(Font)              <7> on input line 264.
LaTeX Font Info:    External font `lmex10' loaded for size
(Font)              <5> on input line 264.
 [2{/usr/local/texlive/2026/texmf-dist/fonts/enc/dvips/lm/lm-rm.enc}{/usr/local
/texlive/2026/texmf-dist/fonts/enc/dvips/lm/lm-ts1.enc}]
LaTeX Font Info:    External font `lmex10' loaded for size
(Font)              <10.95> on input line 281.


LaTeX Warning: Reference `part:basic-math' on page 1 undefined on input line 28
4.


LaTeX Warning: Reference `part:basic-math' on page 1 undefined on input line 28
4.


LaTeX Warning: Reference `part:pqc' on page 1 undefined on input line 286.


LaTeX Warning: Reference `part:pqc' on page 1 undefined on input line 286.


LaTeX Warning: Reference `part:generic-fhe' on page 1 undefined on input line 2
88.


LaTeX Warning: Reference `part:generic-fhe' on page 1 undefined on input line 2
88.


LaTeX Warning: Reference `part:fhe-schemes' on page 1 undefined on input line 2
91.


LaTeX Warning: Reference `part:fhe-schemes' on page 1 undefined on input line 2
91.

LaTeX Font Info:    Trying to load font information for OT1+lmtt on input line 
300.
(/usr/local/texlive/2026/texmf-dist/tex/latex/lm/ot1lmtt.fd
File: ot1lmtt.fd 2015/05/01 v1.6.1 Font defs for Latin Modern
)
Package microtype Info: Loading generic protrusion settings for font family
(microtype)             `lmtt' (encoding: OT1).
(microtype)             For optimal results, create family-specific settings.
(microtype)             See the microtype manual for details.
 [1

{/usr/local/texlive/2026/texmf-dist/fonts/enc/dvips/lm/lm-rmtt.enc}] [2]
No file 00-main.toc.
\tf@toc=\write6
\openout6 = `00-main.toc'.

\c@proposition=\count437
[3] [4

]

LaTeX Font Warning: Font shape `OT1/lmr/bx/sc' undefined
(Font)              using `OT1/lmr/bx/n' instead on input line 371.

(./a01-modulo.tex

LaTeX Warning: Reference `subsec:modulo-overview' on page 5 undefined on input 
line 10.


LaTeX Warning: Reference `subsec:modulo-arithmetic' on page 5 undefined on inpu
t line 48.

[5

{/usr/local/texlive/2026/texmf-dist/fonts/enc/dvips/lm/lm-mathit.enc}{/usr/loca
l/texlive/2026/texmf-dist/fonts/enc/dvips/lm/lm-mathsy.enc}]

LaTeX Warning: Reference `subsec:modulo-arithmetic' on page 6 undefined on inpu
t line 109.


LaTeX Warning: Reference `subsec:modulo-arithmetic' on page 6 undefined on inpu
t line 112.


LaTeX Warning: Reference `subsec:modulo-arithmetic' on page 6 undefined on inpu
t line 135.


LaTeX Warning: Reference `subsec:modulo-arithmetic' on page 6 undefined on inpu
t line 135.


LaTeX Warning: Reference `subsec:modulo-inverse' on page 6 undefined on input l
ine 141.

[6]
LaTeX Font Info:    External font `lmex10' loaded for size
(Font)              <9> on input line 163.

Underfull \hbox (badness 2556) in paragraph at lines 163--163
[][][]\OT1/lmr/m/n/9 Here, we as-sume $\OML/lmm/m/it/9 q$ \OT1/lmr/m/n/9 is an 
even num-ber. In the case where $\OML/lmm/m/it/9 q$ \OT1/lmr/m/n/9 is an odd nu
m-ber, the residues are
 []


LaTeX Warning: Reference `subsec:modulo-arithmetic' on page 7 undefined on inpu
t line 165.

[7{/usr/local/texlive/2026/texmf-dist/fonts/enc/dvips/lm/lm-mathex.enc}]

LaTeX Warning: Reference `subsec:rns-fastbconvex' on page 8 undefined on input 
line 171.

LaTeX Font Info:    Trying to load font information for OT1+lmss on input line 
171.
(/usr/local/texlive/2026/texmf-dist/tex/latex/lm/ot1lmss.fd
File: ot1lmss.fd 2015/05/01 v1.6.1 Font defs for Latin Modern
)
Package microtype Info: Loading generic protrusion settings for font family
(microtype)             `lmss' (encoding: OT1).
(microtype)             For optimal results, create family-specific settings.
(microtype)             See the microtype manual for details.
) [8]
(./a02-group.tex

LaTeX Warning: Reference `subsec:group-def' on page 9 undefined on input line 8
.

[9

]) [10] (./a03-field.tex

LaTeX Warning: Citation `cyclotomic-polynomial' on page 11 undefined on input l
ine 2.


LaTeX Warning: Reference `subsec:field-def' on page 11 undefined on input line 
7.


LaTeX Warning: Reference `subsec:group-ex' on page 11 undefined on input line 2
0.


LaTeX Warning: Reference `subsec:group-ex' on page 11 undefined on input line 2
4.


LaTeX Warning: Reference `subsec:field-theorem' on page 11 undefined on input l
ine 41.

[11

]) [12] (./a04-order.tex

LaTeX Warning: Citation `cyclotomic-polynomial' on page 13 undefined on input l
ine 2.


LaTeX Warning: Reference `subsec:order-def' on page 13 undefined on input line 
7.


LaTeX Warning: Reference `subsec:field-def' on page 13 undefined on input line 
8.


LaTeX Warning: Reference `subsec:order-theorem' on page 13 undefined on input l
ine 16.


LaTeX Warning: Reference `subsec:order-theorem' on page 13 undefined on input l
ine 32.


LaTeX Warning: Reference `subsec:order-theorem' on page 13 undefined on input l
ine 43.


LaTeX Warning: Reference `subsec:order-theorem' on page 13 undefined on input l
ine 48.

[13

]

LaTeX Warning: Reference `subsec:order-theorem' on page 14 undefined on input l
ine 49.


LaTeX Warning: Reference `subsec:order-theorem' on page 14 undefined on input l
ine 53.

) [14] (./a05-polynomial-ring.tex

LaTeX Warning: Citation `polynomial-ring' on page 15 undefined on input line 2.



LaTeX Warning: Citation `polynomial-rings' on page 15 undefined on input line 5
.


LaTeX Warning: Reference `subsec:poly-ring-overview' on page 15 undefined on in
put line 15.

[15

] [16]

LaTeX Warning: Reference `subsubsec:poly-ring-ex' on page 17 undefined on input
 line 139.


LaTeX Warning: Reference `sec:roots' on page 17 undefined on input line 139.


LaTeX Warning: Reference `sec:cyclotomic-polynomial-integer-ring' on page 17 un
defined on input line 139.


LaTeX Warning: Reference `subsubsec:polynomial-ring-discuss' on page 17 undefin
ed on input line 141.


LaTeX Warning: Reference `tab:ring-comparison' on page 17 undefined on input li
ne 147.


LaTeX Warning: Reference `subsec:coeff-rotation' on page 17 undefined on input 
line 167.

[17]

LaTeX Warning: Reference `subsec:coeff-rotation' on page 18 undefined on input 
line 236.

[18]) [19] (./a06-decomp.tex

LaTeX Warning: Reference `fig:decomp' on page 20 undefined on input line 13.


LaTeX Warning: Reference `subsec:approx-decomp' on page 20 undefined on input l
ine 13.

<figures/decomp.pdf, id=234, 1322.9425pt x 176.66pt>
File: figures/decomp.pdf Graphic file (type pdf)
<use figures/decomp.pdf>
Package pdftex.def Info: figures/decomp.pdf  used on input line 18.
(pdftex.def)             Requested size: 375.80544pt x 50.18149pt.

LaTeX Warning: Reference `subsec:poly-decomp' on page 20 undefined on input lin
e 54.

[20

 <./figures/decomp.pdf>]

LaTeX Warning: Reference `subsec:tfhe-mult-cipher' on page 21 undefined on inpu
t line 114.

<figures/decomp3.pdf, id=294, 1322.9425pt x 176.66pt>
File: figures/decomp3.pdf Graphic file (type pdf)
<use figures/decomp3.pdf>
Package pdftex.def Info: figures/decomp3.pdf  used on input line 122.
(pdftex.def)             Requested size: 328.82707pt x 43.9088pt.

LaTeX Warning: `!h' float specifier changed to `!ht'.


LaTeX Warning: Reference `fig:decomp3' on page 21 undefined on input line 127.

[21]

LaTeX Warning: Reference `subsec:number-decomp' on page 22 undefined on input l
ine 141.


LaTeX Warning: Reference `subsec:number-decomp' on page 22 undefined on input l
ine 161.

) [22 <./figures/decomp3.pdf>] (./a07-roots-of-unity.tex

LaTeX Warning: Citation `cyclotomic-polynomial' on page 23 undefined on input l
ine 2.


LaTeX Warning: Reference `subsec:roots-def' on page 23 undefined on input line 
7.


LaTeX Warning: Reference `subsec:roots-theorem' on page 23 undefined on input l
ine 22.


LaTeX Warning: Reference `fig:complex-plane' on page 23 undefined on input line
 38.

<figures/euler-formula.png, id=360, 1204.5pt x 1204.5pt>
File: figures/euler-formula.png Graphic file (type png)
<use figures/euler-formula.png>
Package pdftex.def Info: figures/euler-formula.png  used on input line 44.
(pdftex.def)             Requested size: 187.89914pt x 187.89021pt.

LaTeX Warning: `!h' float specifier changed to `!ht'.


LaTeX Warning: Reference `subsec:roots-theorem' on page 23 undefined on input l
ine 50.


LaTeX Warning: Reference `subsec:order-theorem' on page 23 undefined on input l
ine 55.

[23

]

LaTeX Warning: Reference `subsec:roots-theorem' on page 24 undefined on input l
ine 63.


LaTeX Warning: Reference `subsec:order-theorem' on page 24 undefined on input l
ine 69.


LaTeX Warning: Reference `subsec:roots-theorem' on page 24 undefined on input l
ine 76.

[24 <./figures/euler-formula.png>]

LaTeX Warning: Reference `subsec:order-theorem' on page 25 undefined on input l
ine 82.


LaTeX Warning: Reference `subsec:roots-theorem' on page 25 undefined on input l
ine 87.


LaTeX Warning: Reference `subsec:order-theorem' on page 25 undefined on input l
ine 97.

) [25] (./a08-cyclotomic-polynomial.tex

LaTeX Warning: Citation `cyclotomic-polynomial' on page 26 undefined on input l
ine 2.


LaTeX Warning: Reference `subsec:cyclotomic-def' on page 26 undefined on input 
line 6.


LaTeX Warning: Reference `subsec:cyclotomic-theorem' on page 26 undefined on in
put line 48.


LaTeX Warning: Reference `subsec:cyclotomic-def' on page 26 undefined on input 
line 56.


LaTeX Warning: Reference `subsec:cyclotomic-def' on page 26 undefined on input 
line 56.


LaTeX Warning: Reference `subsec:cyclotomic-theorem' on page 26 undefined on in
put line 60.

[26

]

LaTeX Warning: Reference `subsec:roots-theorem' on page 27 undefined on input l
ine 66.


LaTeX Warning: Reference `subsec:cyclotomic-theorem' on page 27 undefined on in
put line 69.


LaTeX Warning: Reference `subsec:cyclotomic-theorem' on page 27 undefined on in
put line 78.


LaTeX Warning: Reference `subsec:cyclotomic-theorem' on page 27 undefined on in
put line 83.

[27]

LaTeX Warning: Reference `subsec:order-theorem' on page 28 undefined on input l
ine 88.

) [28] (./a09-cyclotomic-polynomial-integer-ring.tex

LaTeX Warning: Reference `sec:roots' on page 29 undefined on input line 1.


LaTeX Warning: Reference `sec:cyclotomic' on page 29 undefined on input line 1.



LaTeX Warning: Reference `subsec:order-def' on page 29 undefined on input line 
5.


LaTeX Warning: Reference `subsec:roots-theorem' on page 29 undefined on input l
ine 6.


LaTeX Warning: Reference `subsec:order-theorem' on page 29 undefined on input l
ine 6.


LaTeX Warning: Reference `sec:cyclotomic-polynomial-integer-ring' on page 29 un
defined on input line 12.


LaTeX Warning: Reference `subsec:cyclotomic-def' on page 29 undefined on input 
line 40.


LaTeX Warning: Reference `subsec:cyclotomic-def' on page 29 undefined on input 
line 40.


LaTeX Warning: Reference `subsec:roots-theorem' on page 29 undefined on input l
ine 46.


LaTeX Warning: Reference `subsec:roots-theorem' on page 29 undefined on input l
ine 46.


Overfull \hbox (15.50076pt too wide) in paragraph at lines 25--50
[][] 
 []


LaTeX Warning: `h' float specifier changed to `ht'.


LaTeX Warning: Reference `tab:cyclotomic-polynomial-comparison' on page 29 unde
fined on input line 57.

) [29

] [30] (./a10-matrix.tex

LaTeX Warning: Reference `subsec:vector-arithmetic' on page 31 undefined on inp
ut line 9.


LaTeX Warning: Reference `subsec:imaginary' on page 31 undefined on input line 
59.


LaTeX Warning: Reference `subsec:vandermonde' on page 31 undefined on input lin
e 78.

[31

]

LaTeX Warning: Reference `subsec:matrix-arithmetic' on page 32 undefined on inp
ut line 153.

[32]

LaTeX Warning: Reference `subsec:matrix-arithmetic' on page 33 undefined on inp
ut line 221.


LaTeX Warning: Reference `subsec:matrix-arithmetic' on page 33 undefined on inp
ut line 265.

<figures/vector-projection.png, id=451, 150.5625pt x 135.50626pt>
File: figures/vector-projection.png Graphic file (type png)
<use figures/vector-projection.png>
Package pdftex.def Info: figures/vector-projection.png  used on input line 283.

(pdftex.def)             Requested size: 117.43875pt x 105.69856pt.
<figures/orthogonal-projection.png, id=454, 332.24126pt x 152.57pt>
File: figures/orthogonal-projection.png Graphic file (type png)
<use figures/orthogonal-projection.png>
Package pdftex.def Info: figures/orthogonal-projection.png  used on input line 
288.
(pdftex.def)             Requested size: 187.89914pt x 86.28601pt.

LaTeX Warning: `!h' float specifier changed to `!ht'.


LaTeX Warning: Reference `fig:vector-projection' on page 33 undefined on input 
line 293.

[33]

LaTeX Warning: Reference `subsec:projection' on page 34 undefined on input line
 297.

[34 <./figures/vector-projection.png> <./figures/orthogonal-projection.png>]

LaTeX Warning: Reference `subsec:projection' on page 35 undefined on input line
 345.

[35]

LaTeX Warning: Reference `sec:polynomial-interpolation' on page 36 undefined on
 input line 383.


LaTeX Warning: Reference `sec:polynomial-interpolation' on page 36 undefined on
 input line 383.


LaTeX Warning: Reference `subsec:vector-arithmetic' on page 36 undefined on inp
ut line 391.


Overfull \hbox (50.62462pt too wide) in paragraph at lines 400--401
[]$\OML/lmm/m/it/10.95 ^^[\OT1/lmr/m/n/10.95 (-50) (\OML/lmm/m/it/10.95 f[]\OT1
/lmr/m/n/10.95 (-50) (\OML/lmm/m/it/10.95 X\OT1/lmr/m/n/10.95 (-50) )) = [] = [
]$ 
 []


Overfull \hbox (41.87634pt too wide) in paragraph at lines 407--408
[]$\OML/lmm/m/it/10.95 ^^[\OT1/lmr/m/n/10.95 (-50) (\OML/lmm/m/it/10.95 f[]\OT1
/lmr/m/n/10.95 (-50) (\OML/lmm/m/it/10.95 X\OT1/lmr/m/n/10.95 (-50) )) = [] = [
]$ 
 []

[36]
Overfull \hbox (13.83661pt too wide) in paragraph at lines 476--477
[]$\OML/lmm/m/it/10.95 ^^[\OT1/lmr/m/n/10.95 (-50) (\OML/lmm/m/it/10.95 f[]\OT1
/lmr/m/n/10.95 (-50) (\OML/lmm/m/it/10.95 X\OT1/lmr/m/n/10.95 (-50) ) \OMS/lmsy
/m/n/10.95 ^^A \OML/lmm/m/it/10.95 f[]\OT1/lmr/m/n/10.95 (-50) (\OML/lmm/m/it/1
0.95 X\OT1/lmr/m/n/10.95 (-50) )) = (\OML/lmm/m/it/10.95 f[]\OT1/lmr/m/n/10.95 
(-50) (\OML/lmm/m/it/10.95 x[]\OT1/lmr/m/n/10.95 (-50) ) \OMS/lmsy/m/n/10.95 ^^
A \OML/lmm/m/it/10.95 f[]\OT1/lmr/m/n/10.95 (-50) (\OML/lmm/m/it/10.95 x[]\OT1/
lmr/m/n/10.95 (-50) )\OML/lmm/m/it/10.95 ; f[]\OT1/lmr/m/n/10.95 (-50) (\OML/lm
m/m/it/10.95 x[]\OT1/lmr/m/n/10.95 (-50) ) \OMS/lmsy/m/n/10.95 ^^A \OML/lmm/m/i
t/10.95 f[]\OT1/lmr/m/n/10.95 (-50) (\OML/lmm/m/it/10.95 x[]\OT1/lmr/m/n/10.95 
(-50) )\OML/lmm/m/it/10.95 ; []  ; f[]\OT1/lmr/m/n/10.95 (-50) (\OML/lmm/m/it/1
0.95 x[]\OT1/lmr/m/n/10.95 (-50) ) \OMS/lmsy/m/n/10.95 ^^A \OML/lmm/m/it/10.95 
f[]\OT1/lmr/m/n/10.95 (-50) (\OML/lmm/m/it/10.95 x[]\OT1/lmr/m/n/10.95 (-50) ))
 = (\OML/lmm/m/it/10.95 v[]u[]; v[]u[]; []  ; v[]u[]\OT1/lmr/m/n/10.95 (-50) )$
 
 []


LaTeX Warning: Reference `subsubsec:polynomial-ring-discuss' on page 37 undefin
ed on input line 484.


LaTeX Warning: Reference `subsubsec:polynomial-ring-discuss' on page 37 undefin
ed on input line 484.


LaTeX Warning: Reference `subsec:cyclotomic-def' on page 37 undefined on input 
line 486.

[37]

Package hyperref Warning: Token not allowed in a PDF string (Unicode):
(hyperref)                removing `math shift' on input line 518.


Package hyperref Warning: Token not allowed in a PDF string (Unicode):
(hyperref)                removing `math shift' on input line 518.


LaTeX Warning: Reference `subsec:order-theorem' on page 38 undefined on input l
ine 525.


LaTeX Warning: Reference `subsec:order-theorem' on page 38 undefined on input l
ine 525.

[38]

LaTeX Warning: Reference `subsubsec:poly-vector-transformation-modulus' on page
 39 undefined on input line 562.


LaTeX Warning: Reference `subsec:polynomial-ring-basis' on page 39 undefined on
 input line 600.


LaTeX Warning: Reference `subsec:polynomial-ring-basis' on page 39 undefined on
 input line 600.


Overfull \hbox (93.1393pt too wide) in paragraph at lines 600--601
\OT1/lmr/m/n/10.95 (-50) In The-o-rem [] ([]), we learned the iso-mor-phic map-
ping $\OML/lmm/m/it/10.95 ^^[ \OT1/lmr/m/n/10.95 (-50) : \OML/lmm/m/it/10.95 f\
OT1/lmr/m/n/10.95 (-50) (\OML/lmm/m/it/10.95 X\OT1/lmr/m/n/10.95 (-50) ) \OMS/l
msy/m/n/10.95 2 \U/msb/m/n/10.95 Z[]\OT1/lmr/m/n/10.95 (-50) [\OML/lmm/m/it/10.
95 X\OT1/lmr/m/n/10.95 (-50) ]\OML/lmm/m/it/10.95 =\OT1/lmr/m/n/10.95 (-50) (\O
ML/lmm/m/it/10.95 X[] \OT1/lmr/m/n/10.95 (-50) + 1) [][]\OMS/lmsy/m/n/10.95 ! \
OT1/lmr/m/n/10.95 (-50) (\OML/lmm/m/it/10.95 f\OT1/lmr/m/n/10.95 (-50) (\OML/lm
m/m/it/10.95 x[]\OT1/lmr/m/n/10.95 (-50) )\OML/lmm/m/it/10.95 ; f\OT1/lmr/m/n/1
0.95 (-50) (\OML/lmm/m/it/10.95 x[]\OT1/lmr/m/n/10.95 (-50) )\OML/lmm/m/it/10.9
5 ; f\OT1/lmr/m/n/10.95 (-50) (\OML/lmm/m/it/10.95 x[]\OT1/lmr/m/n/10.95 (-50) 
)\OML/lmm/m/it/10.95 ; []  ; f\OT1/lmr/m/n/10.95 (-50) (\OML/lmm/m/it/10.95 x[]
\OT1/lmr/m/n/10.95 (-50) )) \OMS/lmsy/m/n/10.95 2
 []

[39]

LaTeX Warning: Reference `subsec:cyclotomic-theorem' on page 40 undefined on in
put line 606.


LaTeX Warning: Reference `subsec:cyclotomic-theorem' on page 40 undefined on in
put line 606.


Package hyperref Warning: Token not allowed in a PDF string (Unicode):
(hyperref)                removing `math shift' on input line 608.


Package hyperref Warning: Token not allowed in a PDF string (Unicode):
(hyperref)                removing `superscript' on input line 608.


Package hyperref Warning: Token not allowed in a PDF string (Unicode):
(hyperref)                removing `\begingroup' on input line 608.


Package hyperref Warning: Token not allowed in a PDF string (Unicode):
(hyperref)                removing `\endgroup' on input line 608.


Package hyperref Warning: Token not allowed in a PDF string (Unicode):
(hyperref)                removing `\@@over' on input line 608.


Package hyperref Warning: Token not allowed in a PDF string (Unicode):
(hyperref)                removing `math shift' on input line 608.


Package hyperref Warning: Token not allowed in a PDF string (Unicode):
(hyperref)                removing `math shift' on input line 608.


Package hyperref Warning: Token not allowed in a PDF string (Unicode):
(hyperref)                removing `superscript' on input line 608.


Package hyperref Warning: Token not allowed in a PDF string (Unicode):
(hyperref)                removing `math shift' on input line 608.


Package hyperref Warning: Token not allowed in a PDF string (Unicode):
(hyperref)                removing `math shift' on input line 647.


Package hyperref Warning: Token not allowed in a PDF string (Unicode):
(hyperref)                removing `superscript' on input line 647.


Package hyperref Warning: Token not allowed in a PDF string (Unicode):
(hyperref)                removing `math shift' on input line 647.


Package hyperref Warning: Token not allowed in a PDF string (Unicode):
(hyperref)                removing `math shift' on input line 647.


Package hyperref Warning: Token not allowed in a PDF string (Unicode):
(hyperref)                removing `superscript' on input line 647.


Package hyperref Warning: Token not allowed in a PDF string (Unicode):
(hyperref)                removing `math shift' on input line 647.


LaTeX Warning: Reference `subsec:poly-vector-transformation' on page 40 undefin
ed on input line 651.

<figures/cyclotomic-polynomial.pdf, id=495, 765.86125pt x 745.78625pt>
File: figures/cyclotomic-polynomial.pdf Graphic file (type pdf)
<use figures/cyclotomic-polynomial.pdf>
Package pdftex.def Info: figures/cyclotomic-polynomial.pdf  used on input line 
655.
(pdftex.def)             Requested size: 140.92793pt x 137.2286pt.

LaTeX Warning: `!h' float specifier changed to `!ht'.


LaTeX Warning: Reference `subsec:euler' on page 40 undefined on input line 664.



LaTeX Warning: Reference `fig:cyclotomic-polynomial' on page 40 undefined on in
put line 664.

[40]

LaTeX Warning: Reference `sec:polynomial-interpolation' on page 41 undefined on
 input line 678.


LaTeX Warning: Reference `sec:polynomial-interpolation' on page 41 undefined on
 input line 678.


LaTeX Warning: Reference `subsec:poly-vector-transformation' on page 41 undefin
ed on input line 684.


LaTeX Warning: Reference `subsec:poly-vector-transformation-complex' on page 41
 undefined on input line 691.

[41 <./figures/cyclotomic-polynomial.pdf>]

LaTeX Warning: Reference `subsec:polynomial-ring-basis' on page 42 undefined on
 input line 727.


LaTeX Warning: Reference `subsec:polynomial-ring-basis' on page 42 undefined on
 input line 727.

[42]

LaTeX Warning: Reference `subsec:poly-vector-transformation-complex' on page 43
 undefined on input line 765.

) [43] (./a11-euler.tex
<figures/pythagorean-theorem.png, id=535, 331.2375pt x 302.12875pt>
File: figures/pythagorean-theorem.png Graphic file (type png)
<use figures/pythagorean-theorem.png>
Package pdftex.def Info: figures/pythagorean-theorem.png  used on input line 13
.
(pdftex.def)             Requested size: 140.92793pt x 128.54362pt.
<figures/pythagorean-identity.png, id=538, 316.18124pt x 179.67125pt>
File: figures/pythagorean-identity.png Graphic file (type png)
<use figures/pythagorean-identity.png>
Package pdftex.def Info: figures/pythagorean-identity.png  used on input line 1
8.
(pdftex.def)             Requested size: 140.92793pt x 80.08366pt.


LaTeX Warning: Reference `subsec:pythagorean' on page 44 undefined on input lin
e 22.


LaTeX Warning: Reference `fig:pythagorean-theorem' on page 44 undefined on inpu
t line 30.


LaTeX Warning: Reference `fig:pythagorean-identity' on page 44 undefined on inp
ut line 32.


LaTeX Warning: Reference `subsec:imaginary' on page 44 undefined on input line 
48.

[44

 <./figures/pythagorean-theorem.png> <./figures/pythagorean-identity.png>]

LaTeX Warning: Reference `subsec:euler' on page 45 undefined on input line 77.

File: figures/euler-formula.png Graphic file (type png)
<use figures/euler-formula.png>
Package pdftex.def Info: figures/euler-formula.png  used on input line 85.
(pdftex.def)             Requested size: 187.89914pt x 187.89021pt.

LaTeX Warning: Reference `fig:complex-plane' on page 45 undefined on input line
 89.


LaTeX Warning: Reference `subsec:vandermonde' on page 45 undefined on input lin
e 97.


LaTeX Warning: Reference `subsec:vandermonde-euler' on page 45 undefined on inp
ut line 101.


LaTeX Warning: Reference `subsec:cyclotomic-theorem' on page 45 undefined on in
put line 103.


LaTeX Warning: Reference `subsec:cyclotomic-theorem' on page 45 undefined on in
put line 103.

[45]
Overfull \hbox (16.4544pt too wide) in paragraph at lines 128--143
[]$\OML/lmm/m/it/10.95 V \OMS/lmsy/m/n/10.95 ^^A \OML/lmm/m/it/10.95 V[] \OT1/l
mr/m/n/10.95 (-50) = [] \OMS/lmsy/m/n/10.95 ^^A []$ 
 []


LaTeX Warning: Reference `subsec:vandermonde-euler' on page 46 undefined on inp
ut line 176.

[46]

LaTeX Warning: Reference `sec:ckks' on page 47 undefined on input line 224.


LaTeX Warning: Reference `subsec:ckks-enc-dec' on page 47 undefined on input li
ne 224.

LaTeX Font Info:    External font `lmex10' loaded for size
(Font)              <14.4> on input line 234.

Package hyperref Warning: Token not allowed in a PDF string (Unicode):
(hyperref)                removing `math shift' on input line 234.


Package hyperref Warning: Token not allowed in a PDF string (Unicode):
(hyperref)                removing `subscript' on input line 234.


Package hyperref Warning: Token not allowed in a PDF string (Unicode):
(hyperref)                removing `math shift' on input line 234.


LaTeX Warning: Reference `subsec:vandermonde-euler' on page 47 undefined on inp
ut line 237.


LaTeX Warning: Reference `subsec:vandermonde-euler' on page 47 undefined on inp
ut line 237.


LaTeX Warning: Reference `subsec:vandermonde-euler' on page 47 undefined on inp
ut line 237.


LaTeX Warning: Reference `subsec:vandermonde-euler-integer-ring' on page 47 und
efined on input line 240.


LaTeX Warning: Reference `subsec:vandermonde-euler' on page 47 undefined on inp
ut line 242.


LaTeX Warning: Reference `subsec:vandermonde-euler' on page 47 undefined on inp
ut line 242.

[47]
Overfull \hbox (16.4544pt too wide) in paragraph at lines 263--278
[]$\OML/lmm/m/it/10.95 V \OMS/lmsy/m/n/10.95 ^^A \OML/lmm/m/it/10.95 V[] \OT1/l
mr/m/n/10.95 (-50) = [] \OMS/lmsy/m/n/10.95 ^^A []$ 
 []


LaTeX Warning: Reference `subsec:vandermonde-euler' on page 48 undefined on inp
ut line 311.


LaTeX Warning: Reference `subsec:vandermonde-euler' on page 48 undefined on inp
ut line 311.

[48]

LaTeX Warning: Reference `subsec:modulo-division' on page 49 undefined on input
 line 341.


LaTeX Warning: Reference `subsec:vandermonde-euler' on page 49 undefined on inp
ut line 341.


LaTeX Warning: Reference `subsec:vandermonde-euler' on page 49 undefined on inp
ut line 341.


LaTeX Warning: Reference `sec:bfv' on page 49 undefined on input line 352.


LaTeX Warning: Reference `subsec:bfv-batch-encoding' on page 49 undefined on in
put line 352.

) [49] (./a12-modulus-rescaling.tex

LaTeX Warning: Reference `sec:modulo' on page 50 undefined on input line 5.


LaTeX Warning: Reference `tab:rescaling' on page 50 undefined on input line 17.



Overfull \hbox (43.5028pt too wide) in paragraph at lines 24--38
 [][] 
 []

[50

] [51] [52]

LaTeX Warning: Reference `tab:rescaling' on page 53 undefined on input line 188
.

) [53] (./a13-chinese-remainder.tex

LaTeX Warning: Citation `crt' on page 54 undefined on input line 2.


LaTeX Warning: Reference `sec:chinese-remainder' on page 54 undefined on input 
line 9.

[54

] [55]

LaTeX Warning: Reference `sec:chinese-remainder' on page 56 undefined on input 
line 141.


LaTeX Warning: Reference `sec:chinese-remainder' on page 56 undefined on input 
line 150.

) [56] (./a14-taylor-series.tex) [57

] (./a15-polynomial-interpolation.tex

LaTeX Warning: Reference `sec:polynomial-interpolation' on page 58 undefined on
 input line 4.


LaTeX Warning: Reference `subsec:order-theorem' on page 58 undefined on input l
ine 28.


LaTeX Warning: Reference `subsec:order-theorem' on page 58 undefined on input l
ine 28.

[58

]) [59] (./a16-ntt.tex

LaTeX Warning: Citation `ntt' on page 60 undefined on input line 2.


LaTeX Warning: Reference `sec:polynomial-interpolation' on page 60 undefined on
 input line 17.


LaTeX Warning: Reference `subsec:vector-arithmetic' on page 60 undefined on inp
ut line 25.


LaTeX Warning: Reference `subsec:vector-arithmetic' on page 60 undefined on inp
ut line 25.


LaTeX Warning: Reference `sec:roots' on page 60 undefined on input line 33.


LaTeX Warning: Reference `sec:cyclotomic-polynomial-integer-ring' on page 60 un
defined on input line 33.

[60

]

LaTeX Warning: Reference `subsec:ntt-motivation' on page 61 undefined on input 
line 44.

[61] [62]

LaTeX Warning: Reference `subsec:ntt-forward' on page 63 undefined on input lin
e 138.


LaTeX Warning: Reference `subsec:ntt-motivation' on page 63 undefined on input 
line 138.

[63]

LaTeX Warning: Reference `subsec:ntt-backward' on page 64 undefined on input li
ne 199.


LaTeX Warning: Reference `subsec:ntt-forward-details' on page 64 undefined on i
nput line 242.

) [64] [65]

LaTeX Warning: Reference `sec:group' on page 66 undefined on input line 497.


LaTeX Warning: Reference `sec:group' on page 66 undefined on input line 497.


LaTeX Warning: Reference `sec:field' on page 66 undefined on input line 498.


LaTeX Warning: Reference `sec:field' on page 66 undefined on input line 498.


LaTeX Warning: Reference `sec:polynomial-ring' on page 66 undefined on input li
ne 499.


LaTeX Warning: Reference `sec:polynomial-ring' on page 66 undefined on input li
ne 499.

[66

] (./b01-lattice.tex

LaTeX Warning: Citation `lattice-crypto' on page 67 undefined on input line 3.


LaTeX Warning: Reference `subsec:lattice-overview' on page 67 undefined on inpu
t line 52.

[67

]
<figures/TFHE-fig1.pdf, id=708, 1476.51625pt x 195.73125pt>
File: figures/TFHE-fig1.pdf Graphic file (type pdf)
<use figures/TFHE-fig1.pdf>
Package pdftex.def Info: figures/TFHE-fig1.pdf  used on input line 98.
(pdftex.def)             Requested size: 375.80544pt x 49.81673pt.


LaTeX Warning: Reference `fig:scaling' on page 68 undefined on input line 103.

[68 <./figures/TFHE-fig1.pdf>]

LaTeX Warning: Reference `subsec:lattice-scheme' on page 69 undefined on input 
line 105.


LaTeX Warning: Reference `fig:scaling' on page 69 undefined on input line 120.


LaTeX Warning: Reference `subsec:lattice-overview' on page 69 undefined on inpu
t line 124.


LaTeX Warning: Reference `sec:lwe' on page 69 undefined on input line 128.


LaTeX Warning: Reference `subsec:lattice-scheme' on page 69 undefined on input 
line 137.


LaTeX Warning: Reference `subsec:lattice-scheme2' on page 69 undefined on input
 line 139.

[69]) [70] (./b02-lwe.tex

LaTeX Warning: Citation `tfhe-1' on page 71 undefined on input line 3.


LaTeX Warning: Reference `subsec:lwe-enc' on page 71 undefined on input line 31
.

[71

]

LaTeX Warning: Reference `subsec:lwe-dec' on page 72 undefined on input line 68
.


LaTeX Warning: Reference `fig:scaling' on page 72 undefined on input line 87.


Package hyperref Warning: Token not allowed in a PDF string (Unicode):
(hyperref)                removing `math shift' on input line 89.


Package hyperref Warning: Token not allowed in a PDF string (Unicode):
(hyperref)                removing `math shift' on input line 89.


Package hyperref Warning: Token not allowed in a PDF string (Unicode):
(hyperref)                removing `math shift' on input line 89.


Package hyperref Warning: Token not allowed in a PDF string (Unicode):
(hyperref)                removing `math shift' on input line 89.


LaTeX Warning: Reference `subsec:lwe-enc' on page 72 undefined on input line 92
.


LaTeX Warning: Reference `subsec:lwe-enc' on page 72 undefined on input line 92
.


LaTeX Warning: Reference `subsubsec:poly-vector-transformation-modulus' on page
 72 undefined on input line 97.

[72] [73]

LaTeX Warning: Reference `subsec:lwe-enc' on page 74 undefined on input line 17
6.


LaTeX Warning: Reference `subsec:lwe-enc' on page 74 undefined on input line 17
6.


LaTeX Warning: Reference `subsubsec:lwe-noise-bound' on page 74 undefined on in
put line 179.

) [74] (./b03-rlwe.tex

LaTeX Warning: Reference `subsec:rlwe-enc' on page 75 undefined on input line 2
9.

[75

]

LaTeX Warning: Reference `subsec:rlwe-dec' on page 76 undefined on input line 6
2.

) [76] (./b04-glwe.tex

LaTeX Warning: Reference `subsec:glwe-enc' on page 77 undefined on input line 3
1.

[77

]

LaTeX Warning: Reference `subsec:glwe-dec' on page 78 undefined on input line 7
2.


LaTeX Warning: Reference `subsec:lattice-overview' on page 78 undefined on inpu
t line 92.

[78]

LaTeX Warning: Reference `subsec:glwe-enc' on page 79 undefined on input line 1
02.


LaTeX Warning: Reference `subsec:glwe-alternative' on page 79 undefined on inpu
t line 104.


LaTeX Warning: Reference `subsec:glwe-enc' on page 79 undefined on input line 1
53.

[79]

LaTeX Warning: Reference `subsec:glwe-public-key-enc' on page 80 undefined on i
nput line 155.


LaTeX Warning: Reference `subsec:glwe-enc' on page 80 undefined on input line 2
28.


LaTeX Warning: Reference `subsec:glwe-enc' on page 80 undefined on input line 2
28.

[80]) [81] (./b05-glev.tex

LaTeX Warning: Reference `fig:glev' on page 82 undefined on input line 1.


LaTeX Warning: Reference `subsec:glev-enc' on page 82 undefined on input line 1
0.

<figures/TFHE-fig2.pdf, id=886, 1170.3725pt x 276.03125pt>
File: figures/TFHE-fig2.pdf Graphic file (type pdf)
<use figures/TFHE-fig2.pdf>
Package pdftex.def Info: figures/TFHE-fig2.pdf  used on input line 18.
(pdftex.def)             Requested size: 469.75502pt x 110.7896pt.
) [82

 <./figures/TFHE-fig2.pdf>] (./b06-ggsw.tex

LaTeX Warning: Reference `fig:ggsw' on page 83 undefined on input line 1.


LaTeX Warning: Reference `subsec:ggsw-enc' on page 83 undefined on input line 7
.

<figures/TFHE-fig3.pdf, id=959, 1268.74pt x 617.80812pt>
File: figures/TFHE-fig3.pdf Graphic file (type pdf)
<use figures/TFHE-fig3.pdf>
Package pdftex.def Info: figures/TFHE-fig3.pdf  used on input line 13.
(pdftex.def)             Requested size: 469.75502pt x 228.74568pt.
) [83

 <./figures/TFHE-fig3.pdf>]

LaTeX Warning: Reference `sec:glwe' on page 84 undefined on input line 553.

[84

] (./c01-glwe-add-cipher.tex

LaTeX Warning: Citation `tfhe-2' on page 85 undefined on input line 2.


LaTeX Warning: Reference `sec:glwe-add-cipher' on page 85 undefined on input li
ne 23.


Underfull \hbox (badness 10000) in paragraph at lines 48--53

 []


Underfull \hbox (badness 10000) in paragraph at lines 55--56

 []

[85

]

LaTeX Warning: Reference `subsubsec:lwe-noise-bound' on page 86 undefined on in
put line 81.


LaTeX Warning: Reference `subsubsec:lwe-noise-bound' on page 86 undefined on in
put line 81.

) [86] (./c02-glwe-add-plain.tex

LaTeX Warning: Reference `sec:glwe-add-plain' on page 87 undefined on input lin
e 20.


Underfull \hbox (badness 10000) in paragraph at lines 41--42

 []

) [87

] (./c03-glwe-mult-plain.tex

LaTeX Warning: Citation `tfhe-2' on page 88 undefined on input line 2.


LaTeX Warning: Reference `sec:ntt' on page 88 undefined on input line 24.


LaTeX Warning: Reference `sec:glwe-mult-plain' on page 88 undefined on input li
ne 26.


Underfull \hbox (badness 10000) in paragraph at lines 43--50

 []


Underfull \hbox (badness 10000) in paragraph at lines 50--56

 []

[88

]

LaTeX Warning: Reference `subsec:gadget-decomposition' on page 89 undefined on 
input line 74.


LaTeX Warning: Reference `subsec:number-decomp' on page 89 undefined on input l
ine 79.


LaTeX Warning: Reference `subsec:glev-enc' on page 89 undefined on input line 7
9.


Overfull \hbox (21.94392pt too wide) in paragraph at lines 86--87
[]$[][]\OT1/lmr/m/n/10.95 (-50) (^^A\OML/lmm/m/it/10.95 M\OT1/lmr/m/n/10.95 (-5
0) ) = [][][] [] \OML/lmm/m/it/10.95 ; [][] [] ; [] [][] [] []$ 
 []


Overfull \hbox (5.51683pt too wide) in paragraph at lines 91--92
[]\OT1/lmr/m/n/10.95 (-50) We will en-crypt the plain-text $\OML/lmm/m/it/10.95
 M$ \OT1/lmr/m/n/10.95 (-50) as $[][](^^A\OML/lmm/m/it/10.95 M\OT1/lmr/m/n/10.9
5 (-50) )$ in-stead of $[][](^^A\OML/lmm/m/it/10.95 M\OT1/lmr/m/n/10.95 (-50) )
$, and com-pute $[][](^^C) \OMS/lmsy/m/n/10.95 ^^A
 []


Overfull \hbox (39.80273pt too wide) in paragraph at lines 95--96
[]$\OT1/lmr/m/n/10.95 (-50) = (^^C[]\OML/lmm/m/it/10.95 ; \OT1/lmr/m/n/10.95 (-
50) ^^C[]\OML/lmm/m/it/10.95 ; []  ; \OT1/lmr/m/n/10.95 (-50) ^^C[]) \OMS/lmsy/
m/n/10.95 ^^A []$ 
 []


Overfull \hbox (35.02129pt too wide) in paragraph at lines 99--100
[]$\OT1/lmr/m/n/10.95 (-50) = [][] [] + [][] [] + [] + [][] []$ 
 []

[89]

LaTeX Warning: Reference `fig:decomp2' on page 90 undefined on input line 111.

<figures/decomp2.pdf, id=1139, 1330.9725pt x 644.4075pt>
File: figures/decomp2.pdf Graphic file (type pdf)
<use figures/decomp2.pdf>
Package pdftex.def Info: figures/decomp2.pdf  used on input line 115.
(pdftex.def)             Requested size: 375.80544pt x 181.94713pt.

LaTeX Warning: Reference `sec:glwe-key-switching' on page 90 undefined on input
 line 124.


LaTeX Warning: Reference `subsec:tfhe-noise-bootstrapping' on page 90 undefined
 on input line 129.

) [90 <./figures/decomp2.pdf>] (./c04-glwe-modulus-switch.tex

LaTeX Warning: Reference `sec:modulus-rescaling' on page 91 undefined on input 
line 1.


LaTeX Warning: Reference `subsec:lwe-enc' on page 91 undefined on input line 14
.


LaTeX Warning: Reference `subsec:tfhe-noise-bootstrapping' on page 91 undefined
 on input line 34.


LaTeX Warning: Reference `subsec:bfv-mult-cipher' on page 91 undefined on input
 line 34.


LaTeX Warning: Reference `subsec:ckks-mult-cipher' on page 91 undefined on inpu
t line 34.


LaTeX Warning: Reference `subsec:modulus-switch-lwe' on page 91 undefined on in
put line 40.

[91

] [92]

LaTeX Warning: Reference `sec:modulus-rescaling' on page 93 undefined on input 
line 115.

[93]
<figures/modulus-switching.pdf, id=1217, 1476.51625pt x 292.09125pt>
File: figures/modulus-switching.pdf Graphic file (type pdf)
<use figures/modulus-switching.pdf>
Package pdftex.def Info: figures/modulus-switching.pdf  used on input line 205.

(pdftex.def)             Requested size: 328.82707pt x 65.04915pt.


LaTeX Warning: Reference `fig:modulus-switch' on page 94 undefined on input lin
e 210.


LaTeX Warning: Reference `subsec:rlwe-enc' on page 94 undefined on input line 2
24.

[94 <./figures/modulus-switching.pdf>]

LaTeX Warning: Reference `subsec:modulus-switch-rlwe' on page 95 undefined on i
nput line 256.

[95] [96]

LaTeX Warning: Reference `subsec:glwe-enc' on page 97 undefined on input line 4
20.


LaTeX Warning: Reference `subsec:modulus-switch-glwe' on page 97 undefined on i
nput line 445.

[97]

LaTeX Warning: Reference `subsec:modulus-switch-rlwe' on page 98 undefined on i
nput line 483.

) [98] (./c05-glwe-key-switching.tex

LaTeX Warning: Citation `tfhe-3' on page 99 undefined on input line 2.


LaTeX Warning: Reference `sec:glev' on page 99 undefined on input line 18.


LaTeX Warning: Reference `sec:glwe-key-switching' on page 99 undefined on input
 line 37.


LaTeX Warning: Reference `subsec:poly-decomp' on page 99 undefined on input lin
e 51.


Overfull \hbox (3.12486pt too wide) in paragraph at lines 63--68
\OT1/lmr/m/n/10.95 (-50) = \OML/lmm/m/it/10.95 A[] \OMS/lmsy/m/n/10.95 ^^A [][]
 [] \OT1/lmr/m/n/10.95 (-50) + \OML/lmm/m/it/10.95 A[] \OMS/lmsy/m/n/10.95 ^^A 
[][] [] \OT1/lmr/m/n/10.95 (-50) + [] + \OML/lmm/m/it/10.95 A[] \OMS/lmsy/m/n/1
0.95 ^^A [][] []$ 
 []

[99

] [100]) [101] [102

] (./d01-tfhe.tex

LaTeX Warning: Reference `part:generic-fhe' on page 103 undefined on input line
 4.


LaTeX Warning: Reference `sec:modulo' on page 103 undefined on input line 18.


LaTeX Warning: Reference `sec:modulo' on page 103 undefined on input line 18.


LaTeX Warning: Reference `sec:group' on page 103 undefined on input line 19.


LaTeX Warning: Reference `sec:group' on page 103 undefined on input line 19.


LaTeX Warning: Reference `sec:field' on page 103 undefined on input line 20.


LaTeX Warning: Reference `sec:field' on page 103 undefined on input line 20.


LaTeX Warning: Reference `sec:order' on page 103 undefined on input line 21.


LaTeX Warning: Reference `sec:order' on page 103 undefined on input line 21.


LaTeX Warning: Reference `sec:polynomial-ring' on page 103 undefined on input l
ine 22.


LaTeX Warning: Reference `sec:polynomial-ring' on page 103 undefined on input l
ine 22.


LaTeX Warning: Reference `sec:decomp' on page 103 undefined on input line 23.


LaTeX Warning: Reference `sec:decomp' on page 103 undefined on input line 23.


LaTeX Warning: Reference `sec:modulus-rescaling' on page 103 undefined on input
 line 24.


LaTeX Warning: Reference `sec:modulus-rescaling' on page 103 undefined on input
 line 24.


LaTeX Warning: Reference `sec:lattice' on page 103 undefined on input line 25.


LaTeX Warning: Reference `sec:lattice' on page 103 undefined on input line 25.


LaTeX Warning: Reference `sec:lwe' on page 103 undefined on input line 26.


LaTeX Warning: Reference `sec:lwe' on page 103 undefined on input line 26.


LaTeX Warning: Reference `sec:rlwe' on page 103 undefined on input line 27.


LaTeX Warning: Reference `sec:rlwe' on page 103 undefined on input line 27.


LaTeX Warning: Reference `sec:glwe' on page 103 undefined on input line 28.


LaTeX Warning: Reference `sec:glwe' on page 103 undefined on input line 28.


LaTeX Warning: Reference `sec:glev' on page 103 undefined on input line 29.


LaTeX Warning: Reference `sec:glev' on page 103 undefined on input line 29.


LaTeX Warning: Reference `sec:ggsw' on page 103 undefined on input line 30.


LaTeX Warning: Reference `sec:ggsw' on page 103 undefined on input line 30.


LaTeX Warning: Reference `sec:glwe-add-cipher' on page 103 undefined on input l
ine 31.


LaTeX Warning: Reference `sec:glwe-add-cipher' on page 103 undefined on input l
ine 31.


LaTeX Warning: Reference `sec:glwe-add-plain' on page 103 undefined on input li
ne 32.


LaTeX Warning: Reference `sec:glwe-add-plain' on page 103 undefined on input li
ne 32.


LaTeX Warning: Reference `sec:glwe-mult-plain' on page 103 undefined on input l
ine 33.


LaTeX Warning: Reference `sec:glwe-mult-plain' on page 103 undefined on input l
ine 33.


LaTeX Warning: Reference `subsec:modulus-switch-lwe' on page 103 undefined on i
nput line 34.


LaTeX Warning: Reference `subsec:modulus-switch-lwe' on page 103 undefined on i
nput line 34.


LaTeX Warning: Reference `sec:glwe-key-switching' on page 103 undefined on inpu
t line 35.


LaTeX Warning: Reference `sec:glwe-key-switching' on page 103 undefined on inpu
t line 35.

[103]

LaTeX Warning: Reference `sec:lwe' on page 104 undefined on input line 44.


LaTeX Warning: Reference `sec:glwe' on page 104 undefined on input line 44.


LaTeX Warning: Reference `subsec:tfhe-enc-dec' on page 104 undefined on input l
ine 47.


LaTeX Warning: Reference `sec:glwe-add-cipher' on page 104 undefined on input l
ine 85.


LaTeX Warning: Reference `subsec:tfhe-add-cipher' on page 104 undefined on inpu
t line 88.


LaTeX Warning: Reference `sec:glwe-add-plain' on page 104 undefined on input li
ne 103.


LaTeX Warning: Reference `subsec:tfhe-add-plain' on page 104 undefined on input
 line 105.

[104

]

LaTeX Warning: Reference `sec:glwe-mult-plain' on page 105 undefined on input l
ine 119.


LaTeX Warning: Reference `subsec:tfhe-mult-plain' on page 105 undefined on inpu
t line 121.


LaTeX Warning: Citation `tfhe-3' on page 105 undefined on input line 136.


LaTeX Warning: Reference `subsec:glwe-alternative' on page 105 undefined on inp
ut line 138.


LaTeX Warning: Reference `sec:glwe-key-switching' on page 105 undefined on inpu
t line 138.


LaTeX Warning: Reference `subsec:tfhe-key-switching' on page 105 undefined on i
nput line 140.


LaTeX Warning: Citation `tfhe-3' on page 105 undefined on input line 152.


LaTeX Warning: Reference `subsec:glwe-enc' on page 105 undefined on input line 
162.


LaTeX Warning: Reference `sec:glwe-add-cipher' on page 105 undefined on input l
ine 163.


LaTeX Warning: Reference `sec:glwe-mult-plain' on page 105 undefined on input l
ine 164.

[105]

LaTeX Warning: Reference `subsec:ggsw-enc' on page 106 undefined on input line 
171.


LaTeX Warning: Reference `subsec:ggsw-enc' on page 106 undefined on input line 
183.


LaTeX Warning: Reference `subsec:tfhe-mult-cipher' on page 106 undefined on inp
ut line 207.


Overfull \hbox (0.1446pt too wide) in paragraph at lines 225--228
\OT1/lmr/m/n/10.95 (-50) = \OMS/lmsy/m/n/10.95 h[][]\OT1/lmr/m/n/10.95 (-50) (\
OML/lmm/m/it/10.95 a[]\OT1/lmr/m/n/10.95 (-50) )\OML/lmm/m/it/10.95 ; [][]\OMS/
lmsy/m/n/10.95 i \OT1/lmr/m/n/10.95 (-50) + \OMS/lmsy/m/n/10.95 h[][]\OT1/lmr/m
/n/10.95 (-50) (\OML/lmm/m/it/10.95 a[]\OT1/lmr/m/n/10.95 (-50) )\OML/lmm/m/it/
10.95 ; [][]\OMS/lmsy/m/n/10.95 i \OT1/lmr/m/n/10.95 (-50) + [][][] + \OMS/lmsy
/m/n/10.95 h[][]\OT1/lmr/m/n/10.95 (-50) (\OML/lmm/m/it/10.95 a[]\OT1/lmr/m/n/1
0.95 (-50) )\OML/lmm/m/it/10.95 ; [][]\OMS/lmsy/m/n/10.95 i \OT1/lmr/m/n/10.95 
(-50) + \OMS/lmsy/m/n/10.95 h[][]\OT1/lmr/m/n/10.95 (-50) (\OML/lmm/m/it/10.95 
b\OT1/lmr/m/n/10.95 (-50) )\OML/lmm/m/it/10.95 ; [][]\OMS/lmsy/m/n/10.95 i$ 
 []


LaTeX Warning: Reference `subsec:poly-decomp' on page 106 undefined on input li
ne 229.


Overfull \hbox (5.7421pt too wide) in paragraph at lines 228--232
[][] \OT1/lmr/m/n/10.95 (-50) = [][](\OML/lmm/m/it/10.95 m[]\OT1/lmr/m/n/10.95 
(-50) ) = []$ 
 []


Underfull \hbox (badness 10000) in paragraph at lines 228--232

 []


LaTeX Warning: Reference `sec:glwe-mult-plain' on page 106 undefined on input l
ine 236.


LaTeX Warning: Reference `sec:glwe-add-cipher' on page 106 undefined on input l
ine 237.


LaTeX Warning: Reference `subsec:poly-decomp' on page 106 undefined on input li
ne 239.

[106]
Underfull \hbox (badness 10000) in paragraph at lines 245--246

 []

[107]

LaTeX Warning: Reference `subsec:tfhe-noise-bootstrapping' on page 108 undefine
d on input line 274.


LaTeX Warning: Reference `subsec:glwe-enc' on page 108 undefined on input line 
286.


LaTeX Warning: Reference `sec:glwe-add-cipher' on page 108 undefined on input l
ine 287.


LaTeX Warning: Reference `sec:glwe-mult-plain' on page 108 undefined on input l
ine 288.


LaTeX Warning: Reference `subsec:ggsw-enc' on page 108 undefined on input line 
295.


LaTeX Warning: Reference `subsec:glwe-enc' on page 108 undefined on input line 
303.


LaTeX Warning: Reference `subsec:ggsw-enc' on page 108 undefined on input line 
307.

[108]

LaTeX Warning: Reference `subsubsec:tfhe-glwe-to-ggsw-multiplication' on page 1
09 undefined on input line 331.


Overfull \hbox (7.59537pt too wide) in paragraph at lines 349--352
\OT1/lmr/m/n/10.95 (-50) = \OMS/lmsy/m/n/10.95 h[][]\OT1/lmr/m/n/10.95 (-50) (\
OML/lmm/m/it/10.95 A[]\OT1/lmr/m/n/10.95 (-50) )\OML/lmm/m/it/10.95 ; []\OMS/lm
sy/m/n/10.95 i \OT1/lmr/m/n/10.95 (-50) + \OMS/lmsy/m/n/10.95 h[][]\OT1/lmr/m/n
/10.95 (-50) (\OML/lmm/m/it/10.95 A[]\OT1/lmr/m/n/10.95 (-50) )\OML/lmm/m/it/10
.95 ; []\OMS/lmsy/m/n/10.95 i \OT1/lmr/m/n/10.95 (-50) + [][][] + \OMS/lmsy/m/n
/10.95 h[][]\OT1/lmr/m/n/10.95 (-50) (\OML/lmm/m/it/10.95 A[]\OT1/lmr/m/n/10.95
 (-50) )\OML/lmm/m/it/10.95 ; []\OMS/lmsy/m/n/10.95 i \OT1/lmr/m/n/10.95 (-50) 
+ \OMS/lmsy/m/n/10.95 h[][]\OT1/lmr/m/n/10.95 (-50) (\OML/lmm/m/it/10.95 B\OT1/
lmr/m/n/10.95 (-50) )\OML/lmm/m/it/10.95 ; []\OMS/lmsy/m/n/10.95 i$ 
 []


LaTeX Warning: Reference `subsec:poly-decomp' on page 109 undefined on input li
ne 353.


Underfull \hbox (badness 10000) in paragraph at lines 356--358

 []


LaTeX Warning: Reference `sec:glwe-mult-plain' on page 109 undefined on input l
ine 362.


LaTeX Warning: Reference `sec:glwe-add-cipher' on page 109 undefined on input l
ine 363.


LaTeX Warning: Reference `subsec:poly-decomp' on page 109 undefined on input li
ne 365.


Overfull \hbox (35.41249pt too wide) in paragraph at lines 366--369
[] \OT1/lmr/m/n/10.95 (-50) = [][](\OMS/lmsy/m/n/10.95 ^^@\OML/lmm/m/it/10.95 S
[]M[]\OT1/lmr/m/n/10.95 (-50) ) = []$ 
 []


Underfull \hbox (badness 10000) in paragraph at lines 366--369

 []


Overfull \hbox (63.93633pt too wide) in paragraph at lines 370--379
\OT1/lmr/m/n/10.95 (-50) = [] []$ 
 []


Overfull \hbox (40.21158pt too wide) in paragraph at lines 370--379
\OT1/lmr/m/n/10.95 (-50) = [] []$ 
 []

[109]

LaTeX Warning: Citation `tfhe-4' on page 110 undefined on input line 396.


LaTeX Warning: Reference `sec:lwe' on page 110 undefined on input line 400.

[110]
Overfull \hbox (3.47618pt too wide) detected at line 497
[]\OML/lmm/m/it/10.95 a[] \OT1/lmr/m/n/10.95 = [] \OML/lmm/m/it/10.95 ; b[][]B
 []

[111]

LaTeX Warning: Reference `subsec:tfhe-key-switching' on page 112 undefined on i
nput line 502.


LaTeX Warning: Reference `subsec:tfhe-extraction' on page 112 undefined on inpu
t line 504.


Overfull \hbox (19.37888pt too wide) in paragraph at lines 511--512
[]$[][]\OT1/lmr/m/n/10.95 (-50) (^^A\OML/lmm/m/it/10.95 M\OT1/lmr/m/n/10.95 (-5
0) ) = []$ 
 []


LaTeX Warning: Reference `subsec:tfhe-key-switching' on page 112 undefined on i
nput line 535.


LaTeX Warning: Citation `tfhe-4' on page 112 undefined on input line 546.


LaTeX Warning: Reference `fig:scaling' on page 112 undefined on input line 550.


[112]

LaTeX Warning: Reference `subsec:coeff-rotation' on page 113 undefined on input
 line 598.


LaTeX Warning: Reference `subsec:coeff-rotation' on page 113 undefined on input
 line 598.


LaTeX Warning: Reference `subsec:tfhe-extraction' on page 113 undefined on inpu
t line 598.

[113]

LaTeX Warning: Reference `subsec:modulus-switch-lwe' on page 114 undefined on i
nput line 616.


LaTeX Warning: Reference `subsec:coeff-rotation-ex' on page 114 undefined on in
put line 621.


LaTeX Warning: Reference `subsec:modulus-switch-lwe' on page 114 undefined on i
nput line 621.

[114] [115]

LaTeX Warning: Reference `subsec:tfhe-zero-padding' on page 116 undefined on in
put line 732.

[116]

LaTeX Warning: Reference `subsec:coeff-rotation' on page 117 undefined on input
 line 760.


LaTeX Warning: Reference `subsec:coeff-rotation' on page 117 undefined on input
 line 760.


LaTeX Warning: Reference `sec:glwe-mult-plain' on page 117 undefined on input l
ine 768.


LaTeX Warning: Reference `sec:glwe-add-cipher' on page 117 undefined on input l
ine 768.


LaTeX Warning: Reference `subsubsec:tfhe-glwe-to-ggsw-multiplication' on page 1
17 undefined on input line 768.

[117]

LaTeX Warning: Reference `subsec:tfhe-zero-padding' on page 118 undefined on in
put line 786.

<figures/mux.pdf, id=1423, 343.2825pt x 353.32pt>
File: figures/mux.pdf Graphic file (type pdf)
<use figures/mux.pdf>
Package pdftex.def Info: figures/mux.pdf  used on input line 790.
(pdftex.def)             Requested size: 93.94957pt x 96.69156pt.

LaTeX Warning: Reference `fig:mux' on page 118 undefined on input line 795.

[118 <./figures/mux.pdf>]

LaTeX Warning: Reference `subsec:tfhe-extraction' on page 119 undefined on inpu
t line 801.


LaTeX Warning: Reference `subsec:bootstrapping-blind-rotation' on page 119 unde
fined on input line 803.


LaTeX Warning: Reference `subsec:tfhe-key-switching' on page 119 undefined on i
nput line 809.


LaTeX Warning: Reference `subsec:tfhe-key-switching' on page 119 undefined on i
nput line 809.


LaTeX Warning: Reference `subsec:tfhe-summary' on page 119 undefined on input l
ine 818.

[119] [120]

LaTeX Warning: Reference `tab:lut' on page 121 undefined on input line 955.


LaTeX Warning: Reference `tab:lut' on page 121 undefined on input line 998.


LaTeX Warning: Reference `tab:lut' on page 121 undefined on input line 1003.

[121]

LaTeX Warning: Reference `subsec:tfhe-extraction' on page 122 undefined on inpu
t line 1059.


LaTeX Warning: Reference `subsec:tfhe-noise-bootstrapping' on page 122 undefine
d on input line 1080.


LaTeX Warning: Reference `subsec:tfhe-noise-bootstrapping-gate' on page 122 und
efined on input line 1080.


LaTeX Warning: Reference `subsec:tfhe-noise-bootstrapping' on page 122 undefine
d on input line 1080.


LaTeX Warning: Reference `subsec:tfhe-noise-bootstrapping-gate' on page 122 und
efined on input line 1080.

[122]

LaTeX Warning: Reference `subsec:bootstrapping-blind-rotation' on page 123 unde
fined on input line 1088.


LaTeX Warning: Reference `tab:gate-and' on page 123 undefined on input line 115
6.


LaTeX Warning: Reference `subsec:bootstrapping-overview' on page 123 undefined 
on input line 1158.


LaTeX Warning: Reference `subsec:tfhe-zero-padding' on page 123 undefined on in
put line 1158.

[123]
<figures/neural-network.pdf, id=1483, 1322.9425pt x 612.2875pt>
File: figures/neural-network.pdf Graphic file (type pdf)
<use figures/neural-network.pdf>
Package pdftex.def Info: figures/neural-network.pdf  used on input line 1169.
(pdftex.def)             Requested size: 375.80544pt x 173.9245pt.
<figures/nn-homomorphic.pdf, id=1484, 1358.07375pt x 612.2875pt>
File: figures/nn-homomorphic.pdf Graphic file (type pdf)
<use figures/nn-homomorphic.pdf>
Package pdftex.def Info: figures/nn-homomorphic.pdf  used on input line 1176.
(pdftex.def)             Requested size: 375.80544pt x 169.43063pt.


LaTeX Warning: `!h' float specifier changed to `!ht'.


LaTeX Warning: Reference `sec:glwe-add-cipher' on page 124 undefined on input l
ine 1188.


LaTeX Warning: Reference `sec:glwe-mult-plain' on page 124 undefined on input l
ine 1188.

[124 <./figures/neural-network.pdf>]

LaTeX Warning: Citation `torus' on page 125 undefined on input line 1200.

[125 <./figures/nn-homomorphic.pdf>]) [126] (./d02-bfv.tex

LaTeX Warning: Reference `part:generic-fhe' on page 127 undefined on input line
 3.


LaTeX Warning: Reference `sec:modulo' on page 127 undefined on input line 17.


LaTeX Warning: Reference `sec:modulo' on page 127 undefined on input line 17.


LaTeX Warning: Reference `sec:group' on page 127 undefined on input line 18.


LaTeX Warning: Reference `sec:group' on page 127 undefined on input line 18.


LaTeX Warning: Reference `sec:field' on page 127 undefined on input line 19.


LaTeX Warning: Reference `sec:field' on page 127 undefined on input line 19.


LaTeX Warning: Reference `sec:order' on page 127 undefined on input line 20.


LaTeX Warning: Reference `sec:order' on page 127 undefined on input line 20.


LaTeX Warning: Reference `sec:polynomial-ring' on page 127 undefined on input l
ine 21.


LaTeX Warning: Reference `sec:polynomial-ring' on page 127 undefined on input l
ine 21.


LaTeX Warning: Reference `sec:decomp' on page 127 undefined on input line 22.


LaTeX Warning: Reference `sec:decomp' on page 127 undefined on input line 22.


LaTeX Warning: Reference `sec:roots' on page 127 undefined on input line 23.


LaTeX Warning: Reference `sec:roots' on page 127 undefined on input line 23.


LaTeX Warning: Reference `sec:cyclotomic' on page 127 undefined on input line 2
4.


LaTeX Warning: Reference `sec:cyclotomic' on page 127 undefined on input line 2
4.


LaTeX Warning: Reference `sec:cyclotomic-polynomial-integer-ring' on page 127 u
ndefined on input line 25.


LaTeX Warning: Reference `sec:cyclotomic-polynomial-integer-ring' on page 127 u
ndefined on input line 25.


LaTeX Warning: Reference `sec:matrix' on page 127 undefined on input line 26.


LaTeX Warning: Reference `sec:matrix' on page 127 undefined on input line 26.


LaTeX Warning: Reference `sec:euler' on page 127 undefined on input line 27.


LaTeX Warning: Reference `sec:euler' on page 127 undefined on input line 27.


LaTeX Warning: Reference `sec:modulus-rescaling' on page 127 undefined on input
 line 28.


LaTeX Warning: Reference `sec:modulus-rescaling' on page 127 undefined on input
 line 28.


LaTeX Warning: Reference `sec:chinese-remainder' on page 127 undefined on input
 line 29.


LaTeX Warning: Reference `sec:chinese-remainder' on page 127 undefined on input
 line 29.


LaTeX Warning: Reference `sec:polynomial-interpolation' on page 127 undefined o
n input line 30.


LaTeX Warning: Reference `sec:polynomial-interpolation' on page 127 undefined o
n input line 30.


LaTeX Warning: Reference `sec:ntt' on page 127 undefined on input line 31.


LaTeX Warning: Reference `sec:ntt' on page 127 undefined on input line 31.


LaTeX Warning: Reference `sec:lattice' on page 127 undefined on input line 32.


LaTeX Warning: Reference `sec:lattice' on page 127 undefined on input line 32.


LaTeX Warning: Reference `sec:rlwe' on page 127 undefined on input line 33.


LaTeX Warning: Reference `sec:rlwe' on page 127 undefined on input line 33.


LaTeX Warning: Reference `sec:glwe' on page 127 undefined on input line 34.


LaTeX Warning: Reference `sec:glwe' on page 127 undefined on input line 34.


LaTeX Warning: Reference `sec:glwe-add-cipher' on page 127 undefined on input l
ine 35.


LaTeX Warning: Reference `sec:glwe-add-cipher' on page 127 undefined on input l
ine 35.


LaTeX Warning: Reference `sec:glwe-add-plain' on page 127 undefined on input li
ne 36.


LaTeX Warning: Reference `sec:glwe-add-plain' on page 127 undefined on input li
ne 36.


LaTeX Warning: Reference `sec:glwe-mult-plain' on page 127 undefined on input l
ine 37.


LaTeX Warning: Reference `sec:glwe-mult-plain' on page 127 undefined on input l
ine 37.


LaTeX Warning: Reference `subsec:modulus-switch-rlwe' on page 127 undefined on 
input line 38.


LaTeX Warning: Reference `subsec:modulus-switch-rlwe' on page 127 undefined on 
input line 38.


LaTeX Warning: Reference `sec:glwe-key-switching' on page 127 undefined on inpu
t line 39.


LaTeX Warning: Reference `sec:glwe-key-switching' on page 127 undefined on inpu
t line 39.

[127]

LaTeX Warning: Reference `subsec:bfv-single-encoding' on page 128 undefined on 
input line 52.


LaTeX Warning: Reference `subsec:bfv-single-encoding' on page 128 undefined on 
input line 70.


LaTeX Warning: Reference `subsec:bfv-single-encoding' on page 128 undefined on 
input line 108.


LaTeX Warning: Reference `subsec:bfv-single-encoding' on page 128 undefined on 
input line 115.

[128

]

Package hyperref Warning: Token not allowed in a PDF string (Unicode):
(hyperref)                removing `\mathsurround' on input line 121.


Package hyperref Warning: Token not allowed in a PDF string (Unicode):
(hyperref)                removing `\z@' on input line 121.


Package hyperref Warning: Token not allowed in a PDF string (Unicode):
(hyperref)                removing `subscript' on input line 121.


LaTeX Warning: Reference `subsec:poly-vector-transformation' on page 129 undefi
ned on input line 124.


LaTeX Warning: Reference `subsec:poly-vector-transformation' on page 129 undefi
ned on input line 124.


LaTeX Warning: Reference `subsec:poly-vector-transformation' on page 129 undefi
ned on input line 144.


LaTeX Warning: Reference `subsec:vandermonde-euler' on page 129 undefined on in
put line 156.


LaTeX Warning: Reference `subsec:vandermonde-euler' on page 129 undefined on in
put line 156.

[129]

LaTeX Warning: Reference `subsubsec:poly-vector-transformation-modulus' on page
 130 undefined on input line 180.


LaTeX Warning: Reference `subsec:poly-vector-transformation' on page 130 undefi
ned on input line 182.


LaTeX Warning: Reference `subsec:projection' on page 130 undefined on input lin
e 182.


LaTeX Warning: Reference `subsec:projection' on page 130 undefined on input lin
e 182.


Package hyperref Warning: Token not allowed in a PDF string (Unicode):
(hyperref)                removing `\mathsurround' on input line 187.


Package hyperref Warning: Token not allowed in a PDF string (Unicode):
(hyperref)                removing `\z@' on input line 187.


Package hyperref Warning: Token not allowed in a PDF string (Unicode):
(hyperref)                removing `subscript' on input line 187.


Package hyperref Warning: Token not allowed in a PDF string (Unicode):
(hyperref)                removing `\mathsurround' on input line 193.


Package hyperref Warning: Token not allowed in a PDF string (Unicode):
(hyperref)                removing `\z@' on input line 193.


Package hyperref Warning: Token not allowed in a PDF string (Unicode):
(hyperref)                removing `subscript' on input line 193.


Package hyperref Warning: Token not allowed in a PDF string (Unicode):
(hyperref)                removing `\mathsurround' on input line 201.


Package hyperref Warning: Token not allowed in a PDF string (Unicode):
(hyperref)                removing `\z@' on input line 201.


Package hyperref Warning: Token not allowed in a PDF string (Unicode):
(hyperref)                removing `subscript' on input line 201.


LaTeX Warning: Reference `subsubsec:bfv-encoding-1' on page 130 undefined on in
put line 204.


LaTeX Warning: Reference `subsubsec:bfv-encoding-summary' on page 130 undefined
 on input line 212.


LaTeX Warning: Reference `subsubsec:poly-vector-transformation-modulus' on page
 130 undefined on input line 245.

[130]

LaTeX Warning: Reference `subsubsec:bfv-encoding-summary' on page 131 undefined
 on input line 263.


LaTeX Warning: Reference `subsec:bfv-rotation' on page 131 undefined on input l
ine 263.


LaTeX Warning: Reference `subsubsec:bfv-encoding-summary' on page 131 undefined
 on input line 263.


LaTeX Warning: Reference `subsec:bfv-rotation' on page 131 undefined on input l
ine 263.


LaTeX Warning: Reference `subsubsec:bfv-rotation-summary' on page 131 undefined
 on input line 263.


LaTeX Warning: Reference `subsubsec:bfv-rotation-summary' on page 131 undefined
 on input line 263.


LaTeX Warning: Reference `sec:rlwe' on page 131 undefined on input line 269.


LaTeX Warning: Reference `subsec:glwe-alternative' on page 131 undefined on inp
ut line 269.


LaTeX Warning: Reference `subsec:bfv-enc-dec' on page 131 undefined on input li
ne 273.


LaTeX Warning: Reference `subsubsec:lwe-noise-bound' on page 131 undefined on i
nput line 309.


LaTeX Warning: Reference `subsubsec:lwe-noise-bound' on page 131 undefined on i
nput line 309.

[131]

LaTeX Warning: Reference `subsubsec:bfv-noise-analysis' on page 132 undefined o
n input line 317.


LaTeX Warning: Reference `subsec:glwe-alternative' on page 132 undefined on inp
ut line 324.


LaTeX Warning: Reference `subsec:bfv-add-cipher' on page 132 undefined on input
 line 327.


LaTeX Warning: Reference `subsec:bfv-enc-dec' on page 132 undefined on input li
ne 341.


LaTeX Warning: Reference `subsec:bfv-enc-dec' on page 132 undefined on input li
ne 341.

[132] [133]

LaTeX Warning: Reference `subsubsec:lwe-noise-bound' on page 134 undefined on i
nput line 419.


LaTeX Warning: Reference `subsec:glwe-alternative' on page 134 undefined on inp
ut line 448.


LaTeX Warning: Reference `sec:glwe-add-plain' on page 134 undefined on input li
ne 448.


LaTeX Warning: Reference `subsec:bfv-add-plain' on page 134 undefined on input 
line 451.


LaTeX Warning: Reference `subsec:glwe-alternative' on page 134 undefined on inp
ut line 467.


LaTeX Warning: Reference `sec:glwe-mult-plain' on page 134 undefined on input l
ine 467.


LaTeX Warning: Reference `subsec:bfv-mult-plain' on page 134 undefined on input
 line 470.

[134]

LaTeX Warning: Citation `inferati-bfv' on page 135 undefined on input line 487.



LaTeX Warning: Citation `cryptoeprint:2012/144' on page 135 undefined on input 
line 490.


LaTeX Warning: Reference `subsec:glwe-alternative' on page 135 undefined on inp
ut line 498.


LaTeX Warning: Reference `subsec:glwe-alternative' on page 135 undefined on inp
ut line 498.


LaTeX Warning: Reference `subsec:bfv-enc-dec' on page 135 undefined on input li
ne 503.


LaTeX Warning: Reference `subsec:bfv-enc-dec' on page 135 undefined on input li
ne 503.

[135]

LaTeX Warning: Reference `sec:glwe-mult-plain' on page 136 undefined on input l
ine 583.

[136]

LaTeX Warning: Reference `subsec:gadget-decomposition' on page 137 undefined on
 input line 597.


LaTeX Warning: Reference `sec:glev' on page 137 undefined on input line 597.

[137]
Overfull \hbox (38.01024pt too wide) in paragraph at lines 679--680
\OT1/lmr/m/n/10.95 (-50) The rescal-ing step is equiv-a-lent to con-vert-ing th
e ci-pher-text $(\OML/lmm/m/it/10.95 A[]; B[]\OT1/lmr/m/n/10.95 (-50) )  []  \O
ML/lmm/m/it/10.95 Q$ \OT1/lmr/m/n/10.95 (-50) into $[]  []
 []

[138]

LaTeX Warning: Reference `subsubsec:bfv-mult-cipher-relinearization' on page 13
9 undefined on input line 709.

[139]

LaTeX Warning: Reference `subsubsec:bfv-mult-cipher-rescaling' on page 140 unde
fined on input line 809.


LaTeX Warning: Reference `subsubsec:bfv-mult-cipher-summary' on page 140 undefi
ned on input line 817.

[140]

LaTeX Warning: Reference `subsubsec:bfv-mult-cipher-multiplication' on page 141
 undefined on input line 901.


LaTeX Warning: Reference `subsec:bfv-enc-dec' on page 141 undefined on input li
ne 901.


LaTeX Warning: Reference `subsec:bfv-enc-dec' on page 141 undefined on input li
ne 901.

[141]

LaTeX Warning: Reference `subsec:tfhe-mult-cipher' on page 142 undefined on inp
ut line 913.


LaTeX Warning: Reference `subsubsec:bfv-mult-cipher-summary' on page 142 undefi
ned on input line 942.

[142]

LaTeX Warning: Reference `subsec:glwe-alternative' on page 143 undefined on inp
ut line 1030.


LaTeX Warning: Reference `sec:glwe-key-switching' on page 143 undefined on inpu
t line 1030.


LaTeX Warning: Reference `subsec:bfv-key-switching' on page 143 undefined on in
put line 1032.


LaTeX Warning: Reference `subsec:coeff-rotation' on page 143 undefined on input
 line 1043.

[143]

LaTeX Warning: Reference `subsec:bfv-batch-encoding' on page 144 undefined on i
nput line 1069.


LaTeX Warning: Reference `subsec:poly-vector-transformation' on page 144 undefi
ned on input line 1112.

[144]
Overfull \hbox (36.94727pt too wide) in paragraph at lines 1119--1120
[]$\OT1/lmr/m/n/10.95 (-50) = \OT1/cmr/bx/n/10.95 ([]\OML/lmm/m/it/10.95 M\OT1/
lmr/m/n/10.95 (-50) (\OML/lmm/m/it/10.95 !\OT1/lmr/m/n/10.95 (-50) )\OML/lmm/m/
it/10.95 ; []M\OT1/lmr/m/n/10.95 (-50) (\OML/lmm/m/it/10.95 ![]\OT1/lmr/m/n/10.
95 (-50) )\OML/lmm/m/it/10.95 ; []M\OT1/lmr/m/n/10.95 (-50) (\OML/lmm/m/it/10.9
5 ![]\OT1/lmr/m/n/10.95 (-50) )\OML/lmm/m/it/10.95 ; []  ; M\OT1/lmr/m/n/10.95 
(-50) (\OML/lmm/m/it/10.95 ![]\OT1/lmr/m/n/10.95 (-50) )\OML/lmm/m/it/10.95 ; [
]M\OT1/lmr/m/n/10.95 (-50) (\OML/lmm/m/it/10.95 ![]\OT1/lmr/m/n/10.95 (-50) )\O
ML/lmm/m/it/10.95 ; []M\OT1/lmr/m/n/10.95 (-50) (\OML/lmm/m/it/10.95 ![]\OT1/lm
r/m/n/10.95 (-50) )\OML/lmm/m/it/10.95 ; []M\OT1/lmr/m/n/10.95 (-50) (\OML/lmm/
m/it/10.95 ![]\OT1/lmr/m/n/10.95 (-50) )\OML/lmm/m/it/10.95 ; []  ; M\OT1/lmr/m
/n/10.95 (-50) (\OML/lmm/m/it/10.95 ![]\OT1/lmr/m/n/10.95 (-50) )\OML/lmm/m/it/
10.95 ; []M\OT1/lmr/m/n/10.95 (-50) (\OML/lmm/m/it/10.95 ![]\OT1/lmr/m/n/10.95 
(-50) )[]\OT1/cmr/bx/n/10.95 )$ 
 []


LaTeX Warning: Reference `subsubsec:bfv-encoding-1' on page 145 undefined on in
put line 1137.

[145]

LaTeX Warning: Reference `subsec:poly-vector-transformation' on page 146 undefi
ned on input line 1178.


LaTeX Warning: Reference `subsec:bfv-batch-encoding' on page 146 undefined on i
nput line 1195.


Overfull \hbox (6.6068pt too wide) in paragraph at lines 1218--1220
[]$[] \OT1/lmr/m/n/10.95 (-50) = \OT1/cmr/bx/n/10.95 ([]\OML/lmm/m/it/10.95 M\O
T1/lmr/m/n/10.95 (-50) (\OML/lmm/m/it/10.95 ![]\OT1/lmr/m/n/10.95 (-50) )\OML/l
mm/m/it/10.95 ; []M\OT1/lmr/m/n/10.95 (-50) (\OML/lmm/m/it/10.95 ![]\OT1/lmr/m/
n/10.95 (-50) )\OML/lmm/m/it/10.95 ; []M\OT1/lmr/m/n/10.95 (-50) (\OML/lmm/m/it
/10.95 ![]\OT1/lmr/m/n/10.95 (-50) )\OML/lmm/m/it/10.95 ; []  ; M\OT1/lmr/m/n/1
0.95 (-50) (\OML/lmm/m/it/10.95 ![]\OT1/lmr/m/n/10.95 (-50) )\OML/lmm/m/it/10.9
5 ; []M\OT1/lmr/m/n/10.95 (-50) (\OML/lmm/m/it/10.95 ![]\OT1/lmr/m/n/10.95 (-50
) )\OML/lmm/m/it/10.95 ; []M\OT1/lmr/m/n/10.95 (-50) (\OML/lmm/m/it/10.95 ![]\O
T1/lmr/m/n/10.95 (-50) )\OML/lmm/m/it/10.95 ; []  ; M\OT1/lmr/m/n/10.95 (-50) (
\OML/lmm/m/it/10.95 ![]\OT1/lmr/m/n/10.95 (-50) )[]\OT1/cmr/bx/n/10.95 )$ 
 []

[146]
Overfull \hbox (24.42863pt too wide) in paragraph at lines 1249--1256
$[] \OT1/lmr/m/n/10.95 (-50) = []$ 
 []


LaTeX Warning: Reference `subsec:bfv-batch-encoding' on page 147 undefined on i
nput line 1261.


LaTeX Warning: Reference `subsec:vandermonde-euler' on page 147 undefined on in
put line 1270.


LaTeX Warning: Reference `subsec:vandermonde-euler' on page 147 undefined on in
put line 1270.


Overfull \hbox (26.23381pt too wide) in paragraph at lines 1300--1301
[]$[] \OT1/lmr/m/n/10.95 (-50) = \OT1/cmr/bx/n/10.95 ([]\OML/lmm/m/it/10.95 M\O
T1/lmr/m/n/10.95 (-50) (\OML/lmm/m/it/10.95 ![]\OT1/lmr/m/n/10.95 (-50) )\OML/l
mm/m/it/10.95 ; []M\OT1/lmr/m/n/10.95 (-50) (\OML/lmm/m/it/10.95 ![]\OT1/lmr/m/
n/10.95 (-50) )\OML/lmm/m/it/10.95 ; []  ; M\OT1/lmr/m/n/10.95 (-50) (\OML/lmm/
m/it/10.95 ![]\OT1/lmr/m/n/10.95 (-50) )\OML/lmm/m/it/10.95 ; []M\OT1/lmr/m/n/1
0.95 (-50) (\OML/lmm/m/it/10.95 ![]\OT1/lmr/m/n/10.95 (-50) )\OML/lmm/m/it/10.9
5 ; []M\OT1/lmr/m/n/10.95 (-50) (\OML/lmm/m/it/10.95 ![]\OT1/lmr/m/n/10.95 (-50
) )\OML/lmm/m/it/10.95 ; []  ; []M\OT1/lmr/m/n/10.95 (-50) (\OML/lmm/m/it/10.95
 ![]\OT1/lmr/m/n/10.95 (-50) )\OML/lmm/m/it/10.95 ; []M\OT1/lmr/m/n/10.95 (-50)
 (\OML/lmm/m/it/10.95 ![]\OT1/lmr/m/n/10.95 (-50) )\OML/lmm/m/it/10.95 ;$ 
 []


Overfull \hbox (25.37135pt too wide) in paragraph at lines 1302--1303
[][][][] $\OML/lmm/m/it/10.95 M\OT1/lmr/m/n/10.95 (-50) (\OML/lmm/m/it/10.95 ![
]\OT1/lmr/m/n/10.95 (-50) )\OML/lmm/m/it/10.95 ; []M\OT1/lmr/m/n/10.95 (-50) (\
OML/lmm/m/it/10.95 ![]\OT1/lmr/m/n/10.95 (-50) )\OML/lmm/m/it/10.95 ; []  ; M\O
T1/lmr/m/n/10.95 (-50) (\OML/lmm/m/it/10.95 ![]\OT1/lmr/m/n/10.95 (-50) )\OML/l
mm/m/it/10.95 ; []M\OT1/lmr/m/n/10.95 (-50) (\OML/lmm/m/it/10.95 ![]\OT1/lmr/m/
n/10.95 (-50) )\OML/lmm/m/it/10.95 ; []M\OT1/lmr/m/n/10.95 (-50) (\OML/lmm/m/it
/10.95 ![]\OT1/lmr/m/n/10.95 (-50) )\OML/lmm/m/it/10.95 ; []  ; []M\OT1/lmr/m/n
/10.95 (-50) (\OML/lmm/m/it/10.95 ![]\OT1/lmr/m/n/10.95 (-50) )\OML/lmm/m/it/10
.95 ; []M\OT1/lmr/m/n/10.95 (-50) (\OML/lmm/m/it/10.95 ![]\OT1/lmr/m/n/10.95 (-
50) )[]\OT1/cmr/bx/n/10.95 )$ 
 []

[147]

LaTeX Warning: Reference `subsec:vandermonde' on page 148 undefined on input li
ne 1306.


LaTeX Warning: Reference `subsec:vandermonde' on page 148 undefined on input li
ne 1306.


LaTeX Warning: Reference `subsec:vandermonde' on page 148 undefined on input li
ne 1306.


LaTeX Warning: Reference `subsec:vandermonde' on page 148 undefined on input li
ne 1306.

[148]

LaTeX Warning: Reference `sec:rlwe' on page 149 undefined on input line 1397.


LaTeX Warning: Reference `subsec:glwe-alternative' on page 149 undefined on inp
ut line 1397.


LaTeX Warning: Reference `subsec:bfv-key-switching' on page 149 undefined on in
put line 1411.


LaTeX Warning: Reference `subsec:bfv-key-switching' on page 149 undefined on in
put line 1411.

[149]

LaTeX Warning: Reference `subsec:bfv-rotation' on page 150 undefined on input l
ine 1424.


Overfull \hbox (4.23347pt too wide) in paragraph at lines 1430--1437
$[] \OT1/lmr/m/n/9 (-50) = []$ 
 []


LaTeX Warning: Reference `subsec:ckks-key-switching' on page 150 undefined on i
nput line 1481.


Overfull \hbox (12.49805pt too wide) in paragraph at lines 1483--1484
[]$[][]\OT1/cmr/bx/n/10.95 (\OT1/lmr/m/n/10.95 (-50) ^^A\OML/lmm/m/it/10.95 M\O
T1/lmr/m/n/10.95 (-50) (\OML/lmm/m/it/10.95 X[]\OT1/lmr/m/n/10.95 (-50) )\OT1/c
mr/bx/n/10.95 ) \OT1/lmr/m/n/10.95 (-50) = \OT1/cmr/bx/n/10.95 (\OT1/lmr/m/n/10
.95 (-50) 0\OML/lmm/m/it/10.95 ; B\OT1/lmr/m/n/10.95 (-50) (\OML/lmm/m/it/10.95
 X[]\OT1/lmr/m/n/10.95 (-50) )\OT1/cmr/bx/n/10.95 )[] \OT1/lmr/m/n/10.95 (-50) 
+ []\OMS/cmsy/b/n/10.95 h[][]\OT1/cmr/bx/n/10.95 (\OML/lmm/m/it/10.95 A\OT1/lmr
/m/n/10.95 (-50) (\OML/lmm/m/it/10.95 X[]\OT1/lmr/m/n/10.95 (-50) )\OT1/cmr/bx/
n/10.95 )\OML/lmm/m/it/10.95 ; [][][]\OT1/cmr/bx/n/10.95 (\OML/lmm/m/it/10.95 S
\OT1/lmr/m/n/10.95 (-50) (\OML/lmm/m/it/10.95 X[]\OT1/lmr/m/n/10.95 (-50) )\OT1
/cmr/bx/n/10.95 )\OMS/cmsy/b/n/10.95 i$ 
 []

[150]

LaTeX Warning: Reference `subsec:cyclotomic-def' on page 151 undefined on input
 line 1515.


LaTeX Warning: Reference `subsec:cyclotomic-def' on page 151 undefined on input
 line 1515.


LaTeX Warning: Reference `subsec:roots-def' on page 151 undefined on input line
 1515.


LaTeX Warning: Reference `subsec:roots-def' on page 151 undefined on input line
 1515.


LaTeX Warning: Reference `subsec:order-def' on page 151 undefined on input line
 1517.


LaTeX Warning: Reference `subsec:cyclotomic-def' on page 151 undefined on input
 line 1525.


LaTeX Warning: Reference `subsec:cyclotomic-def' on page 151 undefined on input
 line 1525.


LaTeX Warning: Reference `subsec:cyclotomic-theorem' on page 151 undefined on i
nput line 1525.


LaTeX Warning: Reference `subsec:cyclotomic-theorem' on page 151 undefined on i
nput line 1525.

[151]

LaTeX Warning: Reference `subsec:vandermonde-euler-integer-ring' on page 152 un
defined on input line 1568.


LaTeX Warning: Reference `subsec:vandermonde-euler-integer-ring' on page 152 un
defined on input line 1568.

[152] [153]

LaTeX Warning: Reference `subsec:vandermonde-euler-integer-ring' on page 154 un
defined on input line 1756.


LaTeX Warning: Reference `subsec:vandermonde-euler-integer-ring' on page 154 un
defined on input line 1756.

[154]

LaTeX Warning: Reference `subsec:matrix-arithmetic' on page 155 undefined on in
put line 1911.


LaTeX Warning: Reference `subsec:matrix-arithmetic' on page 155 undefined on in
put line 1911.

[155]

LaTeX Warning: Reference `subsec:vector-arithmetic' on page 156 undefined on in
put line 1935.


LaTeX Warning: Reference `subsec:vector-arithmetic' on page 156 undefined on in
put line 1935.


LaTeX Warning: Reference `subsec:bfv-mult-plain' on page 156 undefined on input
 line 1952.


LaTeX Warning: Reference `subsec:bfv-rotation' on page 156 undefined on input l
ine 1952.


LaTeX Warning: Citation `cryptoeprint:2022/1363' on page 156 undefined on input
 line 1960.


LaTeX Warning: Citation `10.1007/s00145-020-09368-7' on page 156 undefined on i
nput line 1964.


LaTeX Warning: Citation `huo2019notelowerdigitsextraction' on page 156 undefine
d on input line 1967.


LaTeX Warning: Citation `cryptoeprint:2024/1587' on page 156 undefined on input
 line 1970.


LaTeX Warning: Reference `subsec:bfv-enc-dec' on page 156 undefined on input li
ne 1985.


LaTeX Warning: Reference `subsec:bfv-enc-dec' on page 156 undefined on input li
ne 1985.

[156]
Overfull \hbox (46.08658pt too wide) in paragraph at lines 1994--1995
[]\OT1/lmr/bx/n/10.95 (-50) Modulus Switch ($\OML/lmm/b/it/10.95 q \OMS/lmsy/b/
n/10.95 ! \OML/lmm/b/it/10.95 p[]$\OT1/lmr/bx/n/10.95 (-50) ): \OT1/lmr/m/n/10.
95 (-50) Scale down the ci-pher-text mod-u-lus from $(\OML/lmm/m/it/10.95 A; B\
OT1/lmr/m/n/10.95 (-50) )  []  \OML/lmm/m/it/10.95 q$ \OT1/lmr/m/n/10.95 (-50) 
to $[] =
 []

[157]

LaTeX Warning: Reference `subsubsec:bfv-rotation-summary' on page 158 undefined
 on input line 2031.


LaTeX Warning: Reference `subsubsec:bfv-rotation-summary' on page 158 undefined
 on input line 2031.


LaTeX Warning: Reference `subsubsec:bfv-rotation-summary' on page 158 undefined
 on input line 2056.


LaTeX Warning: Reference `subsubsec:bfv-rotation-summary' on page 158 undefined
 on input line 2056.

[158] [159]

LaTeX Warning: Reference `subsubsec:bfv-bootstrapping-digit-extraction' on page
 160 undefined on input line 2108.


LaTeX Warning: Reference `subsubsec:bfv-rotation-summary' on page 160 undefined
 on input line 2121.


LaTeX Warning: Reference `subsubsec:bfv-rotation-summary' on page 160 undefined
 on input line 2121.


Overfull \hbox (35.37866pt too wide) in paragraph at lines 2123--2130
[]$[] \OT1/lmr/m/n/10.95 (-50) = []$ 
 []


LaTeX Warning: Reference `subsec:bfv-matrix-multiplication' on page 160 undefin
ed on input line 2137.

[160]

LaTeX Warning: Reference `subsubsec:bfv-rotation-summary' on page 161 undefined
 on input line 2141.


LaTeX Warning: Reference `subsubsec:bfv-rotation-summary' on page 161 undefined
 on input line 2141.

[161] [162] [163]

LaTeX Warning: Reference `sec:polynomial-interpolation' on page 164 undefined o
n input line 2312.

[164] [165]

LaTeX Warning: Reference `subsubsec:bfv-bootstrapping-summary' on page 166 unde
fined on input line 2413.


Underfull \hbox (badness 1354) in paragraph at lines 2420--2421
[]$[]$ \OT1/lmr/bx/n/10.95 (from $\OML/lmm/b/it/10.95 q \OMS/lmsy/b/n/10.95 ! \
OML/lmm/b/it/10.95 p[]$\OT1/lmr/bx/n/10.95 ): \OT1/lmr/m/n/10.95 Scale down the
 ci-pher-text from $(\OML/lmm/m/it/10.95 A; B\OT1/lmr/m/n/10.95 )$ to
 []


LaTeX Warning: Reference `subsubsec:bfv-rotation-summary' on page 166 undefined
 on input line 2444.


LaTeX Warning: Reference `subsubsec:bfv-rotation-summary' on page 166 undefined
 on input line 2444.


LaTeX Warning: Reference `subsubsec:bfv-rotation-summary' on page 166 undefined
 on input line 2475.


LaTeX Warning: Reference `subsubsec:bfv-rotation-summary' on page 166 undefined
 on input line 2475.

[166]) [167] (./d03-ckks.tex

LaTeX Warning: Reference `sec:modulo' on page 168 undefined on input line 46.


LaTeX Warning: Reference `sec:modulo' on page 168 undefined on input line 46.


LaTeX Warning: Reference `sec:group' on page 168 undefined on input line 47.


LaTeX Warning: Reference `sec:group' on page 168 undefined on input line 47.


LaTeX Warning: Reference `sec:field' on page 168 undefined on input line 48.


LaTeX Warning: Reference `sec:field' on page 168 undefined on input line 48.


LaTeX Warning: Reference `sec:order' on page 168 undefined on input line 49.


LaTeX Warning: Reference `sec:order' on page 168 undefined on input line 49.


LaTeX Warning: Reference `sec:polynomial-ring' on page 168 undefined on input l
ine 50.


LaTeX Warning: Reference `sec:polynomial-ring' on page 168 undefined on input l
ine 50.


LaTeX Warning: Reference `sec:decomp' on page 168 undefined on input line 51.


LaTeX Warning: Reference `sec:decomp' on page 168 undefined on input line 51.


LaTeX Warning: Reference `sec:roots' on page 168 undefined on input line 52.


LaTeX Warning: Reference `sec:roots' on page 168 undefined on input line 52.


LaTeX Warning: Reference `sec:cyclotomic' on page 168 undefined on input line 5
3.


LaTeX Warning: Reference `sec:cyclotomic' on page 168 undefined on input line 5
3.


LaTeX Warning: Reference `sec:matrix' on page 168 undefined on input line 54.


LaTeX Warning: Reference `sec:matrix' on page 168 undefined on input line 54.


LaTeX Warning: Reference `sec:euler' on page 168 undefined on input line 55.


LaTeX Warning: Reference `sec:euler' on page 168 undefined on input line 55.


LaTeX Warning: Reference `sec:modulus-rescaling' on page 168 undefined on input
 line 56.


LaTeX Warning: Reference `sec:modulus-rescaling' on page 168 undefined on input
 line 56.


LaTeX Warning: Reference `sec:chinese-remainder' on page 168 undefined on input
 line 57.


LaTeX Warning: Reference `sec:chinese-remainder' on page 168 undefined on input
 line 57.


LaTeX Warning: Reference `sec:taylor-series' on page 168 undefined on input lin
e 58.


LaTeX Warning: Reference `sec:taylor-series' on page 168 undefined on input lin
e 58.


LaTeX Warning: Reference `sec:polynomial-interpolation' on page 168 undefined o
n input line 59.


LaTeX Warning: Reference `sec:polynomial-interpolation' on page 168 undefined o
n input line 59.


LaTeX Warning: Reference `sec:ntt' on page 168 undefined on input line 60.


LaTeX Warning: Reference `sec:ntt' on page 168 undefined on input line 60.


LaTeX Warning: Reference `sec:lattice' on page 168 undefined on input line 61.


LaTeX Warning: Reference `sec:lattice' on page 168 undefined on input line 61.


LaTeX Warning: Reference `sec:rlwe' on page 168 undefined on input line 62.


LaTeX Warning: Reference `sec:rlwe' on page 168 undefined on input line 62.


LaTeX Warning: Reference `sec:glwe' on page 168 undefined on input line 63.


LaTeX Warning: Reference `sec:glwe' on page 168 undefined on input line 63.


LaTeX Warning: Reference `sec:glev' on page 168 undefined on input line 64.


LaTeX Warning: Reference `sec:glev' on page 168 undefined on input line 64.


LaTeX Warning: Reference `sec:glwe-add-cipher' on page 168 undefined on input l
ine 65.


LaTeX Warning: Reference `sec:glwe-add-cipher' on page 168 undefined on input l
ine 65.


LaTeX Warning: Reference `sec:glwe-add-plain' on page 168 undefined on input li
ne 66.


LaTeX Warning: Reference `sec:glwe-add-plain' on page 168 undefined on input li
ne 66.


LaTeX Warning: Reference `sec:glwe-mult-plain' on page 168 undefined on input l
ine 67.


LaTeX Warning: Reference `sec:glwe-mult-plain' on page 168 undefined on input l
ine 67.


LaTeX Warning: Reference `subsec:modulus-switch-rlwe' on page 168 undefined on 
input line 68.


LaTeX Warning: Reference `subsec:modulus-switch-rlwe' on page 168 undefined on 
input line 68.


LaTeX Warning: Reference `sec:glwe-key-switching' on page 168 undefined on inpu
t line 69.


LaTeX Warning: Reference `sec:glwe-key-switching' on page 168 undefined on inpu
t line 69.


LaTeX Warning: Reference `sec:bfv' on page 168 undefined on input line 70.


LaTeX Warning: Reference `sec:bfv' on page 168 undefined on input line 70.

[168] [169]

LaTeX Warning: Reference `subsec:bfv-enc-dec' on page 170 undefined on input li
ne 81.


LaTeX Warning: Reference `subsec:bfv-enc-dec' on page 170 undefined on input li
ne 81.


LaTeX Warning: Reference `subsubsec:bfv-rotation-summary' on page 170 undefined
 on input line 81.


LaTeX Warning: Reference `subsec:bfv-rotation' on page 170 undefined on input l
ine 81.


LaTeX Warning: Reference `subsec:poly-vector-transformation-complex' on page 17
0 undefined on input line 81.


LaTeX Warning: Reference `subsec:poly-vector-transformation-complex' on page 17
0 undefined on input line 81.


LaTeX Warning: Reference `subsec:poly-vector-transformation-complex' on page 17
0 undefined on input line 89.


LaTeX Warning: Reference `subsec:poly-vector-transformation-complex' on page 17
0 undefined on input line 89.


LaTeX Warning: Reference `subsubsec:bfv-rotation-summary' on page 170 undefined
 on input line 96.


LaTeX Warning: Reference `subsubsec:bfv-rotation-summary' on page 170 undefined
 on input line 96.

[170

]

LaTeX Warning: Reference `subsec:poly-vector-transformation-complex' on page 17
1 undefined on input line 126.


LaTeX Warning: Reference `subsec:poly-vector-transformation-complex' on page 17
1 undefined on input line 126.


Overfull \hbox (6.6068pt too wide) in paragraph at lines 141--143
[]$[] \OT1/lmr/m/n/10.95 (-50) = \OT1/cmr/bx/n/10.95 ([]\OML/lmm/m/it/10.95 M\O
T1/lmr/m/n/10.95 (-50) (\OML/lmm/m/it/10.95 ![]\OT1/lmr/m/n/10.95 (-50) )\OML/l
mm/m/it/10.95 ; []M\OT1/lmr/m/n/10.95 (-50) (\OML/lmm/m/it/10.95 ![]\OT1/lmr/m/
n/10.95 (-50) )\OML/lmm/m/it/10.95 ; []M\OT1/lmr/m/n/10.95 (-50) (\OML/lmm/m/it
/10.95 ![]\OT1/lmr/m/n/10.95 (-50) )\OML/lmm/m/it/10.95 ; []  ; M\OT1/lmr/m/n/1
0.95 (-50) (\OML/lmm/m/it/10.95 ![]\OT1/lmr/m/n/10.95 (-50) )\OML/lmm/m/it/10.9
5 ; []M\OT1/lmr/m/n/10.95 (-50) (\OML/lmm/m/it/10.95 ![]\OT1/lmr/m/n/10.95 (-50
) )\OML/lmm/m/it/10.95 ; []M\OT1/lmr/m/n/10.95 (-50) (\OML/lmm/m/it/10.95 ![]\O
T1/lmr/m/n/10.95 (-50) )\OML/lmm/m/it/10.95 ; []  ; M\OT1/lmr/m/n/10.95 (-50) (
\OML/lmm/m/it/10.95 ![]\OT1/lmr/m/n/10.95 (-50) )[]\OT1/cmr/bx/n/10.95 )$ 
 []


LaTeX Warning: Reference `subsec:ckks-rotation' on page 171 undefined on input 
line 153.


LaTeX Warning: Reference `subsubsec:bfv-encoding-summary' on page 171 undefined
 on input line 157.


LaTeX Warning: Reference `subsubsec:bfv-encoding-summary' on page 171 undefined
 on input line 157.


LaTeX Warning: Reference `subsec:ckks-encoding-decoding' on page 171 undefined 
on input line 159.


Overfull \hbox (18.22511pt too wide) in paragraph at lines 180--187
$[] \OT1/lmr/m/n/9 (-50) = []$ 
 []


Overfull \hbox (19.75201pt too wide) in paragraph at lines 190--197
$\OT1/lmr/m/n/10 (-50) = []$ 
 []

[171] [172] [173] [174]

LaTeX Warning: Reference `subsec:bfv-enc-dec' on page 175 undefined on input li
ne 464.


LaTeX Warning: Reference `subsec:bfv-enc-dec' on page 175 undefined on input li
ne 464.


LaTeX Warning: Reference `subsec:ckks-enc-dec' on page 175 undefined on input l
ine 467.

[175]

LaTeX Warning: Reference `subsec:bfv-add-cipher' on page 176 undefined on input
 line 513.


LaTeX Warning: Reference `subsec:bfv-add-cipher' on page 176 undefined on input
 line 513.


LaTeX Warning: Reference `subsec:ckks-add-cipher' on page 176 undefined on inpu
t line 518.


LaTeX Warning: Reference `subsec:bfv-add-plain' on page 176 undefined on input 
line 532.


LaTeX Warning: Reference `subsec:bfv-add-plain' on page 176 undefined on input 
line 532.


LaTeX Warning: Reference `subsec:ckks-add-plain' on page 176 undefined on input
 line 536.

[176]

LaTeX Warning: Reference `subsec:glwe-alternative' on page 177 undefined on inp
ut line 554.


LaTeX Warning: Reference `subsec:glwe-alternative' on page 177 undefined on inp
ut line 554.


LaTeX Warning: Reference `subsec:glwe-alternative' on page 177 undefined on inp
ut line 613.

[177]

LaTeX Warning: Reference `subsubsec:bfv-mult-cipher-relinearization' on page 17
8 undefined on input line 657.


LaTeX Warning: Reference `subsubsec:bfv-mult-cipher-relinearization' on page 17
8 undefined on input line 657.


LaTeX Warning: Reference `subsec:gadget-decomposition' on page 178 undefined on
 input line 657.


LaTeX Warning: Reference `sec:glev' on page 178 undefined on input line 657.

[178]

LaTeX Warning: Reference `subsec:modulus-switch-glwe' on page 179 undefined on 
input line 758.

[179]

LaTeX Warning: Reference `subsec:modulo-division' on page 180 undefined on inpu
t line 835.

[180]

LaTeX Warning: Reference `subsec:modulus-switch-glwe' on page 181 undefined on 
input line 837.


LaTeX Warning: Reference `sec:modulus-rescaling' on page 181 undefined on input
 line 837.


LaTeX Warning: Reference `subsec:ckks-bootstrapping' on page 181 undefined on i
nput line 837.


LaTeX Warning: Reference `sec:chinese-remainder' on page 181 undefined on input
 line 839.

[181]

LaTeX Warning: Reference `sec:chinese-remainder' on page 182 undefined on input
 line 893.


LaTeX Warning: Reference `sec:chinese-remainder' on page 182 undefined on input
 line 893.


LaTeX Warning: Reference `subsec:glwe-enc' on page 182 undefined on input line 
895.


LaTeX Warning: Reference `subsec:glwe-enc' on page 182 undefined on input line 
895.

[182]

LaTeX Warning: Reference `subsec:ckks-bootstrapping' on page 183 undefined on i
nput line 907.


LaTeX Warning: Reference `subsec:ckks-bootstrapping' on page 183 undefined on i
nput line 909.


LaTeX Warning: Reference `subsubsec:ckks-mult-cipher-summary' on page 183 undef
ined on input line 917.

[183] [184]

LaTeX Warning: Reference `subsec:bfv-mult-plain' on page 185 undefined on input
 line 1015.


LaTeX Warning: Reference `subsec:ckks-encoding-decoding' on page 185 undefined 
on input line 1025.


LaTeX Warning: Reference `subsec:ckks-encoding-decoding' on page 185 undefined 
on input line 1025.


LaTeX Warning: Reference `subsec:ckks-encoding-decoding' on page 185 undefined 
on input line 1025.


LaTeX Warning: Reference `subsec:ckks-encoding-decoding' on page 185 undefined 
on input line 1025.


LaTeX Warning: Reference `subsubsec:ckks-mult-cipher-summary' on page 185 undef
ined on input line 1025.


LaTeX Warning: Reference `subsubsec:ckks-mult-cipher-summary' on page 185 undef
ined on input line 1025.


LaTeX Warning: Reference `subsec:ckks-mult-plain' on page 185 undefined on inpu
t line 1029.


LaTeX Warning: Reference `subsubsec:ckks-mult-cipher-summary' on page 185 undef
ined on input line 1049.


LaTeX Warning: Reference `subsubsec:ckks-mult-cipher-summary' on page 185 undef
ined on input line 1049.

[185]

LaTeX Warning: Reference `subsec:ckks-moddrop' on page 186 undefined on input l
ine 1098.


LaTeX Warning: Reference `subsubsec:ckks-mult-cipher-rescale' on page 186 undef
ined on input line 1113.


LaTeX Warning: Reference `subsec:bfv-key-switching' on page 186 undefined on in
put line 1120.


LaTeX Warning: Reference `subsec:bfv-key-switching' on page 186 undefined on in
put line 1120.


LaTeX Warning: Reference `subsec:ckks-key-switching' on page 186 undefined on i
nput line 1124.

[186]

LaTeX Warning: Reference `subsec:ckks-encoding-decoding' on page 187 undefined 
on input line 1134.


LaTeX Warning: Reference `subsec:ckks-encoding-decoding' on page 187 undefined 
on input line 1134.


LaTeX Warning: Reference `subsubsec:bfv-rotation-summary' on page 187 undefined
 on input line 1134.


LaTeX Warning: Reference `subsubsec:bfv-rotation-summary' on page 187 undefined
 on input line 1134.


LaTeX Warning: Reference `sec:cyclotomic-polynomial-integer-ring' on page 187 u
ndefined on input line 1134.


LaTeX Warning: Reference `subsubsec:bfv-rotation-summary' on page 187 undefined
 on input line 1146.


LaTeX Warning: Reference `subsubsec:bfv-rotation-summary' on page 187 undefined
 on input line 1146.


LaTeX Warning: Reference `subsec:ckks-rotation' on page 187 undefined on input 
line 1149.


LaTeX Warning: Reference `subsec:ckks-key-switching' on page 187 undefined on i
nput line 1165.


Overfull \hbox (12.49805pt too wide) in paragraph at lines 1168--1169
[]$[][]\OT1/cmr/bx/n/10.95 (\OT1/lmr/m/n/10.95 (-50) ^^A\OML/lmm/m/it/10.95 M\O
T1/lmr/m/n/10.95 (-50) (\OML/lmm/m/it/10.95 X[]\OT1/lmr/m/n/10.95 (-50) )\OT1/c
mr/bx/n/10.95 ) \OT1/lmr/m/n/10.95 (-50) = \OT1/cmr/bx/n/10.95 (\OT1/lmr/m/n/10
.95 (-50) 0\OML/lmm/m/it/10.95 ; B\OT1/lmr/m/n/10.95 (-50) (\OML/lmm/m/it/10.95
 X[]\OT1/lmr/m/n/10.95 (-50) )\OT1/cmr/bx/n/10.95 )[] \OT1/lmr/m/n/10.95 (-50) 
+ []\OMS/cmsy/b/n/10.95 h[][]\OT1/cmr/bx/n/10.95 (\OML/lmm/m/it/10.95 A\OT1/lmr
/m/n/10.95 (-50) (\OML/lmm/m/it/10.95 X[]\OT1/lmr/m/n/10.95 (-50) )\OT1/cmr/bx/
n/10.95 )\OML/lmm/m/it/10.95 ; [][][]\OT1/cmr/bx/n/10.95 (\OML/lmm/m/it/10.95 S
\OT1/lmr/m/n/10.95 (-50) (\OML/lmm/m/it/10.95 X[]\OT1/lmr/m/n/10.95 (-50) )\OT1
/cmr/bx/n/10.95 )\OMS/cmsy/b/n/10.95 i$ 
 []

[187]

LaTeX Warning: Reference `subsubsec:ckks-encoding-ex' on page 188 undefined on 
input line 1191.

[188]

LaTeX Warning: Reference `subsec:ckks-encoding-decoding' on page 189 undefined 
on input line 1287.


LaTeX Warning: Reference `subsec:ckks-encoding-decoding' on page 189 undefined 
on input line 1287.


LaTeX Warning: Reference `subsec:vandermonde' on page 189 undefined on input li
ne 1287.


LaTeX Warning: Reference `subsec:vandermonde-euler' on page 189 undefined on in
put line 1287.


LaTeX Warning: Reference `subsec:cyclotomic-def' on page 189 undefined on input
 line 1287.


LaTeX Warning: Reference `subsec:ckks-enc-dec' on page 189 undefined on input l
ine 1287.

[189]

LaTeX Warning: Reference `subsec:ckks-rotation' on page 190 undefined on input 
line 1289.


LaTeX Warning: Reference `subsec:ckks-encoding-decoding' on page 190 undefined 
on input line 1296.


LaTeX Warning: Reference `subsec:ckks-encoding-decoding' on page 190 undefined 
on input line 1296.


Overfull \hbox (13.30498pt too wide) in paragraph at lines 1311--1312
[][]$\U/msa/m/n/10.95 B$ \OT1/lmr/m/n/10.95 (-50) where $\OML/lmm/m/it/10.95 X 
\OT1/lmr/m/n/10.95 (-50) = \OMS/lmsy/m/n/10.95 f\OML/lmm/m/it/10.95 !; ![]; [] 
 ; ![]; ![]; ![]; []  ; ![]\OMS/lmsy/m/n/10.95 g \OT1/lmr/m/n/10.95 (-50) = \OM
S/lmsy/m/n/10.95 f\OML/lmm/m/it/10.95 !; ![]; []  ; ![]; ![]; ![]; []  ; ![]\OM
S/lmsy/m/n/10.95 g$[] 
 []


LaTeX Warning: Reference `subsec:ckks-conjugation' on page 190 undefined on inp
ut line 1319.


LaTeX Warning: Reference `subsec:ckks-encoding-decoding' on page 190 undefined 
on input line 1334.


LaTeX Warning: Reference `subsec:ckks-sparse-packing' on page 190 undefined on 
input line 1337.

[190] [191]

LaTeX Warning: Citation `ckks' on page 192 undefined on input line 1395.


LaTeX Warning: Reference `subsubsec:ckks-mult-cipher-rescale' on page 192 undef
ined on input line 1399.

<figures/modulo-reduction-sine.png, id=1966, 1239.12938pt x 325.215pt>
File: figures/modulo-reduction-sine.png Graphic file (type png)
<use figures/modulo-reduction-sine.png>
Package pdftex.def Info: figures/modulo-reduction-sine.png  used on input line 
1432.
(pdftex.def)             Requested size: 469.75502pt x 123.28523pt.

LaTeX Warning: `!h' float specifier changed to `!ht'.


LaTeX Warning: Reference `fig:modulo-reduction-sine' on page 192 undefined on i
nput line 1438.

[192]

LaTeX Warning: Reference `tab:ckks-bootstrapping-procedure' on page 193 undefin
ed on input line 1454.


LaTeX Warning: Reference `tab:ckks-bootstrapping-procedure' on page 193 undefin
ed on input line 1485.

[193 <./figures/modulo-reduction-sine.png>]

LaTeX Warning: Reference `subsec:ckks-encoding-decoding' on page 194 undefined 
on input line 1518.

[194]

LaTeX Warning: Reference `subsec:ckks-encoding-decoding' on page 195 undefined 
on input line 1562.

[195]

LaTeX Warning: Reference `subsec:ckks-rotation' on page 196 undefined on input 
line 1617.


LaTeX Warning: Reference `subsec:ckks-rotation' on page 196 undefined on input 
line 1617.

[196]

LaTeX Warning: Reference `subsec:ckks-conjugation' on page 197 undefined on inp
ut line 1664.


LaTeX Warning: Reference `subsec:bfv-matrix-multiplication' on page 197 undefin
ed on input line 1664.


LaTeX Warning: Reference `sec:taylor-series' on page 197 undefined on input lin
e 1673.


LaTeX Warning: Reference `sec:euler' on page 197 undefined on input line 1692.

[197] [198]

LaTeX Warning: Reference `subsec:ckks-conjugation' on page 199 undefined on inp
ut line 1741.


LaTeX Warning: Reference `subsec:ckks-encoding-decoding' on page 199 undefined 
on input line 1755.

[199]

LaTeX Warning: Reference `subsec:ckks-sparse-packing' on page 200 undefined on 
input line 1801.


LaTeX Warning: Reference `subsec:ckks-sparse-packing' on page 200 undefined on 
input line 1801.


LaTeX Warning: Reference `subsubsec:ckks-bootstrapping-coefftoslot-details' on 
page 200 undefined on input line 1805.


Overfull \hbox (11.77203pt too wide) in paragraph at lines 1807--1814
[] $[] \OT1/lmr/m/n/9 (-50) = []$ 
 []

[200]

LaTeX Warning: Reference `subsubsec:ckks-bootstrapping-coefftoslot-details' on 
page 201 undefined on input line 1817.


LaTeX Warning: Reference `subsubsec:ckks-bootstrapping-evalexp-details' on page
 201 undefined on input line 1817.


LaTeX Warning: Reference `subsubsec:ckks-bootstrapping-slottocoeff-details' on 
page 201 undefined on input line 1819.


LaTeX Warning: Reference `subsubsec:ckks-bootstrapping-summary' on page 201 und
efined on input line 1828.

[201]

LaTeX Warning: Reference `subsubsec:ckks-bootstrapping-evalexp-details' on page
 202 undefined on input line 1897.

[202]
<figures/arc-sine.png, id=2042, 1226.33156pt x 191.21437pt>
File: figures/arc-sine.png Graphic file (type png)
<use figures/arc-sine.png>
Package pdftex.def Info: figures/arc-sine.png  used on input line 1914.
(pdftex.def)             Requested size: 469.75502pt x 73.24574pt.


LaTeX Warning: Citation `cryptoeprint:2020/552' on page 203 undefined on input 
line 1921.


LaTeX Warning: Reference `fig:arc-sine' on page 203 undefined on input line 192
1.


LaTeX Warning: Citation `cryptoeprint:2022/1167' on page 203 undefined on input
 line 1925.

) [203 <./figures/arc-sine.png>] (./d04-bgv.tex

LaTeX Warning: Reference `sec:modulo' on page 204 undefined on input line 17.


LaTeX Warning: Reference `sec:modulo' on page 204 undefined on input line 17.


LaTeX Warning: Reference `sec:group' on page 204 undefined on input line 18.


LaTeX Warning: Reference `sec:group' on page 204 undefined on input line 18.


LaTeX Warning: Reference `sec:field' on page 204 undefined on input line 19.


LaTeX Warning: Reference `sec:field' on page 204 undefined on input line 19.


LaTeX Warning: Reference `sec:order' on page 204 undefined on input line 20.


LaTeX Warning: Reference `sec:order' on page 204 undefined on input line 20.


LaTeX Warning: Reference `sec:polynomial-ring' on page 204 undefined on input l
ine 21.


LaTeX Warning: Reference `sec:polynomial-ring' on page 204 undefined on input l
ine 21.


LaTeX Warning: Reference `sec:decomp' on page 204 undefined on input line 22.


LaTeX Warning: Reference `sec:decomp' on page 204 undefined on input line 22.


LaTeX Warning: Reference `sec:roots' on page 204 undefined on input line 23.


LaTeX Warning: Reference `sec:roots' on page 204 undefined on input line 23.


LaTeX Warning: Reference `sec:cyclotomic' on page 204 undefined on input line 2
4.


LaTeX Warning: Reference `sec:cyclotomic' on page 204 undefined on input line 2
4.


LaTeX Warning: Reference `sec:cyclotomic-polynomial-integer-ring' on page 204 u
ndefined on input line 25.


LaTeX Warning: Reference `sec:cyclotomic-polynomial-integer-ring' on page 204 u
ndefined on input line 25.


LaTeX Warning: Reference `sec:matrix' on page 204 undefined on input line 26.


LaTeX Warning: Reference `sec:matrix' on page 204 undefined on input line 26.


LaTeX Warning: Reference `sec:euler' on page 204 undefined on input line 27.


LaTeX Warning: Reference `sec:euler' on page 204 undefined on input line 27.


LaTeX Warning: Reference `sec:modulus-rescaling' on page 204 undefined on input
 line 28.


LaTeX Warning: Reference `sec:modulus-rescaling' on page 204 undefined on input
 line 28.


LaTeX Warning: Reference `sec:chinese-remainder' on page 204 undefined on input
 line 29.


LaTeX Warning: Reference `sec:chinese-remainder' on page 204 undefined on input
 line 29.


LaTeX Warning: Reference `sec:polynomial-interpolation' on page 204 undefined o
n input line 30.


LaTeX Warning: Reference `sec:polynomial-interpolation' on page 204 undefined o
n input line 30.


LaTeX Warning: Reference `sec:ntt' on page 204 undefined on input line 31.


LaTeX Warning: Reference `sec:ntt' on page 204 undefined on input line 31.


LaTeX Warning: Reference `sec:lattice' on page 204 undefined on input line 32.


LaTeX Warning: Reference `sec:lattice' on page 204 undefined on input line 32.


LaTeX Warning: Reference `sec:rlwe' on page 204 undefined on input line 33.


LaTeX Warning: Reference `sec:rlwe' on page 204 undefined on input line 33.


LaTeX Warning: Reference `sec:glwe' on page 204 undefined on input line 34.


LaTeX Warning: Reference `sec:glwe' on page 204 undefined on input line 34.


LaTeX Warning: Reference `sec:glwe-add-cipher' on page 204 undefined on input l
ine 35.


LaTeX Warning: Reference `sec:glwe-add-cipher' on page 204 undefined on input l
ine 35.


LaTeX Warning: Reference `sec:glwe-add-plain' on page 204 undefined on input li
ne 36.


LaTeX Warning: Reference `sec:glwe-add-plain' on page 204 undefined on input li
ne 36.


LaTeX Warning: Reference `sec:glwe-mult-plain' on page 204 undefined on input l
ine 37.


LaTeX Warning: Reference `sec:glwe-mult-plain' on page 204 undefined on input l
ine 37.


LaTeX Warning: Reference `subsec:modulus-switch-rlwe' on page 204 undefined on 
input line 38.


LaTeX Warning: Reference `subsec:modulus-switch-rlwe' on page 204 undefined on 
input line 38.


LaTeX Warning: Reference `sec:glwe-key-switching' on page 204 undefined on inpu
t line 39.


LaTeX Warning: Reference `sec:glwe-key-switching' on page 204 undefined on inpu
t line 39.


LaTeX Warning: Reference `sec:bfv' on page 204 undefined on input line 40.


LaTeX Warning: Reference `sec:bfv' on page 204 undefined on input line 40.


LaTeX Warning: Reference `sec:ckks' on page 204 undefined on input line 41.


LaTeX Warning: Reference `sec:ckks' on page 204 undefined on input line 41.

[204

]

LaTeX Warning: Reference `subsubsec:bfv-encoding-summary' on page 205 undefined
 on input line 50.


LaTeX Warning: Reference `subsubsec:bfv-encoding-summary' on page 205 undefined
 on input line 50.


LaTeX Warning: Reference `subsec:bgv-enc-dec' on page 205 undefined on input li
ne 50.


LaTeX Warning: Reference `subsec:bgv-encoding-decoding' on page 205 undefined o
n input line 54.


Overfull \hbox (4.23347pt too wide) in paragraph at lines 68--75
[]$[] \OT1/lmr/m/n/9 (-50) = []$ 
 []


LaTeX Warning: Reference `subsubsec:poly-vector-transformation-modulus' on page
 205 undefined on input line 78.


LaTeX Warning: Reference `subsec:bfv-enc-dec' on page 205 undefined on input li
ne 107.


LaTeX Warning: Reference `subsec:bfv-enc-dec' on page 205 undefined on input li
ne 107.

[205

]

LaTeX Warning: Reference `subsec:bgv-enc-dec' on page 206 undefined on input li
ne 114.


LaTeX Warning: Reference `subsec:bgv-modulus-switch' on page 206 undefined on i
nput line 121.

[206]

LaTeX Warning: Reference `subsec:bfv-add-cipher' on page 207 undefined on input
 line 176.


LaTeX Warning: Reference `subsec:bfv-add-cipher' on page 207 undefined on input
 line 176.


LaTeX Warning: Reference `subsec:bgv-add-cipher' on page 207 undefined on input
 line 179.


LaTeX Warning: Reference `subsec:bfv-add-plain' on page 207 undefined on input 
line 192.


LaTeX Warning: Reference `subsec:bfv-add-plain' on page 207 undefined on input 
line 192.


LaTeX Warning: Reference `subsec:bgv-add-plain' on page 207 undefined on input 
line 194.


LaTeX Warning: Reference `subsec:bfv-mult-plain' on page 207 undefined on input
 line 211.


LaTeX Warning: Reference `subsec:bfv-mult-plain' on page 207 undefined on input
 line 211.


LaTeX Warning: Reference `subsec:bgv-mult-plain' on page 207 undefined on input
 line 214.


LaTeX Warning: Reference `subsec:ckks-moddrop' on page 207 undefined on input l
ine 229.


LaTeX Warning: Reference `subsec:ckks-moddrop' on page 207 undefined on input l
ine 229.

[207]

LaTeX Warning: Reference `subsec:bgv-moddrop' on page 208 undefined on input li
ne 262.


LaTeX Warning: Citation `bgv-modswitch1' on page 208 undefined on input line 28
0.


LaTeX Warning: Citation `bgv-modswitch2' on page 208 undefined on input line 28
4.


LaTeX Warning: Citation `bgv-modswitch3' on page 208 undefined on input line 28
8.


LaTeX Warning: Reference `subsec:modulus-switch-rlwe' on page 208 undefined on 
input line 290.

[208] [209]

LaTeX Warning: Reference `subsec:bgv-modulus-switch' on page 210 undefined on i
nput line 461.


LaTeX Warning: Reference `subsec:bgv-mult-cipher' on page 210 undefined on inpu
t line 491.


LaTeX Warning: Reference `subsec:bgv-bootstrapping' on page 210 undefined on in
put line 491.

[210]

LaTeX Warning: Reference `subsubsec:ckks-mult-cipher-rescale' on page 211 undef
ined on input line 500.


LaTeX Warning: Reference `subsec:bgv-mult-cipher' on page 211 undefined on inpu
t line 502.

[211]

LaTeX Warning: Reference `subsec:ckks-mult-cipher' on page 212 undefined on inp
ut line 515.


LaTeX Warning: Reference `subsec:ckks-mult-cipher' on page 212 undefined on inp
ut line 515.


LaTeX Warning: Reference `subsec:bgv-modulus-switch' on page 212 undefined on i
nput line 515.


LaTeX Warning: Reference `subsec:bgv-mult-cipher' on page 212 undefined on inpu
t line 517.


LaTeX Warning: Reference `subsec:bgv-modulus-switch' on page 212 undefined on i
nput line 566.


LaTeX Warning: Reference `subsec:bgv-modulus-switch' on page 212 undefined on i
nput line 566.


LaTeX Warning: Reference `subsec:bgv-modulus-switch' on page 212 undefined on i
nput line 570.


LaTeX Warning: Reference `subsec:bgv-modulus-switch' on page 212 undefined on i
nput line 582.

[212]

LaTeX Warning: Reference `subsec:bfv-key-switching' on page 213 undefined on in
put line 590.


LaTeX Warning: Reference `subsec:bfv-key-switching' on page 213 undefined on in
put line 590.


LaTeX Warning: Reference `subsec:bgv-key-switching' on page 213 undefined on in
put line 592.


LaTeX Warning: Reference `subsec:bfv-rotation' on page 213 undefined on input l
ine 602.


LaTeX Warning: Reference `subsec:bfv-rotation' on page 213 undefined on input l
ine 602.


LaTeX Warning: Reference `subsec:bgv-rotation' on page 213 undefined on input l
ine 605.


LaTeX Warning: Reference `subsec:bfv-key-switching' on page 213 undefined on in
put line 618.

[213]

LaTeX Warning: Citation `cryptoeprint:2022/1363' on page 214 undefined on input
 line 635.


LaTeX Warning: Reference `subsec:bgv-modulus-switch' on page 214 undefined on i
nput line 650.

[214]

LaTeX Warning: Reference `subsubsec:ckks-bootstrapping-high-level' on page 215 
undefined on input line 665.


LaTeX Warning: Reference `subsubsec:ckks-bootstrapping-evalexp-details' on page
 215 undefined on input line 665.


LaTeX Warning: Reference `subsubsec:bfv-bootstrapping-digit-extraction' on page
 215 undefined on input line 687.

[215]

LaTeX Warning: Reference `subsubsec:bfv-bootstrapping-digit-extraction' on page
 216 undefined on input line 709.


LaTeX Warning: Reference `subsec:bfv-mult-plain' on page 216 undefined on input
 line 709.

[216]

LaTeX Warning: Reference `subsubsec:bfv-bootstrapping-summary' on page 217 unde
fined on input line 788.


LaTeX Warning: Reference `subsubsec:bfv-bootstrapping-summary' on page 217 unde
fined on input line 788.

) [217] (./d05-rns.tex

LaTeX Warning: Reference `subsec:crt-application' on page 218 undefined on inpu
t line 1.


LaTeX Warning: Reference `subsec:modulo-centered' on page 218 undefined on inpu
t line 5.


LaTeX Warning: Reference `subsec:rns-fastbconvex' on page 218 undefined on inpu
t line 5.


LaTeX Warning: Reference `subsec:modulo-centered' on page 218 undefined on inpu
t line 5.


LaTeX Warning: Reference `sec:modulo' on page 218 undefined on input line 16.


LaTeX Warning: Reference `sec:modulo' on page 218 undefined on input line 16.


LaTeX Warning: Reference `sec:group' on page 218 undefined on input line 17.


LaTeX Warning: Reference `sec:group' on page 218 undefined on input line 17.


LaTeX Warning: Reference `sec:field' on page 218 undefined on input line 18.


LaTeX Warning: Reference `sec:field' on page 218 undefined on input line 18.


LaTeX Warning: Reference `sec:polynomial-ring' on page 218 undefined on input l
ine 19.


LaTeX Warning: Reference `sec:polynomial-ring' on page 218 undefined on input l
ine 19.


LaTeX Warning: Reference `sec:decomp' on page 218 undefined on input line 20.


LaTeX Warning: Reference `sec:decomp' on page 218 undefined on input line 20.


LaTeX Warning: Reference `sec:modulus-rescaling' on page 218 undefined on input
 line 21.


LaTeX Warning: Reference `sec:modulus-rescaling' on page 218 undefined on input
 line 21.


LaTeX Warning: Reference `sec:chinese-remainder' on page 218 undefined on input
 line 22.


LaTeX Warning: Reference `sec:chinese-remainder' on page 218 undefined on input
 line 22.


LaTeX Warning: Reference `sec:polynomial-interpolation' on page 218 undefined o
n input line 23.


LaTeX Warning: Reference `sec:polynomial-interpolation' on page 218 undefined o
n input line 23.


LaTeX Warning: Reference `sec:ntt' on page 218 undefined on input line 24.


LaTeX Warning: Reference `sec:ntt' on page 218 undefined on input line 24.


LaTeX Warning: Reference `sec:lattice' on page 218 undefined on input line 25.


LaTeX Warning: Reference `sec:lattice' on page 218 undefined on input line 25.


LaTeX Warning: Reference `sec:rlwe' on page 218 undefined on input line 26.


LaTeX Warning: Reference `sec:rlwe' on page 218 undefined on input line 26.


LaTeX Warning: Reference `sec:glwe' on page 218 undefined on input line 27.


LaTeX Warning: Reference `sec:glwe' on page 218 undefined on input line 27.


LaTeX Warning: Reference `sec:glwe-add-cipher' on page 218 undefined on input l
ine 28.


LaTeX Warning: Reference `sec:glwe-add-cipher' on page 218 undefined on input l
ine 28.


LaTeX Warning: Reference `sec:glwe-add-plain' on page 218 undefined on input li
ne 29.


LaTeX Warning: Reference `sec:glwe-add-plain' on page 218 undefined on input li
ne 29.


LaTeX Warning: Reference `sec:glwe-mult-plain' on page 218 undefined on input l
ine 30.


LaTeX Warning: Reference `sec:glwe-mult-plain' on page 218 undefined on input l
ine 30.


LaTeX Warning: Reference `subsec:modulus-switch-rlwe' on page 218 undefined on 
input line 31.


LaTeX Warning: Reference `subsec:modulus-switch-rlwe' on page 218 undefined on 
input line 31.


LaTeX Warning: Reference `sec:glwe-key-switching' on page 218 undefined on inpu
t line 32.


LaTeX Warning: Reference `sec:glwe-key-switching' on page 218 undefined on inpu
t line 32.


LaTeX Warning: Reference `sec:bfv' on page 218 undefined on input line 33.


LaTeX Warning: Reference `sec:bfv' on page 218 undefined on input line 33.


LaTeX Warning: Reference `sec:ckks' on page 218 undefined on input line 34.


LaTeX Warning: Reference `sec:ckks' on page 218 undefined on input line 34.


LaTeX Warning: Reference `sec:bgv' on page 218 undefined on input line 35.


LaTeX Warning: Reference `sec:bgv' on page 218 undefined on input line 35.

[218

]

LaTeX Warning: Citation `rns-bfv' on page 219 undefined on input line 45.


LaTeX Warning: Citation `rns-bfv2' on page 219 undefined on input line 48.


LaTeX Warning: Reference `subsec:crt-application' on page 219 undefined on inpu
t line 53.


LaTeX Warning: Reference `subsec:rns-fastbconv' on page 219 undefined on input 
line 56.


LaTeX Warning: Reference `sec:chinese-remainder' on page 219 undefined on input
 line 79.

[219

]

LaTeX Warning: Reference `sec:chinese-remainder' on page 220 undefined on input
 line 107.


LaTeX Warning: Reference `sec:chinese-remainder' on page 220 undefined on input
 line 107.


LaTeX Warning: Reference `subsec:rns-modraise' on page 220 undefined on input l
ine 109.


LaTeX Warning: Reference `subsec:rns-modswitch' on page 220 undefined on input 
line 109.

[220]

LaTeX Warning: Reference `subsec:rns-smallmont' on page 221 undefined on input 
line 120.

[221]
Overfull \hbox (9.08095pt too wide) in paragraph at lines 195--196
\OT1/lmr/m/n/10.95 (-50) prime and co-prime to both $\OML/lmm/m/it/10.95 q$ \OT
1/lmr/m/n/10.95 (-50) and $\OML/lmm/m/it/10.95 b$\OT1/lmr/m/n/10.95 (-50) ) as 
a suf-fi-ciently large value, then $[]$
 []


LaTeX Warning: Reference `subsec:rns-smallmont' on page 222 undefined on input 
line 220.


Package hyperref Warning: Token not allowed in a PDF string (Unicode):
(hyperref)                removing `\mathsurround' on input line 234.


Package hyperref Warning: Token not allowed in a PDF string (Unicode):
(hyperref)                removing `\z@' on input line 234.


Package hyperref Warning: Token not allowed in a PDF string (Unicode):
(hyperref)                removing `subscript' on input line 234.


LaTeX Warning: Citation `rns-ckks' on page 222 undefined on input line 239.

[222]

LaTeX Warning: Reference `subsubsec:bfv-mult-cipher-summary' on page 223 undefi
ned on input line 243.


LaTeX Warning: Reference `subsubsec:bfv-mult-cipher-summary' on page 223 undefi
ned on input line 243.


LaTeX Warning: Reference `subsubsec:ckks-bootstrapping-summary' on page 223 und
efined on input line 243.


LaTeX Warning: Reference `subsubsec:ckks-bootstrapping-summary' on page 223 und
efined on input line 243.


LaTeX Warning: Reference `subsec:rns-modraise' on page 223 undefined on input l
ine 246.


LaTeX Warning: Reference `subsec:rns-fastbconv' on page 223 undefined on input 
line 279.


Package hyperref Warning: Token not allowed in a PDF string (Unicode):
(hyperref)                removing `\mathsurround' on input line 301.


Package hyperref Warning: Token not allowed in a PDF string (Unicode):
(hyperref)                removing `\z@' on input line 301.


Package hyperref Warning: Token not allowed in a PDF string (Unicode):
(hyperref)                removing `subscript' on input line 301.


LaTeX Warning: Reference `subsec:ckks-moddrop' on page 223 undefined on input l
ine 304.


LaTeX Warning: Reference `subsec:bgv-moddrop' on page 223 undefined on input li
ne 304.

[223]

LaTeX Warning: Reference `subsec:rns-fastbconv' on page 224 undefined on input 
line 310.


LaTeX Warning: Reference `subsec:rns-fastbconv' on page 224 undefined on input 
line 310.


LaTeX Warning: Reference `subsec:rns-fastbconv' on page 224 undefined on input 
line 320.


LaTeX Warning: Reference `subsec:rns-fastbconv' on page 224 undefined on input 
line 320.


LaTeX Warning: Reference `subsec:rns-moddrop' on page 224 undefined on input li
ne 324.


Package hyperref Warning: Token not allowed in a PDF string (Unicode):
(hyperref)                removing `\mathsurround' on input line 345.


Package hyperref Warning: Token not allowed in a PDF string (Unicode):
(hyperref)                removing `\z@' on input line 345.


Package hyperref Warning: Token not allowed in a PDF string (Unicode):
(hyperref)                removing `subscript' on input line 345.

[224]
Overfull \hbox (2.40115pt too wide) in paragraph at lines 396--397
\OML/lmm/m/it/10.95 q$ \OT1/lmr/m/n/10.95 (-50) (where in-te-ger $\OMS/lmsy/m/n
/10.95 j\OML/lmm/m/it/10.95 u\OMS/lmsy/m/n/10.95 j ^^T [] \OT1/lmr/m/n/10.95 (-
50) + 1$), which is our de-sired for-mula for $[]$. There-fore, $[] = [](\OMS/l
msy/m/n/10.95 f\OML/lmm/m/it/10.95 ^^_[]\OMS/lmsy/m/n/10.95 g[]\OML/lmm/m/it/10
.95 ; b; q\OT1/lmr/m/n/10.95 (-50) )$. 
 []

[225]

LaTeX Warning: Reference `subsec:rns-modswitch' on page 226 undefined on input 
line 407.


Package hyperref Warning: Token not allowed in a PDF string (Unicode):
(hyperref)                removing `\mathsurround' on input line 445.


Package hyperref Warning: Token not allowed in a PDF string (Unicode):
(hyperref)                removing `\z@' on input line 445.


Package hyperref Warning: Token not allowed in a PDF string (Unicode):
(hyperref)                removing `subscript' on input line 445.


Package hyperref Warning: Token not allowed in a PDF string (Unicode):
(hyperref)                removing `\mathsurround' on input line 445.


Package hyperref Warning: Token not allowed in a PDF string (Unicode):
(hyperref)                removing `\z@' on input line 445.


Package hyperref Warning: Token not allowed in a PDF string (Unicode):
(hyperref)                removing `subscript' on input line 445.


Package hyperref Warning: Token not allowed in a PDF string (Unicode):
(hyperref)                removing `\mathsurround' on input line 445.


Package hyperref Warning: Token not allowed in a PDF string (Unicode):
(hyperref)                removing `\z@' on input line 445.


Package hyperref Warning: Token not allowed in a PDF string (Unicode):
(hyperref)                removing `subscript' on input line 445.


Package hyperref Warning: Token not allowed in a PDF string (Unicode):
(hyperref)                removing `math shift' on input line 458.


Package hyperref Warning: Token not allowed in a PDF string (Unicode):
(hyperref)                removing `subscript' on input line 458.


Package hyperref Warning: Token not allowed in a PDF string (Unicode):
(hyperref)                removing `superscript' on input line 458.


Package hyperref Warning: Token not allowed in a PDF string (Unicode):
(hyperref)                removing `math shift' on input line 458.


LaTeX Warning: Reference `subsec:bfv-enc-dec' on page 226 undefined on input li
ne 461.


LaTeX Warning: Reference `subsec:bfv-enc-dec' on page 226 undefined on input li
ne 461.

[226]

LaTeX Warning: Reference `subsec:modulo-division' on page 227 undefined on inpu
t line 465.

[227] [228]

LaTeX Warning: Reference `subsubsec:rns-dec-bfv' on page 229 undefined on input
 line 558.


LaTeX Warning: Reference `subsec:rns-moddrop' on page 229 undefined on input li
ne 580.


LaTeX Warning: Reference `subsec:rns-moddrop' on page 229 undefined on input li
ne 580.


Package hyperref Warning: Token not allowed in a PDF string (Unicode):
(hyperref)                removing `math shift' on input line 584.


Package hyperref Warning: Token not allowed in a PDF string (Unicode):
(hyperref)                removing `subscript' on input line 584.


Package hyperref Warning: Token not allowed in a PDF string (Unicode):
(hyperref)                removing `superscript' on input line 584.


Package hyperref Warning: Token not allowed in a PDF string (Unicode):
(hyperref)                removing `math shift' on input line 584.


LaTeX Warning: Reference `subsec:bgv-modulus-switch' on page 229 undefined on i
nput line 587.


LaTeX Warning: Reference `subsec:bgv-modulus-switch' on page 229 undefined on i
nput line 587.


LaTeX Warning: Reference `subsec:modulus-switch-rlwe' on page 229 undefined on 
input line 587.


LaTeX Warning: Reference `subsec:modulus-switch-rlwe' on page 229 undefined on 
input line 587.


LaTeX Warning: Reference `subsec:rns-fastbconv' on page 229 undefined on input 
line 620.


LaTeX Warning: Reference `subsec:rns-smallmont' on page 229 undefined on input 
line 620.

[229]

LaTeX Warning: Reference `subsec:rns-fastbconvex' on page 230 undefined on inpu
t line 622.

[230]

Package hyperref Warning: Token not allowed in a PDF string (Unicode):
(hyperref)                removing `\mathsurround' on input line 706.


Package hyperref Warning: Token not allowed in a PDF string (Unicode):
(hyperref)                removing `\z@' on input line 706.


Package hyperref Warning: Token not allowed in a PDF string (Unicode):
(hyperref)                removing `subscript' on input line 706.


LaTeX Warning: Reference `subsec:gadget-decomposition' on page 231 undefined on
 input line 709.


LaTeX Warning: Reference `sec:glwe-key-switching' on page 231 undefined on inpu
t line 709.


LaTeX Warning: Reference `sec:glwe-key-switching' on page 231 undefined on inpu
t line 709.


LaTeX Warning: Reference `subsubsec:bfv-mult-cipher-summary' on page 231 undefi
ned on input line 709.


LaTeX Warning: Reference `subsubsec:bfv-mult-cipher-summary' on page 231 undefi
ned on input line 709.


LaTeX Warning: Reference `subsubsec:ckks-mult-cipher-summary' on page 231 undef
ined on input line 709.


LaTeX Warning: Reference `subsubsec:ckks-mult-cipher-summary' on page 231 undef
ined on input line 709.


LaTeX Warning: Reference `subsec:bgv-mult-cipher' on page 231 undefined on inpu
t line 709.


LaTeX Warning: Reference `subsec:bgv-mult-cipher' on page 231 undefined on inpu
t line 709.

[231]

LaTeX Warning: Reference `subsec:rns-decompmult' on page 232 undefined on input
 line 769.

[232]

LaTeX Warning: Reference `subsec:crt-application' on page 233 undefined on inpu
t line 824.


LaTeX Warning: Reference `subsec:crt-application' on page 233 undefined on inpu
t line 824.

[233]

LaTeX Warning: Reference `subsec:rns-decompmult' on page 234 undefined on input
 line 869.


LaTeX Warning: Reference `subsec:rns-decompmult' on page 234 undefined on input
 line 869.


LaTeX Warning: Reference `subsubsec:rns-application-key-switching' on page 234 
undefined on input line 893.


LaTeX Warning: Reference `subsubsec:bfv-mult-cipher-summary' on page 234 undefi
ned on input line 917.


LaTeX Warning: Reference `subsubsec:bfv-mult-cipher-summary' on page 234 undefi
ned on input line 917.

[234]

LaTeX Warning: Reference `subsec:bfv-enc-dec' on page 235 undefined on input li
ne 926.


LaTeX Warning: Reference `subsec:bfv-enc-dec' on page 235 undefined on input li
ne 926.

[235]
Overfull \hbox (17.28056pt too wide) in paragraph at lines 998--999
[]$[]  []
 []


Overfull \hbox (38.22545pt too wide) in paragraph at lines 1002--1003
[]$\OT1/lmr/m/n/10.95 (-50) = []  []
 []


Overfull \hbox (38.22545pt too wide) in paragraph at lines 1022--1023
[]$\OT1/lmr/m/n/10.95 (-50) = []  []
 []


LaTeX Warning: Reference `subsec:rns-decompmult' on page 236 undefined on input
 line 1037.


LaTeX Warning: Reference `subsec:rns-decompmult' on page 236 undefined on input
 line 1037.


LaTeX Warning: Reference `subsubsec:ckks-mult-cipher-summary' on page 236 undef
ined on input line 1045.


LaTeX Warning: Reference `subsubsec:ckks-mult-cipher-summary' on page 236 undef
ined on input line 1045.


LaTeX Warning: Reference `subsec:bgv-mult-cipher' on page 236 undefined on inpu
t line 1053.


LaTeX Warning: Reference `subsec:bgv-mult-cipher' on page 236 undefined on inpu
t line 1053.


LaTeX Warning: Reference `subsec:bgv-modulus-switch' on page 236 undefined on i
nput line 1053.


LaTeX Warning: Reference `subsec:bgv-modulus-switch' on page 236 undefined on i
nput line 1053.

[236]

LaTeX Warning: Reference `subsubsec:bfv-bootstrapping-summary' on page 237 unde
fined on input line 1059.


LaTeX Warning: Reference `subsubsec:bfv-bootstrapping-summary' on page 237 unde
fined on input line 1059.

[237]

LaTeX Warning: Reference `subsubsec:ckks-bootstrapping-summary' on page 238 und
efined on input line 1143.


LaTeX Warning: Reference `subsubsec:ckks-bootstrapping-summary' on page 238 und
efined on input line 1143.


LaTeX Warning: Reference `subsec:bgv-bootstrapping' on page 238 undefined on in
put line 1153.

[238]
Overfull \hbox (10.09944pt too wide) in paragraph at lines 1193--1199
\OT1/lmr/m/n/10.95 (-50) We pro-vide a [][]$[]$[][] im-ple-ment-ing the fol-low
-ing ex-em-plary RNS prim-i-tives: \OT1/lmss/m/n/10.95 (-50) Fast-B-Conv\OT1/lm
r/m/n/10.95 (-50) , \OT1/lmss/m/n/10.95 (-50) ModRaise$[]$\OT1/lmr/m/n/10.95 (-
50) ,
 []

) [239] (./d06-scheme-summary.tex

LaTeX Warning: `h' float specifier changed to `ht'.


LaTeX Warning: `h' float specifier changed to `ht'.


Overfull \hbox (24.91249pt too wide) in paragraph at lines 104--114
[][] 
 []


LaTeX Warning: `h' float specifier changed to `ht'.


LaTeX Warning: `h' float specifier changed to `ht'.


LaTeX Warning: `h' float specifier changed to `ht'.


LaTeX Warning: `h' float specifier changed to `ht'.


LaTeX Warning: `h' float specifier changed to `ht'.


LaTeX Warning: `h' float specifier changed to `ht'.


LaTeX Warning: `h' float specifier changed to `ht'.


LaTeX Warning: `h' float specifier changed to `ht'.


LaTeX Warning: `h' float specifier changed to `ht'.


LaTeX Warning: `h' float specifier changed to `ht'.


LaTeX Warning: `h' float specifier changed to `ht'.


LaTeX Warning: `h' float specifier changed to `ht'.


LaTeX Warning: `h' float specifier changed to `ht'.


LaTeX Warning: `h' float specifier changed to `ht'.


Overfull \hbox (16.63472pt too wide) in paragraph at lines 362--390
[][] 
 []


LaTeX Warning: `h' float specifier changed to `ht'.


LaTeX Warning: `h' float specifier changed to `ht'.


LaTeX Warning: `h' float specifier changed to `ht'.

) [240

] [241] [242] [243] [244] [245] [246] [247]
(./d07-python-demo-library.tex) [248

]
No file 00-main.bbl.
(./00-main.aux)
 ***********
LaTeX2e <2025-11-01>
L3 programming layer <2026-01-19>
 ***********


LaTeX Font Warning: Some font shapes were not available, defaults substituted.


LaTeX Warning: There were undefined references.


LaTeX Warning: Label(s) may have changed. Rerun to get cross-references right.


Package rerunfilecheck Warning: File `00-main.out' has changed.
(rerunfilecheck)                Rerun to get outlines right
(rerunfilecheck)                or use package `bookmark'.

Package rerunfilecheck Info: Checksums for `00-main.out':
(rerunfilecheck)             Before: <no file>
(rerunfilecheck)             After:  68E8DD98E406821E8C6E6C1FC9D9E9F0;45651.
 ) 
Here is how much of TeX's memory you used:
 50775 strings out of 467525
 1127893 string characters out of 5418983
 1835892 words of memory out of 5000000
 77368 multiletter control sequences out of 15000+600000
 814713 words of font info for 379 fonts, out of 8000000 for 9000
 1141 hyphenation exceptions out of 8191
 99i,28n,131p,2446b,1219s stack positions out of 10000i,1000n,20000p,200000b,200000s

pdfTeX warning (dest): name{Hfootnote.1} has been referenced but does not exist
, replaced by a fixed one

</usr/local/texlive/2026/texmf-dist/fonts/type1/public/amsfonts/cm/cmbsy10.pfb>
</usr/local/texlive/2026/texmf-dist/fonts/type1/public/amsfonts/cmextra/cmbsy8.
pfb></usr/local/texlive/2026/texmf-dist/fonts/type1/public/amsfonts/cm/cmbx10.p
fb></usr/local/texlive/2026/texmf-dist/fonts/type1/public/amsfonts/cm/cmbx8.pfb
></usr/local/texlive/2026/texmf-dist/fonts/type1/public/amsfonts/cm/cmmib10.pfb
></usr/local/texlive/2026/texmf-dist/fonts/type1/public/amsfonts/cmextra/cmmib8
.pfb></usr/local/texlive/2026/texmf-dist/fonts/type1/public/amsfonts/cmextra/cm
mib9.pfb></usr/local/texlive/2026/texmf-dist/fonts/type1/public/amsfonts/cm/cmr
10.pfb></usr/local/texlive/2026/texmf-dist/fonts/type1/public/lm/lmbsy10.pfb></
usr/local/texlive/2026/texmf-dist/fonts/type1/public/lm/lmbsy7.pfb></usr/local/
texlive/2026/texmf-dist/fonts/type1/public/lm/lmbx10.pfb></usr/local/texlive/20
26/texmf-dist/fonts/type1/public/lm/lmbx12.pfb></usr/local/texlive/2026/texmf-d
ist/fonts/type1/public/lm/lmbx6.pfb></usr/local/texlive/2026/texmf-dist/fonts/t
ype1/public/lm/lmbx8.pfb></usr/local/texlive/2026/texmf-dist/fonts/type1/public
/lm/lmbx9.pfb></usr/local/texlive/2026/texmf-dist/fonts/type1/public/lm/lmbxi10
.pfb></usr/local/texlive/2026/texmf-dist/fonts/type1/public/lm/lmex10.pfb></usr
/local/texlive/2026/texmf-dist/fonts/type1/public/lm/lmmi10.pfb></usr/local/tex
live/2026/texmf-dist/fonts/type1/public/lm/lmmi5.pfb></usr/local/texlive/2026/t
exmf-dist/fonts/type1/public/lm/lmmi6.pfb></usr/local/texlive/2026/texmf-dist/f
onts/type1/public/lm/lmmi7.pfb></usr/local/texlive/2026/texmf-dist/fonts/type1/
public/lm/lmmi8.pfb></usr/local/texlive/2026/texmf-dist/fonts/type1/public/lm/l
mmi9.pfb></usr/local/texlive/2026/texmf-dist/fonts/type1/public/lm/lmmib10.pfb>
</usr/local/texlive/2026/texmf-dist/fonts/type1/public/lm/lmmib7.pfb></usr/loca
l/texlive/2026/texmf-dist/fonts/type1/public/lm/lmr10.pfb></usr/local/texlive/2
026/texmf-dist/fonts/type1/public/lm/lmr12.pfb></usr/local/texlive/2026/texmf-d
ist/fonts/type1/public/lm/lmr5.pfb></usr/local/texlive/2026/texmf-dist/fonts/ty
pe1/public/lm/lmr6.pfb></usr/local/texlive/2026/texmf-dist/fonts/type1/public/l
m/lmr7.pfb></usr/local/texlive/2026/texmf-dist/fonts/type1/public/lm/lmr8.pfb><
/usr/local/texlive/2026/texmf-dist/fonts/type1/public/lm/lmr9.pfb></usr/local/t
exlive/2026/texmf-dist/fonts/type1/public/lm/lmri10.pfb></usr/local/texlive/202
6/texmf-dist/fonts/type1/public/lm/lmri12.pfb></usr/local/texlive/2026/texmf-di
st/fonts/type1/public/lm/lmri7.pfb></usr/local/texlive/2026/texmf-dist/fonts/ty
pe1/public/lm/lmri8.pfb></usr/local/texlive/2026/texmf-dist/fonts/type1/public/
lm/lmss10.pfb></usr/local/texlive/2026/texmf-dist/fonts/type1/public/lm/lmss8.p
fb></usr/local/texlive/2026/texmf-dist/fonts/type1/public/lm/lmssbx10.pfb></usr
/local/texlive/2026/texmf-dist/fonts/type1/public/lm/lmsy10.pfb></usr/local/tex
live/2026/texmf-dist/fonts/type1/public/lm/lmsy5.pfb></usr/local/texlive/2026/t
exmf-dist/fonts/type1/public/lm/lmsy6.pfb></usr/local/texlive/2026/texmf-dist/f
onts/type1/public/lm/lmsy7.pfb></usr/local/texlive/2026/texmf-dist/fonts/type1/
public/lm/lmsy8.pfb></usr/local/texlive/2026/texmf-dist/fonts/type1/public/lm/l
msy9.pfb></usr/local/texlive/2026/texmf-dist/fonts/type1/public/lm/lmtt10.pfb><
/usr/local/texlive/2026/texmf-dist/fonts/type1/public/amsfonts/symbols/msam10.p
fb></usr/local/texlive/2026/texmf-dist/fonts/type1/public/amsfonts/symbols/msbm
10.pfb></usr/local/texlive/2026/texmf-dist/fonts/type1/public/esvect/vect10.pfb
></usr/local/texlive/2026/texmf-dist/fonts/type1/public/esvect/vect8.pfb>
Output written on 00-main.pdf (250 pages, 6010680 bytes).
PDF statistics:
 2790 PDF objects out of 2984 (max. 8388607)
 2155 compressed objects within 22 object streams
 877 named destinations out of 1000 (max. 500000)
 103671 words of extra memory for PDF output out of 106986 (max. 10000000)

