This is pdfTeX, Version 3.141592653-2.6-1.40.29 (TeX Live 2026) (preloaded format=pdflatex 2026.4.2)  19 APR 2026 09:22
entering extended mode
 restricted \write18 enabled.
 %&-line parsing enabled.
**a01-modulo.tex
(./a01-modulo.tex
LaTeX2e <2025-11-01>
L3 programming layer <2026-01-19>

! LaTeX Error: Missing \begin{document}.

See the LaTeX manual or LaTeX Companion for explanation.
Type  H <return>  for immediate help.
 ...                                              
                                                  
l.2 \noindent
              \textbf{- Reference}
? 
! Interruption.
\GenericError  ...                                
                                                  \endgroup 
l.2 \noindent
              \textbf{- Reference}
? 

Overfull \hbox (3.83331pt too wide) in paragraph at lines 2--3
\OT1/cmr/bx/n/10 -
 []


Overfull \hbox (21.24295pt too wide) in paragraph at lines 2--3
\OT1/cmr/bx/n/10 Ref-
 []


Overfull \hbox (13.84023pt too wide) in paragraph at lines 2--3
\OT1/cmr/bx/n/10 er-
 []


Overfull \hbox (22.04156pt too wide) in paragraph at lines 2--3
\OT1/cmr/bx/n/10 ence 
 []

! Undefined control sequence.
l.4 \href
         {https://www.youtube.com/watch?v=fz1vxq5ts5I}{YouTube -- Extended E...

? 

! LaTeX Error: Missing \begin{document}.

See the LaTeX manual or LaTeX Companion for explanation.
Type  H <return>  for immediate help.
 ...                                              
                                                  
l.4 \href{h
           ttps://www.youtube.com/watch?v=fz1vxq5ts5I}{YouTube -- Extended E...

? 
Missing character: There is no h in font nullfont!
Missing character: There is no t in font nullfont!
Missing character: There is no t in font nullfont!
Missing character: There is no p in font nullfont!
Missing character: There is no s in font nullfont!
Missing character: There is no : in font nullfont!
Missing character: There is no / in font nullfont!
Missing character: There is no / in font nullfont!
Missing character: There is no w in font nullfont!
Missing character: There is no w in font nullfont!
Missing character: There is no w in font nullfont!
Missing character: There is no . in font nullfont!
Missing character: There is no y in font nullfont!
Missing character: There is no o in font nullfont!
Missing character: There is no u in font nullfont!
Missing character: There is no t in font nullfont!
Missing character: There is no u in font nullfont!
Missing character: There is no b in font nullfont!
Missing character: There is no e in font nullfont!
Missing character: There is no . in font nullfont!
Missing character: There is no c in font nullfont!
Missing character: There is no o in font nullfont!
Missing character: There is no m in font nullfont!
Missing character: There is no / in font nullfont!
Missing character: There is no w in font nullfont!
Missing character: There is no a in font nullfont!
Missing character: There is no t in font nullfont!
Missing character: There is no c in font nullfont!
Missing character: There is no h in font nullfont!
Missing character: There is no ? in font nullfont!
Missing character: There is no v in font nullfont!
Missing character: There is no = in font nullfont!
Missing character: There is no f in font nullfont!
Missing character: There is no z in font nullfont!
Missing character: There is no 1 in font nullfont!
Missing character: There is no v in font nullfont!
Missing character: There is no x in font nullfont!
Missing character: There is no q in font nullfont!
Missing character: There is no 5 in font nullfont!
Missing character: There is no t in font nullfont!
Missing character: There is no s in font nullfont!
Missing character: There is no 5 in font nullfont!
Missing character: There is no I in font nullfont!
Missing character: There is no Y in font nullfont!
Missing character: There is no o in font nullfont!
Missing character: There is no u in font nullfont!
Missing character: There is no T in font nullfont!
Missing character: There is no u in font nullfont!
Missing character: There is no b in font nullfont!
Missing character: There is no e in font nullfont!
Missing character: There is no - in font nullfont!
Missing character: There is no - in font nullfont!
Missing character: There is no E in font nullfont!
Missing character: There is no x in font nullfont!
Missing character: There is no t in font nullfont!
Missing character: There is no e in font nullfont!
Missing character: There is no n in font nullfont!
Missing character: There is no d in font nullfont!
Missing character: There is no e in font nullfont!
Missing character: There is no d in font nullfont!
Missing character: There is no E in font nullfont!
Missing character: There is no u in font nullfont!
Missing character: There is no c in font nullfont!
Missing character: There is no l in font nullfont!
Missing character: There is no i in font nullfont!
Missing character: There is no d in font nullfont!
Missing character: There is no e in font nullfont!
Missing character: There is no a in font nullfont!
Missing character: There is no n in font nullfont!
Missing character: There is no A in font nullfont!
Missing character: There is no l in font nullfont!
Missing character: There is no g in font nullfont!
Missing character: There is no o in font nullfont!
Missing character: There is no r in font nullfont!
Missing character: There is no i in font nullfont!
Missing character: There is no t in font nullfont!
Missing character: There is no h in font nullfont!
Missing character: There is no m in font nullfont!
Missing character: There is no T in font nullfont!
Missing character: There is no u in font nullfont!
Missing character: There is no t in font nullfont!
Missing character: There is no o in font nullfont!
Missing character: There is no r in font nullfont!
Missing character: There is no i in font nullfont!
Missing character: There is no a in font nullfont!
Missing character: There is no l in font nullfont!
Missing character: There is no . in font nullfont!

Overfull \hbox (20.0pt too wide) in paragraph at lines 4--5
[]
 []

! Undefined control sequence.
l.7 \subsection
               {Overview}
? 

! LaTeX Error: Missing \begin{document}.

See the LaTeX manual or LaTeX Companion for explanation.
Type  H <return>  for immediate help.
 ...                                              
                                                  
l.7 \subsection{O
                 verview}
? 
Missing character: There is no O in font nullfont!
Missing character: There is no v in font nullfont!
Missing character: There is no e in font nullfont!
Missing character: There is no r in font nullfont!
Missing character: There is no v in font nullfont!
Missing character: There is no i in font nullfont!
Missing character: There is no e in font nullfont!
Missing character: There is no w in font nullfont!

Overfull \hbox (20.0pt too wide) in paragraph at lines 7--9
[]
 []


! LaTeX Error: Environment tcolorbox undefined.

See the LaTeX manual or LaTeX Companion for explanation.
Type  H <return>  for immediate help.
 ...                                              
                                                  
l.10 \begin{tcolorbox}
                      [title={\textbf{\tboxdef{\ref*{subsec:modulo-overview}...

? 

! LaTeX Error: Missing \begin{document}.

See the LaTeX manual or LaTeX Companion for explanation.
Type  H <return>  for immediate help.
 ...                                              
                                                  
l.10 \begin{tcolorbox}[
                       title={\textbf{\tboxdef{\ref*{subsec:modulo-overview}...

? 
Missing character: There is no [ in font nullfont!
Missing character: There is no t in font nullfont!
Missing character: There is no i in font nullfont!
Missing character: There is no t in font nullfont!
Missing character: There is no l in font nullfont!
Missing character: There is no e in font nullfont!
Missing character: There is no = in font nullfont!
! Undefined control sequence.
<recently read> \tboxdef 
                         
l.10 ...*{subsec:modulo-overview}} Integer Modulo}
                                                  }]
? 
! Undefined control sequence.
<write> ...bsec:modulo-overview' on page \thepage 
                                                  \space undefined\on@line .
l.10 ...*{subsec:modulo-overview}} Integer Modulo}
                                                  }]
? 

LaTeX Warning: Reference `subsec:modulo-overview' on page  undefined on input l
ine 10.

Missing character: There is no ] in font nullfont!

Overfull \hbox (30.86105pt too wide) in paragraph at lines 10--11
[][]
 []


Overfull \hbox (14.58325pt too wide) in paragraph at lines 10--11
\OT1/cmr/bx/n/10 In-
 []


Overfull \hbox (13.57632pt too wide) in paragraph at lines 10--11
\OT1/cmr/bx/n/10 te-
 []


Overfull \hbox (15.75688pt too wide) in paragraph at lines 10--11
\OT1/cmr/bx/n/10 ger
 []


Overfull \hbox (27.20819pt too wide) in paragraph at lines 10--11
\OT1/cmr/bx/n/10 Mod-
 []


Overfull \hbox (15.33325pt too wide) in paragraph at lines 10--11
\OT1/cmr/bx/n/10 ulo 
 []


! LaTeX Error: Missing \begin{document}.

See the LaTeX manual or LaTeX Companion for explanation.
Type  H <return>  for immediate help.
 ...                                              
                                                  
l.12 \begin{itemize}
                    
? 

Overfull \hbox (20.0pt too wide) in paragraph at lines 12--12
[] 
 []

Missing character: There is no i in font nullfont!
Missing character: There is no s in font nullfont!
Missing character: There is no t in font nullfont!
Missing character: There is no h in font nullfont!
Missing character: There is no e in font nullfont!
Missing character: There is no o in font nullfont!
Missing character: There is no p in font nullfont!
Missing character: There is no e in font nullfont!
Missing character: There is no r in font nullfont!
Missing character: There is no a in font nullfont!
Missing character: There is no t in font nullfont!
Missing character: There is no i in font nullfont!
Missing character: There is no o in font nullfont!
Missing character: There is no n in font nullfont!
Missing character: There is no o in font nullfont!
Missing character: There is no f in font nullfont!
Missing character: There is no c in font nullfont!
Missing character: There is no o in font nullfont!
Missing character: There is no m in font nullfont!
Missing character: There is no p in font nullfont!
Missing character: There is no u in font nullfont!
Missing character: There is no t in font nullfont!
Missing character: There is no i in font nullfont!
Missing character: There is no n in font nullfont!
Missing character: There is no g in font nullfont!
Missing character: There is no t in font nullfont!
Missing character: There is no h in font nullfont!
Missing character: There is no e in font nullfont!
Missing character: There is no r in font nullfont!
Missing character: There is no e in font nullfont!
Missing character: There is no m in font nullfont!
Missing character: There is no a in font nullfont!
Missing character: There is no i in font nullfont!
Missing character: There is no n in font nullfont!
Missing character: There is no d in font nullfont!
Missing character: There is no e in font nullfont!
Missing character: There is no r in font nullfont!
Missing character: There is no o in font nullfont!
Missing character: There is no b in font nullfont!
Missing character: There is no t in font nullfont!
Missing character: There is no a in font nullfont!
Missing character: There is no i in font nullfont!
Missing character: There is no n in font nullfont!
Missing character: There is no e in font nullfont!
Missing character: There is no d in font nullfont!
Missing character: There is no w in font nullfont!
Missing character: There is no h in font nullfont!
Missing character: There is no e in font nullfont!
Missing character: There is no n in font nullfont!
Missing character: There is no o in font nullfont!
Missing character: There is no n in font nullfont!
Missing character: There is no e in font nullfont!
Missing character: There is no n in font nullfont!
Missing character: There is no u in font nullfont!
Missing character: There is no m in font nullfont!
Missing character: There is no b in font nullfont!
Missing character: There is no e in font nullfont!
Missing character: There is no r in font nullfont!
Missing character: There is no i in font nullfont!
Missing character: There is no s in font nullfont!
Missing character: There is no d in font nullfont!
Missing character: There is no i in font nullfont!
Missing character: There is no v in font nullfont!
Missing character: There is no i in font nullfont!
Missing character: There is no d in font nullfont!
Missing character: There is no e in font nullfont!
Missing character: There is no d in font nullfont!
Missing character: There is no b in font nullfont!
Missing character: There is no y in font nullfont!
Missing character: There is no a in font nullfont!
Missing character: There is no n in font nullfont!
Missing character: There is no o in font nullfont!
Missing character: There is no t in font nullfont!
Missing character: There is no h in font nullfont!
Missing character: There is no e in font nullfont!
Missing character: There is no r in font nullfont!
Missing character: There is no . in font nullfont!
Missing character: There is no i in font nullfont!
Missing character: There is no s in font nullfont!
Missing character: There is no o in font nullfont!
Missing character: There is no f in font nullfont!
Missing character: There is no t in font nullfont!
Missing character: There is no e in font nullfont!
Missing character: There is no n in font nullfont!
Missing character: There is no a in font nullfont!
Missing character: There is no b in font nullfont!
Missing character: There is no b in font nullfont!
Missing character: There is no r in font nullfont!
Missing character: There is no e in font nullfont!
Missing character: There is no v in font nullfont!
Missing character: There is no i in font nullfont!
Missing character: There is no a in font nullfont!
Missing character: There is no t in font nullfont!
Missing character: There is no e in font nullfont!
Missing character: There is no d in font nullfont!
Missing character: There is no a in font nullfont!
Missing character: There is no s in font nullfont!
Missing character: There is no . in font nullfont!

Overfull \hbox (38.70813pt too wide) in paragraph at lines 14--15
\OT1/cmr/bx/n/10 Modulo
 []


Overfull \hbox (25.87486pt too wide) in paragraph at lines 14--15
\OT1/cmr/bx/n/10 mod-
 []


Overfull \hbox (15.33325pt too wide) in paragraph at lines 14--15
\OT1/cmr/bx/n/10 ulo
 []


Overfull \hbox (22.04155pt too wide) in paragraph at lines 14--15
\OT1/cmr/bx/n/10 mod 
 []

LaTeX Font Info:    External font `cmex10' loaded for size
(Font)              <7> on input line 16.
LaTeX Font Info:    External font `cmex10' loaded for size
(Font)              <5> on input line 16.
! Undefined control sequence.
<recently read> \bm 
                    
l.18 ...$ (i.e., $\bm{a} \bm{\text{ modulo } q}$)}
                                                   is the remainder after di...

? 
! Undefined control sequence.
<recently read> \bm 
                    
l.18 ...$ (i.e., $\bm{a} \bm{\text{ modulo } q}$)}
                                                   is the remainder after di...

? 
! Undefined control sequence.
<recently read> \bm 
                    
l.18 ...$ (i.e., $\bm{a} \bm{\text{ modulo } q}$)}
                                                   is the remainder after di...

? 
! Undefined control sequence.
<argument> ...$ mod $\bm {q}$ (i.e., $\bm {a} \bm 
                                                  {\text { modulo } q}$)
l.18 ...$ (i.e., $\bm{a} \bm{\text{ modulo } q}$)}
                                                   is the remainder after di...

? 
! Undefined control sequence.
<argument> ...\bm {q}$ (i.e., $\bm {a} \bm {\text 
                                                  { modulo } q}$)
l.18 ...$ (i.e., $\bm{a} \bm{\text{ modulo } q}$)}
                                                   is the remainder after di...

? 
Missing character: There is no i in font nullfont!
Missing character: There is no s in font nullfont!
Missing character: There is no t in font nullfont!
Missing character: There is no h in font nullfont!
Missing character: There is no e in font nullfont!
Missing character: There is no r in font nullfont!
Missing character: There is no e in font nullfont!
Missing character: There is no m in font nullfont!
Missing character: There is no a in font nullfont!
Missing character: There is no i in font nullfont!
Missing character: There is no n in font nullfont!
Missing character: There is no d in font nullfont!
Missing character: There is no e in font nullfont!
Missing character: There is no r in font nullfont!
Missing character: There is no a in font nullfont!
Missing character: There is no f in font nullfont!
Missing character: There is no t in font nullfont!
Missing character: There is no e in font nullfont!
Missing character: There is no r in font nullfont!
Missing character: There is no d in font nullfont!
Missing character: There is no i in font nullfont!
Missing character: There is no v in font nullfont!
Missing character: There is no i in font nullfont!
Missing character: There is no d in font nullfont!
Missing character: There is no i in font nullfont!
Missing character: There is no n in font nullfont!
Missing character: There is no g in font nullfont!
Missing character: There is no b in font nullfont!
Missing character: There is no y in font nullfont!
Missing character: There is no , in font nullfont!
Missing character: There is no w in font nullfont!
Missing character: There is no h in font nullfont!
Missing character: There is no i in font nullfont!
Missing character: There is no c in font nullfont!
Missing character: There is no h in font nullfont!
Missing character: There is no i in font nullfont!
Missing character: There is no s in font nullfont!
Missing character: There is no a in font nullfont!
Missing character: There is no l in font nullfont!
Missing character: There is no w in font nullfont!
Missing character: There is no a in font nullfont!
Missing character: There is no y in font nullfont!
Missing character: There is no s in font nullfont!
Missing character: There is no a in font nullfont!
Missing character: There is no n in font nullfont!
Missing character: There is no e in font nullfont!
Missing character: There is no l in font nullfont!
Missing character: There is no e in font nullfont!
Missing character: There is no m in font nullfont!
Missing character: There is no e in font nullfont!
Missing character: There is no n in font nullfont!
Missing character: There is no t in font nullfont!
Missing character: There is no o in font nullfont!
Missing character: There is no f in font nullfont!
Missing character: There is no . in font nullfont!
Missing character: There is no F in font nullfont!
Missing character: There is no o in font nullfont!
Missing character: There is no r in font nullfont!
Missing character: There is no e in font nullfont!
Missing character: There is no x in font nullfont!
Missing character: There is no a in font nullfont!
Missing character: There is no m in font nullfont!
Missing character: There is no p in font nullfont!
Missing character: There is no l in font nullfont!
Missing character: There is no e in font nullfont!
Missing character: There is no , in font nullfont!
Missing character: There is no , in font nullfont!
Missing character: There is no b in font nullfont!
Missing character: There is no e in font nullfont!
Missing character: There is no c in font nullfont!
Missing character: There is no a in font nullfont!
Missing character: There is no u in font nullfont!
Missing character: There is no s in font nullfont!
Missing character: There is no e in font nullfont!
Missing character: There is no t in font nullfont!
Missing character: There is no h in font nullfont!
Missing character: There is no e in font nullfont!
Missing character: There is no r in font nullfont!
Missing character: There is no e in font nullfont!
Missing character: There is no m in font nullfont!
Missing character: There is no a in font nullfont!
Missing character: There is no i in font nullfont!
Missing character: There is no n in font nullfont!
Missing character: There is no d in font nullfont!
Missing character: There is no e in font nullfont!
Missing character: There is no r in font nullfont!
Missing character: There is no o in font nullfont!
Missing character: There is no f in font nullfont!
Missing character: There is no d in font nullfont!
Missing character: There is no i in font nullfont!
Missing character: There is no v in font nullfont!
Missing character: There is no i in font nullfont!
Missing character: There is no d in font nullfont!
Missing character: There is no i in font nullfont!
Missing character: There is no n in font nullfont!
Missing character: There is no g in font nullfont!
Missing character: There is no 7 in font nullfont!
Missing character: There is no b in font nullfont!
Missing character: There is no y in font nullfont!
Missing character: There is no 5 in font nullfont!
Missing character: There is no i in font nullfont!
Missing character: There is no s in font nullfont!
Missing character: There is no 2 in font nullfont!
Missing character: There is no . in font nullfont!

Overfull \hbox (5.28589pt too wide) in paragraph at lines 18--19
\OML/cmm/m/it/10 a$
 []


Overfull \hbox (22.04155pt too wide) in paragraph at lines 18--19
\OT1/cmr/bx/n/10 mod
 []


Overfull \hbox (4.8229pt too wide) in paragraph at lines 18--19
\OML/cmm/m/it/10 q$
 []


Overfull \hbox (22.52072pt too wide) in paragraph at lines 18--19
\OT1/cmr/bx/n/10 (i.e.,
 []


Overfull \hbox (47.1656pt too wide) in paragraph at lines 18--19
\OML/cmm/m/it/10 a[]$\OT1/cmr/bx/n/10 )
 []


Overfull \hbox (5.28589pt too wide) in paragraph at lines 18--19
\OML/cmm/m/it/10 a$
 []


Overfull \hbox (4.8229pt too wide) in paragraph at lines 18--19
\OML/cmm/m/it/10 q$
 []


Overfull \hbox (73.15608pt too wide) in paragraph at lines 18--19
\OMS/cmsy/m/n/10 f\OT1/cmr/m/n/10 0\OML/cmm/m/it/10 ; \OT1/cmr/m/n/10 1\OML/cmm
/m/it/10 ; \OT1/cmr/m/n/10 2\OML/cmm/m/it/10 ; \OT1/cmr/m/n/10 3\OML/cmm/m/it/1
0 ; [] ; q \OMS/cmsy/m/n/10 ^^@
 []


Overfull \hbox (10.00003pt too wide) in paragraph at lines 18--19
\OT1/cmr/m/n/10 1\OMS/cmsy/m/n/10 g$
 []


Overfull \hbox (26.94446pt too wide) in paragraph at lines 18--19
\OT1/cmr/m/n/10 7  []
 []


Overfull \hbox (15.55553pt too wide) in paragraph at lines 18--19
\OT1/cmr/m/n/10 5 =
 []


Overfull \hbox (5.00002pt too wide) in paragraph at lines 18--19
\OT1/cmr/m/n/10 2$
 []

Missing character: There is no G in font nullfont!
Missing character: There is no i in font nullfont!
Missing character: There is no v in font nullfont!
Missing character: There is no e in font nullfont!
Missing character: There is no n in font nullfont!
! Undefined control sequence.
<recently read> \bm 
                    
l.22 \item \textbf{Modulus:} Given $\bm
                                       {a}$ mod $\bm{q}$, we call the diviso...

? 
Missing character: There is no m in font nullfont!
Missing character: There is no o in font nullfont!
Missing character: There is no d in font nullfont!
! Undefined control sequence.
<recently read> \bm 
                    
l.22 ... \textbf{Modulus:} Given $\bm{a}$ mod $\bm
                                                  {q}$, we call the divisor ...

? 
Missing character: There is no , in font nullfont!
Missing character: There is no w in font nullfont!
Missing character: There is no e in font nullfont!
Missing character: There is no c in font nullfont!
Missing character: There is no a in font nullfont!
Missing character: There is no l in font nullfont!
Missing character: There is no l in font nullfont!
Missing character: There is no t in font nullfont!
Missing character: There is no h in font nullfont!
Missing character: There is no e in font nullfont!
Missing character: There is no d in font nullfont!
Missing character: There is no i in font nullfont!
Missing character: There is no v in font nullfont!
Missing character: There is no i in font nullfont!
Missing character: There is no s in font nullfont!
Missing character: There is no o in font nullfont!
Missing character: There is no r in font nullfont!
Missing character: There is no t in font nullfont!
Missing character: There is no h in font nullfont!
Missing character: There is no e in font nullfont!
Missing character: There is no m in font nullfont!
Missing character: There is no o in font nullfont!
Missing character: There is no d in font nullfont!
Missing character: There is no u in font nullfont!
Missing character: There is no l in font nullfont!
Missing character: There is no u in font nullfont!
Missing character: There is no s in font nullfont!
Missing character: There is no , in font nullfont!
Missing character: There is no w in font nullfont!
Missing character: There is no h in font nullfont!
Missing character: There is no e in font nullfont!
Missing character: There is no r in font nullfont!
Missing character: There is no e in font nullfont!
Missing character: There is no a in font nullfont!
Missing character: There is no s in font nullfont!
Missing character: There is no r in font nullfont!
Missing character: There is no e in font nullfont!
Missing character: There is no f in font nullfont!
Missing character: There is no e in font nullfont!
Missing character: There is no r in font nullfont!
Missing character: There is no s in font nullfont!
Missing character: There is no t in font nullfont!
Missing character: There is no o in font nullfont!
Missing character: There is no t in font nullfont!
Missing character: There is no h in font nullfont!
Missing character: There is no e in font nullfont!
Missing character: There is no o in font nullfont!
Missing character: There is no p in font nullfont!
Missing character: There is no e in font nullfont!
Missing character: There is no r in font nullfont!
Missing character: There is no a in font nullfont!
Missing character: There is no t in font nullfont!
Missing character: There is no i in font nullfont!
Missing character: There is no o in font nullfont!
Missing character: There is no n in font nullfont!
Missing character: There is no . in font nullfont!

Overfull \hbox (47.07751pt too wide) in paragraph at lines 22--23
\OT1/cmr/bx/n/10 Modulus:
 []


Overfull \hbox (5.28589pt too wide) in paragraph at lines 22--23
\OML/cmm/m/it/10 a$
 []


Overfull \hbox (4.8229pt too wide) in paragraph at lines 22--23
\OML/cmm/m/it/10 q$
 []


Overfull \hbox (4.8229pt too wide) in paragraph at lines 22--23
\OML/cmm/m/it/10 q$
 []


Overfull \hbox (21.46652pt too wide) in paragraph at lines 22--23
\OT1/cmr/m/it/10 mod-
 []


Overfull \hbox (13.03326pt too wide) in paragraph at lines 22--23
\OT1/cmr/m/it/10 ulo
 []

! Undefined control sequence.
<recently read> \bm 
                    
l.26 ...textbf{Modulo Congruence ($\bm{\equiv}$):}
                                                   $a$ is congruent to $b$ m...

? 
Missing character: There is no i in font nullfont!
Missing character: There is no s in font nullfont!
Missing character: There is no c in font nullfont!
Missing character: There is no o in font nullfont!
Missing character: There is no n in font nullfont!
Missing character: There is no g in font nullfont!
Missing character: There is no r in font nullfont!
Missing character: There is no u in font nullfont!
Missing character: There is no e in font nullfont!
Missing character: There is no n in font nullfont!
Missing character: There is no t in font nullfont!
Missing character: There is no t in font nullfont!
Missing character: There is no o in font nullfont!
Missing character: There is no m in font nullfont!
Missing character: There is no o in font nullfont!
Missing character: There is no d in font nullfont!
Missing character: There is no u in font nullfont!
Missing character: There is no l in font nullfont!
Missing character: There is no o in font nullfont!
Missing character: There is no ( in font nullfont!
Missing character: There is no i in font nullfont!
Missing character: There is no . in font nullfont!
Missing character: There is no e in font nullfont!
Missing character: There is no . in font nullfont!
Missing character: There is no , in font nullfont!
Missing character: There is no ) in font nullfont!
Missing character: There is no i in font nullfont!
Missing character: There is no f in font nullfont!
Missing character: There is no t in font nullfont!
Missing character: There is no h in font nullfont!
Missing character: There is no e in font nullfont!
Missing character: There is no y in font nullfont!
Missing character: There is no h in font nullfont!
Missing character: There is no a in font nullfont!
Missing character: There is no v in font nullfont!
Missing character: There is no e in font nullfont!
Missing character: There is no t in font nullfont!
Missing character: There is no h in font nullfont!
Missing character: There is no e in font nullfont!
Missing character: There is no s in font nullfont!
Missing character: There is no a in font nullfont!
Missing character: There is no m in font nullfont!
Missing character: There is no e in font nullfont!
Missing character: There is no r in font nullfont!
Missing character: There is no e in font nullfont!
Missing character: There is no m in font nullfont!
Missing character: There is no a in font nullfont!
Missing character: There is no i in font nullfont!
Missing character: There is no n in font nullfont!
Missing character: There is no d in font nullfont!
Missing character: There is no e in font nullfont!
Missing character: There is no r in font nullfont!
Missing character: There is no w in font nullfont!
Missing character: There is no h in font nullfont!
Missing character: There is no e in font nullfont!
Missing character: There is no n in font nullfont!
Missing character: There is no d in font nullfont!
Missing character: There is no i in font nullfont!
Missing character: There is no v in font nullfont!
Missing character: There is no i in font nullfont!
Missing character: There is no d in font nullfont!
Missing character: There is no e in font nullfont!
Missing character: There is no d in font nullfont!
Missing character: There is no b in font nullfont!
Missing character: There is no y in font nullfont!
Missing character: There is no . in font nullfont!
Missing character: There is no F in font nullfont!
Missing character: There is no o in font nullfont!
Missing character: There is no r in font nullfont!
Missing character: There is no e in font nullfont!
Missing character: There is no x in font nullfont!
Missing character: There is no a in font nullfont!
Missing character: There is no m in font nullfont!
Missing character: There is no p in font nullfont!
Missing character: There is no l in font nullfont!
Missing character: There is no e in font nullfont!
Missing character: There is no , in font nullfont!
Missing character: There is no , in font nullfont!
Missing character: There is no b in font nullfont!
Missing character: There is no e in font nullfont!
Missing character: There is no c in font nullfont!
Missing character: There is no a in font nullfont!
Missing character: There is no u in font nullfont!
Missing character: There is no s in font nullfont!
Missing character: There is no e in font nullfont!
Missing character: There is no a in font nullfont!
Missing character: There is no n in font nullfont!
Missing character: There is no d in font nullfont!
Missing character: There is no . in font nullfont!
Missing character: There is no I in font nullfont!
Missing character: There is no n in font nullfont!
Missing character: There is no m in font nullfont!
Missing character: There is no a in font nullfont!
Missing character: There is no t in font nullfont!
Missing character: There is no h in font nullfont!
Missing character: There is no e in font nullfont!
Missing character: There is no m in font nullfont!
Missing character: There is no a in font nullfont!
Missing character: There is no t in font nullfont!
Missing character: There is no i in font nullfont!
Missing character: There is no c in font nullfont!
Missing character: There is no s in font nullfont!
Missing character: There is no , in font nullfont!
Missing character: There is no t in font nullfont!
Missing character: There is no h in font nullfont!
Missing character: There is no e in font nullfont!
Missing character: There is no n in font nullfont!
Missing character: There is no o in font nullfont!
Missing character: There is no t in font nullfont!
Missing character: There is no a in font nullfont!
Missing character: There is no t in font nullfont!
Missing character: There is no i in font nullfont!
Missing character: There is no o in font nullfont!
Missing character: There is no n in font nullfont!
Missing character: There is no i in font nullfont!
Missing character: There is no s in font nullfont!
Missing character: There is no i in font nullfont!
Missing character: There is no d in font nullfont!
Missing character: There is no e in font nullfont!
Missing character: There is no n in font nullfont!
Missing character: There is no t in font nullfont!
Missing character: There is no i in font nullfont!
Missing character: There is no c in font nullfont!
Missing character: There is no a in font nullfont!
Missing character: There is no l in font nullfont!
Missing character: There is no t in font nullfont!
Missing character: There is no o in font nullfont!
Missing character: There is no , in font nullfont!
Missing character: There is no m in font nullfont!
Missing character: There is no e in font nullfont!
Missing character: There is no a in font nullfont!
Missing character: There is no n in font nullfont!
Missing character: There is no i in font nullfont!
Missing character: There is no n in font nullfont!
Missing character: There is no g in font nullfont!
Missing character: There is no t in font nullfont!
Missing character: There is no h in font nullfont!
Missing character: There is no a in font nullfont!
Missing character: There is no t in font nullfont!
Missing character: There is no t in font nullfont!
Missing character: There is no h in font nullfont!
Missing character: There is no e in font nullfont!
Missing character: There is no r in font nullfont!
Missing character: There is no e in font nullfont!
Missing character: There is no m in font nullfont!
Missing character: There is no a in font nullfont!
Missing character: There is no i in font nullfont!
Missing character: There is no n in font nullfont!
Missing character: There is no d in font nullfont!
Missing character: There is no e in font nullfont!
Missing character: There is no r in font nullfont!
Missing character: There is no o in font nullfont!
Missing character: There is no f in font nullfont!
Missing character: There is no d in font nullfont!
Missing character: There is no i in font nullfont!
Missing character: There is no v in font nullfont!
Missing character: There is no i in font nullfont!
Missing character: There is no d in font nullfont!
Missing character: There is no e in font nullfont!
Missing character: There is no d in font nullfont!
Missing character: There is no b in font nullfont!
Missing character: There is no y in font nullfont!
Missing character: There is no i in font nullfont!
Missing character: There is no s in font nullfont!
Missing character: There is no t in font nullfont!
Missing character: There is no h in font nullfont!
Missing character: There is no e in font nullfont!
Missing character: There is no s in font nullfont!
Missing character: There is no a in font nullfont!
Missing character: There is no m in font nullfont!
Missing character: There is no e in font nullfont!
Missing character: There is no a in font nullfont!
Missing character: There is no s in font nullfont!
Missing character: There is no t in font nullfont!
Missing character: There is no h in font nullfont!
Missing character: There is no e in font nullfont!
Missing character: There is no r in font nullfont!
Missing character: There is no e in font nullfont!
Missing character: There is no m in font nullfont!
Missing character: There is no a in font nullfont!
Missing character: There is no i in font nullfont!
Missing character: There is no n in font nullfont!
Missing character: There is no d in font nullfont!
Missing character: There is no e in font nullfont!
Missing character: There is no r in font nullfont!
Missing character: There is no o in font nullfont!
Missing character: There is no f in font nullfont!
Missing character: There is no d in font nullfont!
Missing character: There is no i in font nullfont!
Missing character: There is no v in font nullfont!
Missing character: There is no i in font nullfont!
Missing character: There is no d in font nullfont!
Missing character: There is no e in font nullfont!
Missing character: There is no d in font nullfont!
Missing character: There is no b in font nullfont!
Missing character: There is no y in font nullfont!
Missing character: There is no . in font nullfont!
Missing character: There is no N in font nullfont!
Missing character: There is no o in font nullfont!
Missing character: There is no t in font nullfont!
Missing character: There is no e in font nullfont!
Missing character: There is no t in font nullfont!
Missing character: There is no h in font nullfont!
Missing character: There is no a in font nullfont!
Missing character: There is no t in font nullfont!
Missing character: There is no t in font nullfont!
Missing character: There is no h in font nullfont!
Missing character: There is no i in font nullfont!
Missing character: There is no s in font nullfont!
Missing character: There is no n in font nullfont!
Missing character: There is no o in font nullfont!
Missing character: There is no t in font nullfont!
Missing character: There is no a in font nullfont!
Missing character: There is no t in font nullfont!
Missing character: There is no i in font nullfont!
Missing character: There is no o in font nullfont!
Missing character: There is no n in font nullfont!
Missing character: There is no d in font nullfont!
Missing character: There is no i in font nullfont!
Missing character: There is no f in font nullfont!
Missing character: There is no f in font nullfont!
Missing character: There is no e in font nullfont!
Missing character: There is no r in font nullfont!
Missing character: There is no s in font nullfont!
Missing character: There is no f in font nullfont!
Missing character: There is no r in font nullfont!
Missing character: There is no o in font nullfont!
Missing character: There is no m in font nullfont!
Missing character: There is no , in font nullfont!
Missing character: There is no w in font nullfont!
Missing character: There is no h in font nullfont!
Missing character: There is no i in font nullfont!
Missing character: There is no c in font nullfont!
Missing character: There is no h in font nullfont!
Missing character: There is no s in font nullfont!
Missing character: There is no t in font nullfont!
Missing character: There is no a in font nullfont!
Missing character: There is no t in font nullfont!
Missing character: There is no e in font nullfont!
Missing character: There is no s in font nullfont!
Missing character: There is no t in font nullfont!
Missing character: There is no h in font nullfont!
Missing character: There is no a in font nullfont!
Missing character: There is no t in font nullfont!
Missing character: There is no e in font nullfont!
Missing character: There is no q in font nullfont!
Missing character: There is no u in font nullfont!
Missing character: There is no a in font nullfont!
Missing character: There is no l in font nullfont!
Missing character: There is no s in font nullfont!
Missing character: There is no t in font nullfont!
Missing character: There is no h in font nullfont!
Missing character: There is no e in font nullfont!
Missing character: There is no r in font nullfont!
Missing character: There is no e in font nullfont!
Missing character: There is no m in font nullfont!
Missing character: There is no a in font nullfont!
Missing character: There is no i in font nullfont!
Missing character: There is no n in font nullfont!
Missing character: There is no d in font nullfont!
Missing character: There is no e in font nullfont!
Missing character: There is no r in font nullfont!
Missing character: There is no o in font nullfont!
Missing character: There is no f in font nullfont!
Missing character: There is no d in font nullfont!
Missing character: There is no i in font nullfont!
Missing character: There is no v in font nullfont!
Missing character: There is no i in font nullfont!
Missing character: There is no d in font nullfont!
Missing character: There is no e in font nullfont!
Missing character: There is no d in font nullfont!
Missing character: There is no b in font nullfont!
Missing character: There is no y in font nullfont!
Missing character: There is no . in font nullfont!

Overfull \hbox (38.70813pt too wide) in paragraph at lines 26--27
\OT1/cmr/bx/n/10 Modulo
 []


Overfull \hbox (24.27765pt too wide) in paragraph at lines 26--27
\OT1/cmr/bx/n/10 Con-
 []


Overfull \hbox (20.70824pt too wide) in paragraph at lines 26--27
\OT1/cmr/bx/n/10 gru-
 []


Overfull \hbox (22.04156pt too wide) in paragraph at lines 26--27
\OT1/cmr/bx/n/10 ence
 []


Overfull \hbox (19.91663pt too wide) in paragraph at lines 26--27
\OT1/cmr/bx/n/10 ($[]$):
 []


Overfull \hbox (5.28589pt too wide) in paragraph at lines 26--27
\OML/cmm/m/it/10 a$
 []


Overfull \hbox (4.29166pt too wide) in paragraph at lines 26--27
\OML/cmm/m/it/10 b$
 []


Overfull \hbox (4.8229pt too wide) in paragraph at lines 26--27
\OML/cmm/m/it/10 q$
 []


Overfull \hbox (15.8414pt too wide) in paragraph at lines 26--27
\OML/cmm/m/it/10 a \OMS/cmsy/m/n/10 ^^Q
 []


Overfull \hbox (38.82274pt too wide) in paragraph at lines 26--27
\OML/cmm/m/it/10 b[]q$
 []


Overfull \hbox (4.8229pt too wide) in paragraph at lines 26--27
\OML/cmm/m/it/10 q$
 []


Overfull \hbox (15.55553pt too wide) in paragraph at lines 26--27
\OT1/cmr/m/n/10 5 \OMS/cmsy/m/n/10 ^^Q
 []


Overfull \hbox (31.94447pt too wide) in paragraph at lines 26--27
\OT1/cmr/m/n/10 12  []
 []


Overfull \hbox (5.00002pt too wide) in paragraph at lines 26--27
\OT1/cmr/m/n/10 7$
 []


Overfull \hbox (26.94446pt too wide) in paragraph at lines 26--27
\OT1/cmr/m/n/10 5  []
 []


Overfull \hbox (15.55553pt too wide) in paragraph at lines 26--27
\OT1/cmr/m/n/10 7 =
 []


Overfull \hbox (5.00002pt too wide) in paragraph at lines 26--27
\OT1/cmr/m/n/10 5$
 []


Overfull \hbox (31.94447pt too wide) in paragraph at lines 26--27
\OT1/cmr/m/n/10 12  []
 []


Overfull \hbox (15.55553pt too wide) in paragraph at lines 26--27
\OT1/cmr/m/n/10 7 =
 []


Overfull \hbox (5.00002pt too wide) in paragraph at lines 26--27
\OT1/cmr/m/n/10 5$
 []


Overfull \hbox (15.8414pt too wide) in paragraph at lines 26--27
\OML/cmm/m/it/10 a \OMS/cmsy/m/n/10 ^^Q
 []


Overfull \hbox (26.2361pt too wide) in paragraph at lines 26--27
\OML/cmm/m/it/10 b  []
 []


Overfull \hbox (4.8229pt too wide) in paragraph at lines 26--27
\OML/cmm/m/it/10 q$
 []


Overfull \hbox (15.8414pt too wide) in paragraph at lines 26--27
\OML/cmm/m/it/10 a \OT1/cmr/m/n/10 =
 []


Overfull \hbox (4.29166pt too wide) in paragraph at lines 26--27
\OML/cmm/m/it/10 b
 []


Overfull \hbox (35.1007pt too wide) in paragraph at lines 26--27
\OT1/cmr/m/n/10 ([]  \OML/cmm/m/it/10 q\OT1/cmr/m/n/10 )$
 []


Overfull \hbox (5.28589pt too wide) in paragraph at lines 26--27
\OML/cmm/m/it/10 a$
 []


Overfull \hbox (4.8229pt too wide) in paragraph at lines 26--27
\OML/cmm/m/it/10 q$
 []


Overfull \hbox (4.29166pt too wide) in paragraph at lines 26--27
\OML/cmm/m/it/10 b$
 []


Overfull \hbox (4.8229pt too wide) in paragraph at lines 26--27
\OML/cmm/m/it/10 q$
 []


Overfull \hbox (15.8414pt too wide) in paragraph at lines 26--27
\OML/cmm/m/it/10 a \OT1/cmr/m/n/10 =
 []


Overfull \hbox (26.2361pt too wide) in paragraph at lines 26--27
\OML/cmm/m/it/10 b  []
 []


Overfull \hbox (4.8229pt too wide) in paragraph at lines 26--27
\OML/cmm/m/it/10 q$
 []


Overfull \hbox (5.28589pt too wide) in paragraph at lines 26--27
\OML/cmm/m/it/10 a$
 []


Overfull \hbox (4.29166pt too wide) in paragraph at lines 26--27
\OML/cmm/m/it/10 b$
 []


Overfull \hbox (4.8229pt too wide) in paragraph at lines 26--27
\OML/cmm/m/it/10 q$ 
 []


Overfull \hbox (59.36082pt too wide) in paragraph at lines 30--31
\OT1/cmr/bx/n/10 Congruence
 []


Overfull \hbox (13.74709pt too wide) in paragraph at lines 30--31
\OT1/cmr/bx/it/10 vs.
 []


Overfull \hbox (32.63174pt too wide) in paragraph at lines 30--31
\OT1/cmr/bx/n/10 Equal-
 []


Overfull \hbox (16.61102pt too wide) in paragraph at lines 30--31
\OT1/cmr/bx/n/10 ity: 
 []

! Undefined control sequence.
l.32 ...Longleftrightarrow a = b + k\cdot q$ \text
                                                  { } (for some integer $k$)
? 
Missing character: There is no ( in font nullfont!
Missing character: There is no f in font nullfont!
Missing character: There is no o in font nullfont!
Missing character: There is no r in font nullfont!
Missing character: There is no s in font nullfont!
Missing character: There is no o in font nullfont!
Missing character: There is no m in font nullfont!
Missing character: There is no e in font nullfont!
Missing character: There is no i in font nullfont!
Missing character: There is no n in font nullfont!
Missing character: There is no t in font nullfont!
Missing character: There is no e in font nullfont!
Missing character: There is no g in font nullfont!
Missing character: There is no e in font nullfont!
Missing character: There is no r in font nullfont!
Missing character: There is no ) in font nullfont!

Overfull \hbox (15.8414pt too wide) in paragraph at lines 32--33
[]$\OML/cmm/m/it/10 a \OMS/cmsy/m/n/10 ^^Q
 []


Overfull \hbox (26.2361pt too wide) in paragraph at lines 32--33
\OML/cmm/m/it/10 b  []
 []


Overfull \hbox (25.93402pt too wide) in paragraph at lines 32--33
\OML/cmm/m/it/10 q \OMS/cmsy/m/n/10 ([])
 []


Overfull \hbox (15.8414pt too wide) in paragraph at lines 32--33
\OML/cmm/m/it/10 a \OT1/cmr/m/n/10 =
 []


Overfull \hbox (12.06946pt too wide) in paragraph at lines 32--33
\OML/cmm/m/it/10 b \OT1/cmr/m/n/10 +
 []


Overfull \hbox (8.29863pt too wide) in paragraph at lines 32--33
\OML/cmm/m/it/10 k \OMS/cmsy/m/n/10 ^^A
 []


Overfull \hbox (4.8229pt too wide) in paragraph at lines 32--33
\OML/cmm/m/it/10 q$
 []


Overfull \hbox (5.52084pt too wide) in paragraph at lines 32--33
\OML/cmm/m/it/10 k$ 
 []

Missing character: There is no T in font nullfont!
Missing character: There is no h in font nullfont!
Missing character: There is no i in font nullfont!
Missing character: There is no s in font nullfont!
Missing character: There is no m in font nullfont!
Missing character: There is no e in font nullfont!
Missing character: There is no a in font nullfont!
Missing character: There is no n in font nullfont!
Missing character: There is no s in font nullfont!
Missing character: There is no t in font nullfont!
Missing character: There is no h in font nullfont!
Missing character: There is no a in font nullfont!
Missing character: There is no t in font nullfont!
Missing character: There is no a in font nullfont!
Missing character: There is no n in font nullfont!
Missing character: There is no d in font nullfont!
Missing character: There is no a in font nullfont!
Missing character: There is no r in font nullfont!
Missing character: There is no e in font nullfont!
Missing character: There is no c in font nullfont!
Missing character: There is no o in font nullfont!
Missing character: There is no n in font nullfont!
Missing character: There is no g in font nullfont!
Missing character: There is no r in font nullfont!
Missing character: There is no u in font nullfont!
Missing character: There is no e in font nullfont!
Missing character: There is no n in font nullfont!
Missing character: There is no t in font nullfont!
Missing character: There is no m in font nullfont!
Missing character: There is no o in font nullfont!
Missing character: There is no d in font nullfont!
Missing character: There is no u in font nullfont!
Missing character: There is no l in font nullfont!
Missing character: There is no o in font nullfont!
Missing character: There is no i in font nullfont!
Missing character: There is no f in font nullfont!
Missing character: There is no a in font nullfont!
Missing character: There is no n in font nullfont!
Missing character: There is no d in font nullfont!
Missing character: There is no o in font nullfont!
Missing character: There is no n in font nullfont!
Missing character: There is no l in font nullfont!
Missing character: There is no y in font nullfont!
Missing character: There is no i in font nullfont!
Missing character: There is no f in font nullfont!
Missing character: There is no a in font nullfont!
Missing character: There is no n in font nullfont!
Missing character: There is no d in font nullfont!
Missing character: There is no d in font nullfont!
Missing character: There is no i in font nullfont!
Missing character: There is no f in font nullfont!
Missing character: There is no f in font nullfont!
Missing character: There is no e in font nullfont!
Missing character: There is no r in font nullfont!
Missing character: There is no b in font nullfont!
Missing character: There is no y in font nullfont!
Missing character: There is no s in font nullfont!
Missing character: There is no o in font nullfont!
Missing character: There is no m in font nullfont!
Missing character: There is no e in font nullfont!
Missing character: There is no m in font nullfont!
Missing character: There is no u in font nullfont!
Missing character: There is no l in font nullfont!
Missing character: There is no t in font nullfont!
Missing character: There is no i in font nullfont!
Missing character: There is no p in font nullfont!
Missing character: There is no l in font nullfont!
Missing character: There is no e in font nullfont!
Missing character: There is no o in font nullfont!
Missing character: There is no f in font nullfont!
Missing character: There is no . in font nullfont!
Missing character: There is no F in font nullfont!
Missing character: There is no o in font nullfont!
Missing character: There is no r in font nullfont!
Missing character: There is no e in font nullfont!
Missing character: There is no x in font nullfont!
Missing character: There is no a in font nullfont!
Missing character: There is no m in font nullfont!
Missing character: There is no p in font nullfont!
Missing character: There is no l in font nullfont!
Missing character: There is no e in font nullfont!
Missing character: There is no , in font nullfont!

Overfull \hbox (5.28589pt too wide) in paragraph at lines 36--37
\OML/cmm/m/it/10 a$
 []


Overfull \hbox (4.29166pt too wide) in paragraph at lines 36--37
\OML/cmm/m/it/10 b$
 []


Overfull \hbox (4.8229pt too wide) in paragraph at lines 36--37
\OML/cmm/m/it/10 q$
 []


Overfull \hbox (5.28589pt too wide) in paragraph at lines 36--37
\OML/cmm/m/it/10 a$
 []


Overfull \hbox (4.29166pt too wide) in paragraph at lines 36--37
\OML/cmm/m/it/10 b$
 []


Overfull \hbox (4.8229pt too wide) in paragraph at lines 36--37
\OML/cmm/m/it/10 q$
 []


Overfull \hbox (15.55553pt too wide) in paragraph at lines 36--37
\OT1/cmr/m/n/10 5 \OMS/cmsy/m/n/10 ^^Q
 []


Overfull \hbox (31.94447pt too wide) in paragraph at lines 36--37
\OT1/cmr/m/n/10 12  []
 []


Overfull \hbox (26.11113pt too wide) in paragraph at lines 36--37
\OT1/cmr/m/n/10 7 \OMS/cmsy/m/n/10 ([])
 []


Overfull \hbox (15.55553pt too wide) in paragraph at lines 36--37
\OT1/cmr/m/n/10 5 =
 []


Overfull \hbox (17.77783pt too wide) in paragraph at lines 36--37
\OT1/cmr/m/n/10 12 +
 []


Overfull \hbox (23.3334pt too wide) in paragraph at lines 36--37
\OT1/cmr/m/n/10 (\OMS/cmsy/m/n/10 ^^@\OT1/cmr/m/n/10 1) \OMS/cmsy/m/n/10 ^^A
 []


Overfull \hbox (5.00002pt too wide) in paragraph at lines 36--37
\OT1/cmr/m/n/10 7$ 
 []


! LaTeX Error: \begin{document} ended by \end{tcolorbox}.

See the LaTeX manual or LaTeX Companion for explanation.
Type  H <return>  for immediate help.
 ...                                              
                                                  
l.40 \end{tcolorbox}
                    
? 
! Undefined control sequence.
l.43 \subsection
                {Modulo Arithmetic}
? 

! LaTeX Error: Missing \begin{document}.

See the LaTeX manual or LaTeX Companion for explanation.
Type  H <return>  for immediate help.
 ...                                              
                                                  
l.43 \subsection{M
                  odulo Arithmetic}
? 
Missing character: There is no M in font nullfont!
Missing character: There is no o in font nullfont!
Missing character: There is no d in font nullfont!
Missing character: There is no u in font nullfont!
Missing character: There is no l in font nullfont!
Missing character: There is no o in font nullfont!
Missing character: There is no A in font nullfont!
Missing character: There is no r in font nullfont!
Missing character: There is no i in font nullfont!
Missing character: There is no t in font nullfont!
Missing character: There is no h in font nullfont!
Missing character: There is no m in font nullfont!
Missing character: There is no e in font nullfont!
Missing character: There is no t in font nullfont!
Missing character: There is no i in font nullfont!
Missing character: There is no c in font nullfont!

Overfull \hbox (20.0pt too wide) in paragraph at lines 43--45
[]
 []


! LaTeX Error: Missing \begin{document}.

See the LaTeX manual or LaTeX Companion for explanation.
Type  H <return>  for immediate help.
 ...                                              
                                                  
l.46 T
      he supported modulo operations are addition, subtraction, and multipli...

? 
Missing character: There is no T in font nullfont!
Missing character: There is no h in font nullfont!
Missing character: There is no e in font nullfont!
Missing character: There is no s in font nullfont!
Missing character: There is no u in font nullfont!
Missing character: There is no p in font nullfont!
Missing character: There is no p in font nullfont!
Missing character: There is no o in font nullfont!
Missing character: There is no r in font nullfont!
Missing character: There is no t in font nullfont!
Missing character: There is no e in font nullfont!
Missing character: There is no d in font nullfont!
Missing character: There is no m in font nullfont!
Missing character: There is no o in font nullfont!
Missing character: There is no d in font nullfont!
Missing character: There is no u in font nullfont!
Missing character: There is no l in font nullfont!
Missing character: There is no o in font nullfont!
Missing character: There is no o in font nullfont!
Missing character: There is no p in font nullfont!
Missing character: There is no e in font nullfont!
Missing character: There is no r in font nullfont!
Missing character: There is no a in font nullfont!
Missing character: There is no t in font nullfont!
Missing character: There is no i in font nullfont!
Missing character: There is no o in font nullfont!
Missing character: There is no n in font nullfont!
Missing character: There is no s in font nullfont!
Missing character: There is no a in font nullfont!
Missing character: There is no r in font nullfont!
Missing character: There is no e in font nullfont!
Missing character: There is no a in font nullfont!
Missing character: There is no d in font nullfont!
Missing character: There is no d in font nullfont!
Missing character: There is no i in font nullfont!
Missing character: There is no t in font nullfont!
Missing character: There is no i in font nullfont!
Missing character: There is no o in font nullfont!
Missing character: There is no n in font nullfont!
Missing character: There is no , in font nullfont!
Missing character: There is no s in font nullfont!
Missing character: There is no u in font nullfont!
Missing character: There is no b in font nullfont!
Missing character: There is no t in font nullfont!
Missing character: There is no r in font nullfont!
Missing character: There is no a in font nullfont!
Missing character: There is no c in font nullfont!
Missing character: There is no t in font nullfont!
Missing character: There is no i in font nullfont!
Missing character: There is no o in font nullfont!
Missing character: There is no n in font nullfont!
Missing character: There is no , in font nullfont!
Missing character: There is no a in font nullfont!
Missing character: There is no n in font nullfont!
Missing character: There is no d in font nullfont!
Missing character: There is no m in font nullfont!
Missing character: There is no u in font nullfont!
Missing character: There is no l in font nullfont!
Missing character: There is no t in font nullfont!
Missing character: There is no i in font nullfont!
Missing character: There is no p in font nullfont!
Missing character: There is no l in font nullfont!
Missing character: There is no i in font nullfont!
Missing character: There is no c in font nullfont!
Missing character: There is no a in font nullfont!
Missing character: There is no t in font nullfont!
Missing character: There is no i in font nullfont!
Missing character: There is no o in font nullfont!
Missing character: There is no n in font nullfont!
Missing character: There is no . in font nullfont!
Missing character: There is no T in font nullfont!
Missing character: There is no h in font nullfont!
Missing character: There is no e in font nullfont!
Missing character: There is no p in font nullfont!
Missing character: There is no r in font nullfont!
Missing character: There is no o in font nullfont!
Missing character: There is no p in font nullfont!
Missing character: There is no e in font nullfont!
Missing character: There is no r in font nullfont!
Missing character: There is no t in font nullfont!
Missing character: There is no i in font nullfont!
Missing character: There is no e in font nullfont!
Missing character: There is no s in font nullfont!
Missing character: There is no o in font nullfont!
Missing character: There is no f in font nullfont!
Missing character: There is no t in font nullfont!
Missing character: There is no h in font nullfont!
Missing character: There is no e in font nullfont!
Missing character: There is no s in font nullfont!
Missing character: There is no e in font nullfont!
Missing character: There is no m in font nullfont!
Missing character: There is no o in font nullfont!
Missing character: There is no d in font nullfont!
Missing character: There is no u in font nullfont!
Missing character: There is no l in font nullfont!
Missing character: There is no o in font nullfont!
Missing character: There is no o in font nullfont!
Missing character: There is no p in font nullfont!
Missing character: There is no e in font nullfont!
Missing character: There is no r in font nullfont!
Missing character: There is no a in font nullfont!
Missing character: There is no t in font nullfont!
Missing character: There is no i in font nullfont!
Missing character: There is no o in font nullfont!
Missing character: There is no n in font nullfont!
Missing character: There is no s in font nullfont!
Missing character: There is no a in font nullfont!
Missing character: There is no r in font nullfont!
Missing character: There is no e in font nullfont!
Missing character: There is no a in font nullfont!
Missing character: There is no s in font nullfont!
Missing character: There is no f in font nullfont!
Missing character: There is no o in font nullfont!
Missing character: There is no l in font nullfont!
Missing character: There is no l in font nullfont!
Missing character: There is no o in font nullfont!
Missing character: There is no w in font nullfont!
Missing character: There is no s in font nullfont!
Missing character: There is no : in font nullfont!

Overfull \hbox (20.0pt too wide) in paragraph at lines 46--47
[]
 []


! LaTeX Error: Environment tcolorbox undefined.

See the LaTeX manual or LaTeX Companion for explanation.
Type  H <return>  for immediate help.
 ...                                              
                                                  
l.48 \begin{tcolorbox}
                      [title={\textbf{\tboxtheorem{\ref*{subsec:modulo-arith...

? 

! LaTeX Error: Missing \begin{document}.

See the LaTeX manual or LaTeX Companion for explanation.
Type  H <return>  for immediate help.
 ...                                              
                                                  
l.48 \begin{tcolorbox}[
                       title={\textbf{\tboxtheorem{\ref*{subsec:modulo-arith...

? 
Missing character: There is no [ in font nullfont!
Missing character: There is no t in font nullfont!
Missing character: There is no i in font nullfont!
Missing character: There is no t in font nullfont!
Missing character: There is no l in font nullfont!
Missing character: There is no e in font nullfont!
Missing character: There is no = in font nullfont!
! Undefined control sequence.
<recently read> \tboxtheorem 
                             
l.48 ...metic}.1} Properties of Modulo Operations}
                                                  }]
? 
! Undefined control sequence.
<write> ...ec:modulo-arithmetic' on page \thepage 
                                                  \space undefined\on@line .
l.48 ...metic}.1} Properties of Modulo Operations}
                                                  }]
? 

LaTeX Warning: Reference `subsec:modulo-arithmetic' on page  undefined on input
 line 48.

Missing character: There is no ] in font nullfont!
Missing character: There is no F in font nullfont!
Missing character: There is no o in font nullfont!
Missing character: There is no r in font nullfont!
Missing character: There is no a in font nullfont!
Missing character: There is no n in font nullfont!
Missing character: There is no y in font nullfont!
Missing character: There is no i in font nullfont!
Missing character: There is no n in font nullfont!
Missing character: There is no t in font nullfont!
Missing character: There is no e in font nullfont!
Missing character: There is no g in font nullfont!
Missing character: There is no e in font nullfont!
Missing character: There is no r in font nullfont!
Missing character: There is no , in font nullfont!
Missing character: There is no t in font nullfont!
Missing character: There is no h in font nullfont!
Missing character: There is no e in font nullfont!
Missing character: There is no f in font nullfont!
Missing character: There is no o in font nullfont!
Missing character: There is no l in font nullfont!
Missing character: There is no l in font nullfont!
Missing character: There is no o in font nullfont!
Missing character: There is no w in font nullfont!
Missing character: There is no i in font nullfont!
Missing character: There is no n in font nullfont!
Missing character: There is no g in font nullfont!
Missing character: There is no i in font nullfont!
Missing character: There is no s in font nullfont!
Missing character: There is no t in font nullfont!
Missing character: There is no r in font nullfont!
Missing character: There is no u in font nullfont!
Missing character: There is no e in font nullfont!
Missing character: There is no : in font nullfont!

Overfull \hbox (39.80545pt too wide) in paragraph at lines 48--50
[][]\OT1/cmr/bx/n/10 .1
 []


Overfull \hbox (28.5693pt too wide) in paragraph at lines 48--50
\OT1/cmr/bx/n/10 Prop-
 []


Overfull \hbox (13.84023pt too wide) in paragraph at lines 48--50
\OT1/cmr/bx/n/10 er-
 []


Overfull \hbox (17.47351pt too wide) in paragraph at lines 48--50
\OT1/cmr/bx/n/10 ties
 []


Overfull \hbox (9.26384pt too wide) in paragraph at lines 48--50
\OT1/cmr/bx/n/10 of
 []


Overfull \hbox (27.20819pt too wide) in paragraph at lines 48--50
\OT1/cmr/bx/n/10 Mod-
 []


Overfull \hbox (15.33325pt too wide) in paragraph at lines 48--50
\OT1/cmr/bx/n/10 ulo
 []


Overfull \hbox (18.86101pt too wide) in paragraph at lines 48--50
\OT1/cmr/bx/n/10 Op-
 []


Overfull \hbox (13.84023pt too wide) in paragraph at lines 48--50
\OT1/cmr/bx/n/10 er-
 []


Overfull \hbox (9.42354pt too wide) in paragraph at lines 48--50
\OT1/cmr/bx/n/10 a-
 []


Overfull \hbox (24.34152pt too wide) in paragraph at lines 48--50
\OT1/cmr/bx/n/10 tions
 []


Overfull \hbox (5.71527pt too wide) in paragraph at lines 48--50
\OML/cmm/m/it/10 x$
 []


! LaTeX Error: Missing \begin{document}.

See the LaTeX manual or LaTeX Companion for explanation.
Type  H <return>  for immediate help.
 ...                                              
                                                  
l.51 \begin{enumerate}
                      
? 

Overfull \hbox (20.0pt too wide) in paragraph at lines 51--51
[] 
 []


Overfull \hbox (47.66641pt too wide) in paragraph at lines 52--53
\OT1/cmr/bx/n/10 Addition:
 []


Overfull \hbox (15.8414pt too wide) in paragraph at lines 52--53
\OML/cmm/m/it/10 a \OMS/cmsy/m/n/10 ^^Q
 []


Overfull \hbox (26.2361pt too wide) in paragraph at lines 52--53
\OML/cmm/m/it/10 b  []
 []


Overfull \hbox (25.93402pt too wide) in paragraph at lines 52--53
\OML/cmm/m/it/10 q \OMS/cmsy/m/n/10 ([])
 []


Overfull \hbox (13.06369pt too wide) in paragraph at lines 52--53
\OML/cmm/m/it/10 a \OT1/cmr/m/n/10 +
 []


Overfull \hbox (16.27078pt too wide) in paragraph at lines 52--53
\OML/cmm/m/it/10 x \OMS/cmsy/m/n/10 ^^Q
 []


Overfull \hbox (12.06946pt too wide) in paragraph at lines 52--53
\OML/cmm/m/it/10 b \OT1/cmr/m/n/10 +
 []


Overfull \hbox (27.65971pt too wide) in paragraph at lines 52--53
\OML/cmm/m/it/10 x  []
 []


Overfull \hbox (4.8229pt too wide) in paragraph at lines 52--53
\OML/cmm/m/it/10 q$ 
 []


Overfull \hbox (62.07605pt too wide) in paragraph at lines 54--55
\OT1/cmr/bx/n/10 Subtraction:
 []


Overfull \hbox (15.8414pt too wide) in paragraph at lines 54--55
\OML/cmm/m/it/10 a \OMS/cmsy/m/n/10 ^^Q
 []


Overfull \hbox (26.2361pt too wide) in paragraph at lines 54--55
\OML/cmm/m/it/10 b  []
 []


Overfull \hbox (25.93402pt too wide) in paragraph at lines 54--55
\OML/cmm/m/it/10 q \OMS/cmsy/m/n/10 ([])
 []


Overfull \hbox (13.06369pt too wide) in paragraph at lines 54--55
\OML/cmm/m/it/10 a \OMS/cmsy/m/n/10 ^^@
 []


Overfull \hbox (16.27078pt too wide) in paragraph at lines 54--55
\OML/cmm/m/it/10 x \OMS/cmsy/m/n/10 ^^Q
 []


Overfull \hbox (12.06946pt too wide) in paragraph at lines 54--55
\OML/cmm/m/it/10 b \OMS/cmsy/m/n/10 ^^@
 []


Overfull \hbox (27.65971pt too wide) in paragraph at lines 54--55
\OML/cmm/m/it/10 x  []
 []


Overfull \hbox (4.8229pt too wide) in paragraph at lines 54--55
\OML/cmm/m/it/10 q$ 
 []

Missing character: There is no . in font nullfont!
Missing character: There is no T in font nullfont!
Missing character: There is no h in font nullfont!
Missing character: There is no i in font nullfont!
Missing character: There is no s in font nullfont!
Missing character: There is no e in font nullfont!
Missing character: There is no q in font nullfont!
Missing character: There is no u in font nullfont!
Missing character: There is no i in font nullfont!
Missing character: There is no v in font nullfont!
Missing character: There is no a in font nullfont!
Missing character: There is no l in font nullfont!
Missing character: There is no e in font nullfont!
Missing character: There is no n in font nullfont!
Missing character: There is no c in font nullfont!
Missing character: There is no e in font nullfont!
Missing character: There is no h in font nullfont!
Missing character: There is no o in font nullfont!
Missing character: There is no l in font nullfont!
Missing character: There is no d in font nullfont!
Missing character: There is no s in font nullfont!
Missing character: There is no p in font nullfont!
Missing character: There is no r in font nullfont!
Missing character: There is no o in font nullfont!
Missing character: There is no v in font nullfont!
Missing character: There is no i in font nullfont!
Missing character: There is no d in font nullfont!
Missing character: There is no e in font nullfont!
Missing character: There is no d in font nullfont!
Missing character: There is no t in font nullfont!
Missing character: There is no h in font nullfont!
Missing character: There is no a in font nullfont!
Missing character: There is no t in font nullfont!
Missing character: There is no . in font nullfont!
Missing character: There is no W in font nullfont!
Missing character: There is no i in font nullfont!
Missing character: There is no t in font nullfont!
Missing character: There is no h in font nullfont!
Missing character: There is no o in font nullfont!
Missing character: There is no u in font nullfont!
Missing character: There is no t in font nullfont!
Missing character: There is no t in font nullfont!
Missing character: There is no h in font nullfont!
Missing character: There is no i in font nullfont!
Missing character: There is no s in font nullfont!
Missing character: There is no a in font nullfont!
Missing character: There is no s in font nullfont!
Missing character: There is no s in font nullfont!
Missing character: There is no u in font nullfont!
Missing character: There is no m in font nullfont!
Missing character: There is no p in font nullfont!
Missing character: There is no t in font nullfont!
Missing character: There is no i in font nullfont!
Missing character: There is no o in font nullfont!
Missing character: There is no n in font nullfont!
Missing character: There is no , in font nullfont!
Missing character: There is no o in font nullfont!
Missing character: There is no n in font nullfont!
Missing character: There is no l in font nullfont!
Missing character: There is no y in font nullfont!
Missing character: There is no t in font nullfont!
Missing character: There is no h in font nullfont!
Missing character: There is no e in font nullfont!
Missing character: There is no i in font nullfont!
Missing character: There is no m in font nullfont!
Missing character: There is no p in font nullfont!
Missing character: There is no l in font nullfont!
Missing character: There is no i in font nullfont!
Missing character: There is no c in font nullfont!
Missing character: There is no a in font nullfont!
Missing character: There is no t in font nullfont!
Missing character: There is no i in font nullfont!
Missing character: There is no o in font nullfont!
Missing character: There is no n in font nullfont!
Missing character: There is no i in font nullfont!
Missing character: There is no s in font nullfont!
Missing character: There is no g in font nullfont!
Missing character: There is no u in font nullfont!
Missing character: There is no a in font nullfont!
Missing character: There is no r in font nullfont!
Missing character: There is no a in font nullfont!
Missing character: There is no n in font nullfont!
Missing character: There is no t in font nullfont!
Missing character: There is no e in font nullfont!
Missing character: There is no e in font nullfont!
Missing character: There is no d in font nullfont!
Missing character: There is no . in font nullfont!

Overfull \hbox (74.64542pt too wide) in paragraph at lines 56--58
\OT1/cmr/bx/n/10 Multiplication:
 []


Overfull \hbox (15.8414pt too wide) in paragraph at lines 56--58
\OML/cmm/m/it/10 a \OMS/cmsy/m/n/10 ^^Q
 []


Overfull \hbox (26.2361pt too wide) in paragraph at lines 56--58
\OML/cmm/m/it/10 b  []
 []


Overfull \hbox (25.93402pt too wide) in paragraph at lines 56--58
\OML/cmm/m/it/10 q \OMS/cmsy/m/n/10 ([])
 []


Overfull \hbox (8.06367pt too wide) in paragraph at lines 56--58
\OML/cmm/m/it/10 a \OMS/cmsy/m/n/10 ^^A
 []


Overfull \hbox (16.27078pt too wide) in paragraph at lines 56--58
\OML/cmm/m/it/10 x \OMS/cmsy/m/n/10 ^^Q
 []


Overfull \hbox (7.06944pt too wide) in paragraph at lines 56--58
\OML/cmm/m/it/10 b \OMS/cmsy/m/n/10 ^^A
 []


Overfull \hbox (27.65971pt too wide) in paragraph at lines 56--58
\OML/cmm/m/it/10 x  []
 []


Overfull \hbox (4.8229pt too wide) in paragraph at lines 56--58
\OML/cmm/m/it/10 q$
 []


Overfull \hbox (48.31593pt too wide) in paragraph at lines 56--58
[]\OT1/cmr/m/n/10 (\OML/cmm/m/it/10 x; q\OT1/cmr/m/n/10 ) =
 []


Overfull \hbox (5.00002pt too wide) in paragraph at lines 56--58
\OT1/cmr/m/n/10 1$
 []


Overfull \hbox (15.8414pt too wide) in paragraph at lines 56--58
\OML/cmm/m/it/10 a \OMS/cmsy/m/n/10 ^^Q
 []


Overfull \hbox (26.2361pt too wide) in paragraph at lines 56--58
\OML/cmm/m/it/10 b  []
 []


Overfull \hbox (17.60063pt too wide) in paragraph at lines 56--58
\OML/cmm/m/it/10 q \OMS/cmsy/m/n/10 )
 []


Overfull \hbox (8.06367pt too wide) in paragraph at lines 56--58
\OML/cmm/m/it/10 a \OMS/cmsy/m/n/10 ^^A
 []


Overfull \hbox (16.27078pt too wide) in paragraph at lines 56--58
\OML/cmm/m/it/10 x \OMS/cmsy/m/n/10 ^^Q
 []


Overfull \hbox (7.06944pt too wide) in paragraph at lines 56--58
\OML/cmm/m/it/10 b \OMS/cmsy/m/n/10 ^^A
 []


Overfull \hbox (27.65971pt too wide) in paragraph at lines 56--58
\OML/cmm/m/it/10 x  []
 []


Overfull \hbox (4.8229pt too wide) in paragraph at lines 56--58
\OML/cmm/m/it/10 q$
 []


! LaTeX Error: \begin{document} ended by \end{tcolorbox}.

See the LaTeX manual or LaTeX Companion for explanation.
Type  H <return>  for immediate help.
 ...                                              
                                                  
l.61 \end{tcolorbox}
                    
? 

! LaTeX Error: Environment proof undefined.

See the LaTeX manual or LaTeX Companion for explanation.
Type  H <return>  for immediate help.
 ...                                              
                                                  
l.63 \begin{proof}
                  
? 

! LaTeX Error: Missing \begin{document}.

See the LaTeX manual or LaTeX Companion for explanation.
Type  H <return>  for immediate help.
 ...                                              
                                                  
l.65 $
       $
? 

Overfull \hbox (20.0pt too wide) in paragraph at lines 65--66
[]$$ 
 []


! LaTeX Error: Missing \begin{document}.

See the LaTeX manual or LaTeX Companion for explanation.
Type  H <return>  for immediate help.
 ...                                              
                                                  
l.67 F
      or any integer $x$,
? 
Missing character: There is no F in font nullfont!
Missing character: There is no o in font nullfont!
Missing character: There is no r in font nullfont!
Missing character: There is no a in font nullfont!
Missing character: There is no n in font nullfont!
Missing character: There is no y in font nullfont!
Missing character: There is no i in font nullfont!
Missing character: There is no n in font nullfont!
Missing character: There is no t in font nullfont!
Missing character: There is no e in font nullfont!
Missing character: There is no g in font nullfont!
Missing character: There is no e in font nullfont!
Missing character: There is no r in font nullfont!
Missing character: There is no , in font nullfont!

Overfull \hbox (20.0pt too wide) in paragraph at lines 67--68
[]
 []


Overfull \hbox (5.71527pt too wide) in paragraph at lines 67--68
\OML/cmm/m/it/10 x$ 
 []


! LaTeX Error: Missing \begin{document}.

See the LaTeX manual or LaTeX Companion for explanation.
Type  H <return>  for immediate help.
 ...                                              
                                                  
l.69 \begin{enumerate}
                      
? 

Overfull \hbox (20.0pt too wide) in paragraph at lines 69--69
[] 
 []

Missing character: There is no ( in font nullfont!
Missing character: There is no f in font nullfont!
Missing character: There is no o in font nullfont!
Missing character: There is no r in font nullfont!
Missing character: There is no s in font nullfont!
Missing character: There is no o in font nullfont!
Missing character: There is no m in font nullfont!
Missing character: There is no e in font nullfont!
Missing character: There is no i in font nullfont!
Missing character: There is no n in font nullfont!
Missing character: There is no t in font nullfont!
Missing character: There is no e in font nullfont!
Missing character: There is no g in font nullfont!
Missing character: There is no e in font nullfont!
Missing character: There is no r in font nullfont!
Missing character: There is no ) in font nullfont!
! Undefined control sequence.
l.72 ... + k q $ (for some integer $k$) \textcolor
                                                  {red}{ \text{ } \# $a$ and...

? 
Missing character: There is no r in font nullfont!
Missing character: There is no e in font nullfont!
Missing character: There is no d in font nullfont!
! Undefined control sequence.
l.72 ...r some integer $k$) \textcolor{red}{ \text
                                                  { } \# $a$ and $b$ differ ...

? 
Missing character: There is no # in font nullfont!
Missing character: There is no a in font nullfont!
Missing character: There is no n in font nullfont!
Missing character: There is no d in font nullfont!
Missing character: There is no d in font nullfont!
Missing character: There is no i in font nullfont!
Missing character: There is no f in font nullfont!
Missing character: There is no f in font nullfont!
Missing character: There is no e in font nullfont!
Missing character: There is no r in font nullfont!
Missing character: There is no b in font nullfont!
Missing character: There is no y in font nullfont!
Missing character: There is no s in font nullfont!
Missing character: There is no o in font nullfont!
Missing character: There is no m in font nullfont!
Missing character: There is no e in font nullfont!
Missing character: There is no m in font nullfont!
Missing character: There is no u in font nullfont!
Missing character: There is no l in font nullfont!
Missing character: There is no t in font nullfont!
Missing character: There is no i in font nullfont!
Missing character: There is no p in font nullfont!
Missing character: There is no l in font nullfont!
Missing character: There is no e in font nullfont!
Missing character: There is no o in font nullfont!
Missing character: There is no f in font nullfont!

Overfull \hbox (47.66641pt too wide) in paragraph at lines 72--73
\OT1/cmr/bx/n/10 Addition:
 []


Overfull \hbox (15.8414pt too wide) in paragraph at lines 72--73
\OML/cmm/m/it/10 a \OMS/cmsy/m/n/10 ^^Q
 []


Overfull \hbox (26.2361pt too wide) in paragraph at lines 72--73
\OML/cmm/m/it/10 b  []
 []


Overfull \hbox (25.93402pt too wide) in paragraph at lines 72--73
\OML/cmm/m/it/10 q \OMS/cmsy/m/n/10 ([])
 []


Overfull \hbox (15.8414pt too wide) in paragraph at lines 72--73
\OML/cmm/m/it/10 a \OT1/cmr/m/n/10 =
 []


Overfull \hbox (12.06946pt too wide) in paragraph at lines 72--73
\OML/cmm/m/it/10 b \OT1/cmr/m/n/10 +
 []


Overfull \hbox (10.34375pt too wide) in paragraph at lines 72--73
\OML/cmm/m/it/10 kq$
 []


Overfull \hbox (5.52084pt too wide) in paragraph at lines 72--73
\OML/cmm/m/it/10 k$
 []


Overfull \hbox (5.28589pt too wide) in paragraph at lines 72--73
\OML/cmm/m/it/10 a$
 []


Overfull \hbox (4.29166pt too wide) in paragraph at lines 72--73
\OML/cmm/m/it/10 b$
 []


Overfull \hbox (4.8229pt too wide) in paragraph at lines 72--73
\OML/cmm/m/it/10 q$ 
 []


Overfull \hbox (18.3334pt too wide) in paragraph at lines 74--75
[]$\OMS/cmsy/m/n/10 ([])
 []


Overfull \hbox (13.06369pt too wide) in paragraph at lines 74--75
\OML/cmm/m/it/10 a \OT1/cmr/m/n/10 +
 []


Overfull \hbox (16.27078pt too wide) in paragraph at lines 74--75
\OML/cmm/m/it/10 x \OT1/cmr/m/n/10 =
 []


Overfull \hbox (12.06946pt too wide) in paragraph at lines 74--75
\OML/cmm/m/it/10 b \OT1/cmr/m/n/10 +
 []


Overfull \hbox (8.29863pt too wide) in paragraph at lines 74--75
\OML/cmm/m/it/10 k \OMS/cmsy/m/n/10 ^^A
 []


Overfull \hbox (12.60071pt too wide) in paragraph at lines 74--75
\OML/cmm/m/it/10 q \OT1/cmr/m/n/10 +
 []


Overfull \hbox (5.71527pt too wide) in paragraph at lines 74--75
\OML/cmm/m/it/10 x$ 
 []


! LaTeX Error: The font size command \normalsize is not defined:
               there is probably something wrong with the class file.

See the LaTeX manual or LaTeX Companion for explanation.
Type  H <return>  for immediate help.
 ...                                              
                                                  
l.75 
     
? 
[1{/usr/local/texlive/2026/texmf-var/fonts/map/pdftex/updmap/pdftex.map}
! Undefined control sequence.
<write> ...el{subsec:modulo-overview}{{}{\thepage 
                                                  }{}{}{}}
l.75 
     
? 
\newlabel{subsec:modulo-overview}{{}{}{}{}{}}
! Undefined control sequence.
<write> ...{subsec:modulo-arithmetic}{{}{\thepage 
                                                  }{}{}{}}
l.75 
     
? 
\newlabel{subsec:modulo-arithmetic}{{}{}{}{}{}}
]
! Undefined control sequence.
l.76 ...arrow a + x = b + x + k\cdot q$ \textcolor
                                                  {red}{ $\rhd$ $a+x$ and $b...

? 
Missing character: There is no r in font nullfont!
Missing character: There is no e in font nullfont!
Missing character: There is no d in font nullfont!

! LaTeX Error: Command \rhd not provided in base LaTeX2e.

See the LaTeX manual or LaTeX Companion for explanation.
Type  H <return>  for immediate help.
 ...                                              
                                                  
l.76 ...= b + x + k\cdot q$ \textcolor{red}{ $\rhd
                                                  $ $a+x$ and $b+x$ differ b...

? 
Missing character: There is no a in font nullfont!
Missing character: There is no n in font nullfont!
Missing character: There is no d in font nullfont!
Missing character: There is no d in font nullfont!
Missing character: There is no i in font nullfont!
Missing character: There is no f in font nullfont!
Missing character: There is no f in font nullfont!
Missing character: There is no e in font nullfont!
Missing character: There is no r in font nullfont!
Missing character: There is no b in font nullfont!
Missing character: There is no y in font nullfont!
Missing character: There is no s in font nullfont!
Missing character: There is no o in font nullfont!
Missing character: There is no m in font nullfont!
Missing character: There is no e in font nullfont!
Missing character: There is no m in font nullfont!
Missing character: There is no u in font nullfont!
Missing character: There is no l in font nullfont!
Missing character: There is no t in font nullfont!
Missing character: There is no i in font nullfont!
Missing character: There is no p in font nullfont!
Missing character: There is no l in font nullfont!
Missing character: There is no e in font nullfont!
Missing character: There is no o in font nullfont!
Missing character: There is no f in font nullfont!

Overfull \hbox (18.3334pt too wide) in paragraph at lines 76--77
[]$\OMS/cmsy/m/n/10 ([])
 []


Overfull \hbox (13.06369pt too wide) in paragraph at lines 76--77
\OML/cmm/m/it/10 a \OT1/cmr/m/n/10 +
 []


Overfull \hbox (16.27078pt too wide) in paragraph at lines 76--77
\OML/cmm/m/it/10 x \OT1/cmr/m/n/10 =
 []


Overfull \hbox (12.06946pt too wide) in paragraph at lines 76--77
\OML/cmm/m/it/10 b \OT1/cmr/m/n/10 +
 []


Overfull \hbox (13.49307pt too wide) in paragraph at lines 76--77
\OML/cmm/m/it/10 x \OT1/cmr/m/n/10 +
 []


Overfull \hbox (8.29863pt too wide) in paragraph at lines 76--77
\OML/cmm/m/it/10 k \OMS/cmsy/m/n/10 ^^A
 []


Overfull \hbox (4.8229pt too wide) in paragraph at lines 76--77
\OML/cmm/m/it/10 q$
 []


Overfull \hbox (13.06369pt too wide) in paragraph at lines 76--77
\OML/cmm/m/it/10 a \OT1/cmr/m/n/10 +
 []


Overfull \hbox (5.71527pt too wide) in paragraph at lines 76--77
\OML/cmm/m/it/10 x$
 []


Overfull \hbox (12.06946pt too wide) in paragraph at lines 76--77
\OML/cmm/m/it/10 b \OT1/cmr/m/n/10 +
 []


Overfull \hbox (5.71527pt too wide) in paragraph at lines 76--77
\OML/cmm/m/it/10 x$
 []


Overfull \hbox (4.8229pt too wide) in paragraph at lines 76--77
\OML/cmm/m/it/10 q$ 
 []


Overfull \hbox (18.3334pt too wide) in paragraph at lines 78--79
[]$\OMS/cmsy/m/n/10 ([])
 []


Overfull \hbox (13.06369pt too wide) in paragraph at lines 78--79
\OML/cmm/m/it/10 a \OT1/cmr/m/n/10 +
 []


Overfull \hbox (16.27078pt too wide) in paragraph at lines 78--79
\OML/cmm/m/it/10 x \OMS/cmsy/m/n/10 ^^Q
 []


Overfull \hbox (12.06946pt too wide) in paragraph at lines 78--79
\OML/cmm/m/it/10 b \OT1/cmr/m/n/10 +
 []


Overfull \hbox (27.65971pt too wide) in paragraph at lines 78--79
\OML/cmm/m/it/10 x  []
 []


Overfull \hbox (4.8229pt too wide) in paragraph at lines 78--79
\OML/cmm/m/it/10 q$ 
 []

Missing character: There is no ( in font nullfont!
Missing character: There is no f in font nullfont!
Missing character: There is no o in font nullfont!
Missing character: There is no r in font nullfont!
Missing character: There is no s in font nullfont!
Missing character: There is no o in font nullfont!
Missing character: There is no m in font nullfont!
Missing character: There is no e in font nullfont!
Missing character: There is no i in font nullfont!
Missing character: There is no n in font nullfont!
Missing character: There is no t in font nullfont!
Missing character: There is no e in font nullfont!
Missing character: There is no g in font nullfont!
Missing character: There is no e in font nullfont!
Missing character: There is no r in font nullfont!
Missing character: There is no ) in font nullfont!

Overfull \hbox (62.07605pt too wide) in paragraph at lines 82--83
\OT1/cmr/bx/n/10 Subtraction:
 []


Overfull \hbox (15.8414pt too wide) in paragraph at lines 82--83
\OML/cmm/m/it/10 a \OMS/cmsy/m/n/10 ^^Q
 []


Overfull \hbox (26.2361pt too wide) in paragraph at lines 82--83
\OML/cmm/m/it/10 b  []
 []


Overfull \hbox (25.93402pt too wide) in paragraph at lines 82--83
\OML/cmm/m/it/10 q \OMS/cmsy/m/n/10 ([])
 []


Overfull \hbox (15.8414pt too wide) in paragraph at lines 82--83
\OML/cmm/m/it/10 a \OT1/cmr/m/n/10 =
 []


Overfull \hbox (12.06946pt too wide) in paragraph at lines 82--83
\OML/cmm/m/it/10 b \OT1/cmr/m/n/10 +
 []


Overfull \hbox (10.34375pt too wide) in paragraph at lines 82--83
\OML/cmm/m/it/10 kq$
 []


Overfull \hbox (5.52084pt too wide) in paragraph at lines 82--83
\OML/cmm/m/it/10 k$ 
 []


Overfull \hbox (18.3334pt too wide) in paragraph at lines 84--85
[]$\OMS/cmsy/m/n/10 ([])
 []


Overfull \hbox (13.06369pt too wide) in paragraph at lines 84--85
\OML/cmm/m/it/10 a \OMS/cmsy/m/n/10 ^^@
 []


Overfull \hbox (16.27078pt too wide) in paragraph at lines 84--85
\OML/cmm/m/it/10 x \OT1/cmr/m/n/10 =
 []


Overfull \hbox (12.06946pt too wide) in paragraph at lines 84--85
\OML/cmm/m/it/10 b \OT1/cmr/m/n/10 +
 []


Overfull \hbox (8.29863pt too wide) in paragraph at lines 84--85
\OML/cmm/m/it/10 k \OMS/cmsy/m/n/10 ^^A
 []


Overfull \hbox (12.60071pt too wide) in paragraph at lines 84--85
\OML/cmm/m/it/10 q \OMS/cmsy/m/n/10 ^^@
 []


Overfull \hbox (5.71527pt too wide) in paragraph at lines 84--85
\OML/cmm/m/it/10 x$ 
 []

! Undefined control sequence.
l.86 ...rrow a - x = b - x + k\cdot q$  \textcolor
                                                  {red}{ $\rhd$ $a-x$ and $b...

? 
Missing character: There is no r in font nullfont!
Missing character: There is no e in font nullfont!
Missing character: There is no d in font nullfont!

! LaTeX Error: Command \rhd not provided in base LaTeX2e.

See the LaTeX manual or LaTeX Companion for explanation.
Type  H <return>  for immediate help.
 ...                                              
                                                  
l.86 ... b - x + k\cdot q$  \textcolor{red}{ $\rhd
                                                  $ $a-x$ and $b-x$ differ b...

? 
Missing character: There is no a in font nullfont!
Missing character: There is no n in font nullfont!
Missing character: There is no d in font nullfont!
Missing character: There is no d in font nullfont!
Missing character: There is no i in font nullfont!
Missing character: There is no f in font nullfont!
Missing character: There is no f in font nullfont!
Missing character: There is no e in font nullfont!
Missing character: There is no r in font nullfont!
Missing character: There is no b in font nullfont!
Missing character: There is no y in font nullfont!
Missing character: There is no s in font nullfont!
Missing character: There is no o in font nullfont!
Missing character: There is no m in font nullfont!
Missing character: There is no e in font nullfont!
Missing character: There is no m in font nullfont!
Missing character: There is no u in font nullfont!
Missing character: There is no l in font nullfont!
Missing character: There is no t in font nullfont!
Missing character: There is no i in font nullfont!
Missing character: There is no p in font nullfont!
Missing character: There is no l in font nullfont!
Missing character: There is no e in font nullfont!
Missing character: There is no o in font nullfont!
Missing character: There is no f in font nullfont!

Overfull \hbox (18.3334pt too wide) in paragraph at lines 86--87
[]$\OMS/cmsy/m/n/10 ([])
 []


Overfull \hbox (13.06369pt too wide) in paragraph at lines 86--87
\OML/cmm/m/it/10 a \OMS/cmsy/m/n/10 ^^@
 []


Overfull \hbox (16.27078pt too wide) in paragraph at lines 86--87
\OML/cmm/m/it/10 x \OT1/cmr/m/n/10 =
 []


Overfull \hbox (12.06946pt too wide) in paragraph at lines 86--87
\OML/cmm/m/it/10 b \OMS/cmsy/m/n/10 ^^@
 []


Overfull \hbox (13.49307pt too wide) in paragraph at lines 86--87
\OML/cmm/m/it/10 x \OT1/cmr/m/n/10 +
 []


Overfull \hbox (8.29863pt too wide) in paragraph at lines 86--87
\OML/cmm/m/it/10 k \OMS/cmsy/m/n/10 ^^A
 []


Overfull \hbox (4.8229pt too wide) in paragraph at lines 86--87
\OML/cmm/m/it/10 q$
 []


Overfull \hbox (13.06369pt too wide) in paragraph at lines 86--87
\OML/cmm/m/it/10 a \OMS/cmsy/m/n/10 ^^@
 []


Overfull \hbox (5.71527pt too wide) in paragraph at lines 86--87
\OML/cmm/m/it/10 x$
 []


Overfull \hbox (12.06946pt too wide) in paragraph at lines 86--87
\OML/cmm/m/it/10 b \OMS/cmsy/m/n/10 ^^@
 []


Overfull \hbox (5.71527pt too wide) in paragraph at lines 86--87
\OML/cmm/m/it/10 x$
 []


Overfull \hbox (4.8229pt too wide) in paragraph at lines 86--87
\OML/cmm/m/it/10 q$ 
 []


Overfull \hbox (18.3334pt too wide) in paragraph at lines 88--89
[]$\OMS/cmsy/m/n/10 ([])
 []


Overfull \hbox (13.06369pt too wide) in paragraph at lines 88--89
\OML/cmm/m/it/10 a \OMS/cmsy/m/n/10 ^^@
 []


Overfull \hbox (16.27078pt too wide) in paragraph at lines 88--89
\OML/cmm/m/it/10 x \OMS/cmsy/m/n/10 ^^Q
 []


Overfull \hbox (12.06946pt too wide) in paragraph at lines 88--89
\OML/cmm/m/it/10 b \OMS/cmsy/m/n/10 ^^@
 []


Overfull \hbox (27.65971pt too wide) in paragraph at lines 88--89
\OML/cmm/m/it/10 x  []
 []


Overfull \hbox (4.8229pt too wide) in paragraph at lines 88--89
\OML/cmm/m/it/10 q$ 
 []

Missing character: There is no ( in font nullfont!
Missing character: There is no f in font nullfont!
Missing character: There is no o in font nullfont!
Missing character: There is no r in font nullfont!
Missing character: There is no s in font nullfont!
Missing character: There is no o in font nullfont!
Missing character: There is no m in font nullfont!
Missing character: There is no e in font nullfont!
Missing character: There is no i in font nullfont!
Missing character: There is no n in font nullfont!
Missing character: There is no t in font nullfont!
Missing character: There is no e in font nullfont!
Missing character: There is no g in font nullfont!
Missing character: There is no e in font nullfont!
Missing character: There is no r in font nullfont!
Missing character: There is no ) in font nullfont!

Overfull \hbox (74.64542pt too wide) in paragraph at lines 92--93
\OT1/cmr/bx/n/10 Multiplication:
 []


Overfull \hbox (15.8414pt too wide) in paragraph at lines 92--93
\OML/cmm/m/it/10 a \OMS/cmsy/m/n/10 ^^Q
 []


Overfull \hbox (26.2361pt too wide) in paragraph at lines 92--93
\OML/cmm/m/it/10 b  []
 []


Overfull \hbox (25.93402pt too wide) in paragraph at lines 92--93
\OML/cmm/m/it/10 q \OMS/cmsy/m/n/10 ([])
 []


Overfull \hbox (15.8414pt too wide) in paragraph at lines 92--93
\OML/cmm/m/it/10 a \OT1/cmr/m/n/10 =
 []


Overfull \hbox (12.06946pt too wide) in paragraph at lines 92--93
\OML/cmm/m/it/10 b \OT1/cmr/m/n/10 +
 []


Overfull \hbox (10.34375pt too wide) in paragraph at lines 92--93
\OML/cmm/m/it/10 kq$
 []


Overfull \hbox (5.52084pt too wide) in paragraph at lines 92--93
\OML/cmm/m/it/10 k$ 
 []


Overfull \hbox (16.11119pt too wide) in paragraph at lines 94--95
[]$[][]\OMS/cmsy/m/n/10 )
 []


Overfull \hbox (8.06367pt too wide) in paragraph at lines 94--95
\OML/cmm/m/it/10 a \OMS/cmsy/m/n/10 ^^A
 []


Overfull \hbox (16.27078pt too wide) in paragraph at lines 94--95
\OML/cmm/m/it/10 x \OT1/cmr/m/n/10 =
 []


Overfull \hbox (7.06944pt too wide) in paragraph at lines 94--95
\OML/cmm/m/it/10 b \OMS/cmsy/m/n/10 ^^A
 []


Overfull \hbox (13.49307pt too wide) in paragraph at lines 94--95
\OML/cmm/m/it/10 x \OT1/cmr/m/n/10 +
 []


Overfull \hbox (8.29863pt too wide) in paragraph at lines 94--95
\OML/cmm/m/it/10 k \OMS/cmsy/m/n/10 ^^A
 []


Overfull \hbox (7.6007pt too wide) in paragraph at lines 94--95
\OML/cmm/m/it/10 q \OMS/cmsy/m/n/10 ^^A
 []


Overfull \hbox (5.71527pt too wide) in paragraph at lines 94--95
\OML/cmm/m/it/10 x$ 
 []

Missing character: There is no ( in font nullfont!
Missing character: There is no w in font nullfont!
Missing character: There is no h in font nullfont!
Missing character: There is no e in font nullfont!
Missing character: There is no r in font nullfont!
Missing character: There is no e in font nullfont!
Missing character: There is no ) in font nullfont!
! Undefined control sequence.
l.96 ...t q$ (where $k_x = k \cdot x$)  \textcolor
                                                  {red}{ $\rhd$ $a\cdot x$ a...

? 
Missing character: There is no r in font nullfont!
Missing character: There is no e in font nullfont!
Missing character: There is no d in font nullfont!

! LaTeX Error: Command \rhd not provided in base LaTeX2e.

See the LaTeX manual or LaTeX Companion for explanation.
Type  H <return>  for immediate help.
 ...                                              
                                                  
l.96 ...$k_x = k \cdot x$)  \textcolor{red}{ $\rhd
                                                  $ $a\cdot x$ and $b\cdot x...

? 
Missing character: There is no a in font nullfont!
Missing character: There is no n in font nullfont!
Missing character: There is no d in font nullfont!
Missing character: There is no d in font nullfont!
Missing character: There is no i in font nullfont!
Missing character: There is no f in font nullfont!
Missing character: There is no f in font nullfont!
Missing character: There is no e in font nullfont!
Missing character: There is no r in font nullfont!
Missing character: There is no b in font nullfont!
Missing character: There is no y in font nullfont!
Missing character: There is no s in font nullfont!
Missing character: There is no o in font nullfont!
Missing character: There is no m in font nullfont!
Missing character: There is no e in font nullfont!
Missing character: There is no m in font nullfont!
Missing character: There is no u in font nullfont!
Missing character: There is no l in font nullfont!
Missing character: There is no t in font nullfont!
Missing character: There is no i in font nullfont!
Missing character: There is no p in font nullfont!
Missing character: There is no l in font nullfont!
Missing character: There is no e in font nullfont!
Missing character: There is no o in font nullfont!
Missing character: There is no f in font nullfont!

Overfull \hbox (16.11119pt too wide) in paragraph at lines 96--97
[]$[][]\OMS/cmsy/m/n/10 )
 []


Overfull \hbox (8.06367pt too wide) in paragraph at lines 96--97
\OML/cmm/m/it/10 a \OMS/cmsy/m/n/10 ^^A
 []


Overfull \hbox (16.27078pt too wide) in paragraph at lines 96--97
\OML/cmm/m/it/10 x \OT1/cmr/m/n/10 =
 []


Overfull \hbox (7.06944pt too wide) in paragraph at lines 96--97
\OML/cmm/m/it/10 b \OMS/cmsy/m/n/10 ^^A
 []


Overfull \hbox (13.49307pt too wide) in paragraph at lines 96--97
\OML/cmm/m/it/10 x \OT1/cmr/m/n/10 +
 []


Overfull \hbox (13.01855pt too wide) in paragraph at lines 96--97
\OML/cmm/m/it/10 k[] \OMS/cmsy/m/n/10 ^^A
 []


Overfull \hbox (4.8229pt too wide) in paragraph at lines 96--97
\OML/cmm/m/it/10 q$
 []


Overfull \hbox (20.79628pt too wide) in paragraph at lines 96--97
\OML/cmm/m/it/10 k[] \OT1/cmr/m/n/10 =
 []


Overfull \hbox (8.29863pt too wide) in paragraph at lines 96--97
\OML/cmm/m/it/10 k \OMS/cmsy/m/n/10 ^^A
 []


Overfull \hbox (5.71527pt too wide) in paragraph at lines 96--97
\OML/cmm/m/it/10 x$
 []


Overfull \hbox (8.06367pt too wide) in paragraph at lines 96--97
\OML/cmm/m/it/10 a \OMS/cmsy/m/n/10 ^^A
 []


Overfull \hbox (5.71527pt too wide) in paragraph at lines 96--97
\OML/cmm/m/it/10 x$
 []


Overfull \hbox (7.06944pt too wide) in paragraph at lines 96--97
\OML/cmm/m/it/10 b \OMS/cmsy/m/n/10 ^^A
 []


Overfull \hbox (5.71527pt too wide) in paragraph at lines 96--97
\OML/cmm/m/it/10 x$
 []


Overfull \hbox (4.8229pt too wide) in paragraph at lines 96--97
\OML/cmm/m/it/10 q$ 
 []


Overfull \hbox (16.11119pt too wide) in paragraph at lines 98--99
[]$[][]\OMS/cmsy/m/n/10 )
 []


Overfull \hbox (8.06367pt too wide) in paragraph at lines 98--99
\OML/cmm/m/it/10 a \OMS/cmsy/m/n/10 ^^A
 []


Overfull \hbox (16.27078pt too wide) in paragraph at lines 98--99
\OML/cmm/m/it/10 x \OMS/cmsy/m/n/10 ^^Q
 []


Overfull \hbox (7.06944pt too wide) in paragraph at lines 98--99
\OML/cmm/m/it/10 b \OMS/cmsy/m/n/10 ^^A
 []


Overfull \hbox (27.65971pt too wide) in paragraph at lines 98--99
\OML/cmm/m/it/10 x  []
 []


Overfull \hbox (4.8229pt too wide) in paragraph at lines 98--99
\OML/cmm/m/it/10 q$ 
 []

Missing character: There is no C in font nullfont!
Missing character: There is no o in font nullfont!
Missing character: There is no n in font nullfont!
Missing character: There is no v in font nullfont!
Missing character: There is no e in font nullfont!
Missing character: There is no r in font nullfont!
Missing character: There is no s in font nullfont!
Missing character: There is no e in font nullfont!
Missing character: There is no l in font nullfont!
Missing character: There is no y in font nullfont!
Missing character: There is no , in font nullfont!
Missing character: There is no i in font nullfont!
Missing character: There is no f in font nullfont!
Missing character: There is no a in font nullfont!
Missing character: There is no n in font nullfont!
Missing character: There is no d in font nullfont!
Missing character: There is no a in font nullfont!
Missing character: There is no r in font nullfont!
Missing character: There is no e in font nullfont!
Missing character: There is no c in font nullfont!
Missing character: There is no o in font nullfont!
Missing character: There is no p in font nullfont!
Missing character: There is no r in font nullfont!
Missing character: There is no i in font nullfont!
Missing character: There is no m in font nullfont!
Missing character: There is no e in font nullfont!
Missing character: There is no ( in font nullfont!
Missing character: There is no i in font nullfont!
Missing character: There is no . in font nullfont!
Missing character: There is no e in font nullfont!
Missing character: There is no . in font nullfont!
Missing character: There is no , in font nullfont!
Missing character: There is no ) in font nullfont!
Missing character: There is no , in font nullfont!
Missing character: There is no t in font nullfont!
Missing character: There is no h in font nullfont!
Missing character: There is no e in font nullfont!
Missing character: There is no n in font nullfont!
Missing character: There is no h in font nullfont!
Missing character: There is no a in font nullfont!
Missing character: There is no s in font nullfont!
Missing character: There is no a in font nullfont!
Missing character: There is no m in font nullfont!
Missing character: There is no u in font nullfont!
Missing character: There is no l in font nullfont!
Missing character: There is no t in font nullfont!
Missing character: There is no i in font nullfont!
Missing character: There is no p in font nullfont!
Missing character: There is no l in font nullfont!
Missing character: There is no i in font nullfont!
Missing character: There is no c in font nullfont!
Missing character: There is no a in font nullfont!
Missing character: There is no t in font nullfont!
Missing character: There is no i in font nullfont!
Missing character: There is no v in font nullfont!
Missing character: There is no e in font nullfont!
Missing character: There is no i in font nullfont!
Missing character: There is no n in font nullfont!
Missing character: There is no v in font nullfont!
Missing character: There is no e in font nullfont!
Missing character: There is no r in font nullfont!
Missing character: There is no s in font nullfont!
Missing character: There is no e in font nullfont!
Missing character: There is no m in font nullfont!
Missing character: There is no o in font nullfont!
Missing character: There is no d in font nullfont!
Missing character: There is no u in font nullfont!
Missing character: There is no l in font nullfont!
Missing character: There is no o in font nullfont!
Missing character: There is no . in font nullfont!
Missing character: There is no F in font nullfont!
Missing character: There is no r in font nullfont!
Missing character: There is no o in font nullfont!
Missing character: There is no m in font nullfont!

Overfull \hbox (5.71527pt too wide) in paragraph at lines 100--101
\OML/cmm/m/it/10 x$
 []


Overfull \hbox (4.8229pt too wide) in paragraph at lines 100--101
\OML/cmm/m/it/10 q$
 []


Overfull \hbox (48.31593pt too wide) in paragraph at lines 100--101
[]\OT1/cmr/m/n/10 (\OML/cmm/m/it/10 x; q\OT1/cmr/m/n/10 ) =
 []


Overfull \hbox (5.00002pt too wide) in paragraph at lines 100--101
\OT1/cmr/m/n/10 1$
 []


Overfull \hbox (5.71527pt too wide) in paragraph at lines 100--101
\OML/cmm/m/it/10 x$
 []


Overfull \hbox (16.45142pt too wide) in paragraph at lines 100--101
\OML/cmm/m/it/10 x[]$
 []


Overfull \hbox (4.8229pt too wide) in paragraph at lines 100--101
\OML/cmm/m/it/10 q$
 []


Overfull \hbox (8.06367pt too wide) in paragraph at lines 100--101
\OML/cmm/m/it/10 a \OMS/cmsy/m/n/10 ^^A
 []


Overfull \hbox (16.27078pt too wide) in paragraph at lines 100--101
\OML/cmm/m/it/10 x \OMS/cmsy/m/n/10 ^^Q
 []


Overfull \hbox (7.06944pt too wide) in paragraph at lines 100--101
\OML/cmm/m/it/10 b \OMS/cmsy/m/n/10 ^^A
 []


Overfull \hbox (27.65971pt too wide) in paragraph at lines 100--101
\OML/cmm/m/it/10 x  []
 []


Overfull \hbox (4.8229pt too wide) in paragraph at lines 100--101
\OML/cmm/m/it/10 q$ 
 []


Overfull \hbox (16.11119pt too wide) in paragraph at lines 102--103
[]$[][]\OMS/cmsy/m/n/10 )
 []


Overfull \hbox (8.06367pt too wide) in paragraph at lines 102--103
\OML/cmm/m/it/10 a \OMS/cmsy/m/n/10 ^^A
 []


Overfull \hbox (8.49306pt too wide) in paragraph at lines 102--103
\OML/cmm/m/it/10 x \OMS/cmsy/m/n/10 ^^A
 []


Overfull \hbox (27.00693pt too wide) in paragraph at lines 102--103
\OML/cmm/m/it/10 x[] \OMS/cmsy/m/n/10 ^^Q
 []


Overfull \hbox (7.06944pt too wide) in paragraph at lines 102--103
\OML/cmm/m/it/10 b \OMS/cmsy/m/n/10 ^^A
 []


Overfull \hbox (8.49306pt too wide) in paragraph at lines 102--103
\OML/cmm/m/it/10 x \OMS/cmsy/m/n/10 ^^A
 []


Overfull \hbox (38.39586pt too wide) in paragraph at lines 102--103
\OML/cmm/m/it/10 x[]  []
 []


Overfull \hbox (4.8229pt too wide) in paragraph at lines 102--103
\OML/cmm/m/it/10 q$ 
 []


Overfull \hbox (16.11119pt too wide) in paragraph at lines 104--105
[]$[][]\OMS/cmsy/m/n/10 )
 []


Overfull \hbox (15.8414pt too wide) in paragraph at lines 104--105
\OML/cmm/m/it/10 a \OMS/cmsy/m/n/10 ^^Q
 []


Overfull \hbox (26.2361pt too wide) in paragraph at lines 104--105
\OML/cmm/m/it/10 b  []
 []


Overfull \hbox (4.8229pt too wide) in paragraph at lines 104--105
\OML/cmm/m/it/10 q$ 
 []


! LaTeX Error: \begin{document} ended by \end{proof}.

See the LaTeX manual or LaTeX Companion for explanation.
Type  H <return>  for immediate help.
 ...                                              
                                                  
l.107 \end{proof}
                 
? 
Missing character: There is no B in font nullfont!
Missing character: There is no a in font nullfont!
Missing character: There is no s in font nullfont!
Missing character: There is no e in font nullfont!
Missing character: There is no d in font nullfont!
Missing character: There is no o in font nullfont!
Missing character: There is no n in font nullfont!
Missing character: There is no t in font nullfont!
Missing character: There is no h in font nullfont!
Missing character: There is no e in font nullfont!
Missing character: There is no m in font nullfont!
Missing character: There is no o in font nullfont!
Missing character: There is no d in font nullfont!
Missing character: There is no u in font nullfont!
Missing character: There is no l in font nullfont!
Missing character: There is no o in font nullfont!
Missing character: There is no o in font nullfont!
Missing character: There is no p in font nullfont!
Missing character: There is no e in font nullfont!
Missing character: There is no r in font nullfont!
Missing character: There is no a in font nullfont!
Missing character: There is no t in font nullfont!
Missing character: There is no i in font nullfont!
Missing character: There is no o in font nullfont!
Missing character: There is no n in font nullfont!
Missing character: There is no s in font nullfont!
Missing character: There is no i in font nullfont!
Missing character: There is no n in font nullfont!
Missing character: There is no T in font nullfont!
Missing character: There is no h in font nullfont!
Missing character: There is no e in font nullfont!
Missing character: There is no o in font nullfont!
Missing character: There is no r in font nullfont!
Missing character: There is no e in font nullfont!
Missing character: There is no m in font nullfont!
! Undefined control sequence.
<write> ...ec:modulo-arithmetic' on page \thepage 
                                                  \space undefined\on@line .
l.109 ...n Theorem~\ref*{subsec:modulo-arithmetic}
                                                  .1, we can also derive the...

? 

LaTeX Warning: Reference `subsec:modulo-arithmetic' on page  undefined on input
 line 109.

Missing character: There is no . in font nullfont!
Missing character: There is no 1 in font nullfont!
Missing character: There is no , in font nullfont!
Missing character: There is no w in font nullfont!
Missing character: There is no e in font nullfont!
Missing character: There is no c in font nullfont!
Missing character: There is no a in font nullfont!
Missing character: There is no n in font nullfont!
Missing character: There is no a in font nullfont!
Missing character: There is no l in font nullfont!
Missing character: There is no s in font nullfont!
Missing character: There is no o in font nullfont!
Missing character: There is no d in font nullfont!
Missing character: There is no e in font nullfont!
Missing character: There is no r in font nullfont!
Missing character: There is no i in font nullfont!
Missing character: There is no v in font nullfont!
Missing character: There is no e in font nullfont!
Missing character: There is no t in font nullfont!
Missing character: There is no h in font nullfont!
Missing character: There is no e in font nullfont!
Missing character: There is no f in font nullfont!
Missing character: There is no o in font nullfont!
Missing character: There is no l in font nullfont!
Missing character: There is no l in font nullfont!
Missing character: There is no o in font nullfont!
Missing character: There is no w in font nullfont!
Missing character: There is no i in font nullfont!
Missing character: There is no n in font nullfont!
Missing character: There is no g in font nullfont!
Missing character: There is no p in font nullfont!
Missing character: There is no r in font nullfont!
Missing character: There is no o in font nullfont!
Missing character: There is no p in font nullfont!
Missing character: There is no e in font nullfont!
Missing character: There is no r in font nullfont!
Missing character: There is no t in font nullfont!
Missing character: There is no i in font nullfont!
Missing character: There is no e in font nullfont!
Missing character: There is no s in font nullfont!
Missing character: There is no o in font nullfont!
Missing character: There is no f in font nullfont!
Missing character: There is no m in font nullfont!
Missing character: There is no o in font nullfont!
Missing character: There is no d in font nullfont!
Missing character: There is no u in font nullfont!
Missing character: There is no l in font nullfont!
Missing character: There is no o in font nullfont!
Missing character: There is no a in font nullfont!
Missing character: There is no r in font nullfont!
Missing character: There is no i in font nullfont!
Missing character: There is no t in font nullfont!
Missing character: There is no h in font nullfont!
Missing character: There is no m in font nullfont!
Missing character: There is no e in font nullfont!
Missing character: There is no t in font nullfont!
Missing character: There is no i in font nullfont!
Missing character: There is no c in font nullfont!
Missing character: There is no : in font nullfont!

Overfull \hbox (20.0pt too wide) in paragraph at lines 109--110
[]
 []


Overfull \hbox (10.86105pt too wide) in paragraph at lines 109--110
[]
 []


! LaTeX Error: Environment tcolorbox undefined.

See the LaTeX manual or LaTeX Companion for explanation.
Type  H <return>  for immediate help.
 ...                                              
                                                  
l.112 \begin{tcolorbox}
                       [title={\textbf{\tboxtheorem{\ref*{subsec:modulo-arit...

? 
Missing character: There is no [ in font nullfont!
Missing character: There is no t in font nullfont!
Missing character: There is no i in font nullfont!
Missing character: There is no t in font nullfont!
Missing character: There is no l in font nullfont!
Missing character: There is no e in font nullfont!
Missing character: There is no = in font nullfont!
! Undefined control sequence.
<recently read> \tboxtheorem 
                             
l.112 ...etic}.2} Properties of Modulo Arithmetic}
                                                  }]
? 
! Undefined control sequence.
<write> ...ec:modulo-arithmetic' on page \thepage 
                                                  \space undefined\on@line .
l.112 ...etic}.2} Properties of Modulo Arithmetic}
                                                  }]
? 

LaTeX Warning: Reference `subsec:modulo-arithmetic' on page  undefined on input
 line 112.

Missing character: There is no ] in font nullfont!

Overfull \hbox (39.80545pt too wide) in paragraph at lines 112--113
[][]\OT1/cmr/bx/n/10 .2
 []


Overfull \hbox (28.5693pt too wide) in paragraph at lines 112--113
\OT1/cmr/bx/n/10 Prop-
 []


Overfull \hbox (13.84023pt too wide) in paragraph at lines 112--113
\OT1/cmr/bx/n/10 er-
 []


Overfull \hbox (17.47351pt too wide) in paragraph at lines 112--113
\OT1/cmr/bx/n/10 ties
 []


Overfull \hbox (9.26384pt too wide) in paragraph at lines 112--113
\OT1/cmr/bx/n/10 of
 []


Overfull \hbox (27.20819pt too wide) in paragraph at lines 112--113
\OT1/cmr/bx/n/10 Mod-
 []


Overfull \hbox (15.33325pt too wide) in paragraph at lines 112--113
\OT1/cmr/bx/n/10 ulo
 []


Overfull \hbox (31.31929pt too wide) in paragraph at lines 112--113
\OT1/cmr/bx/n/10 Arith-
 []


Overfull \hbox (27.6318pt too wide) in paragraph at lines 112--113
\OT1/cmr/bx/n/10 metic 
 []


Overfull \hbox (20.0pt too wide) in paragraph at lines 114--114
[] 
 []


Overfull \hbox (59.61353pt too wide) in paragraph at lines 115--116
\OT1/cmr/bx/n/10 Associative:
 []


Overfull \hbox (11.95258pt too wide) in paragraph at lines 115--116
\OT1/cmr/m/n/10 (\OML/cmm/m/it/10 a \OMS/cmsy/m/n/10 ^^A
 []


Overfull \hbox (10.95834pt too wide) in paragraph at lines 115--116
\OML/cmm/m/it/10 b\OT1/cmr/m/n/10 ) \OMS/cmsy/m/n/10 ^^A
 []


Overfull \hbox (14.88307pt too wide) in paragraph at lines 115--116
\OML/cmm/m/it/10 c \OMS/cmsy/m/n/10 ^^Q
 []


Overfull \hbox (8.06367pt too wide) in paragraph at lines 115--116
\OML/cmm/m/it/10 a \OMS/cmsy/m/n/10 ^^A
 []


Overfull \hbox (10.95834pt too wide) in paragraph at lines 115--116
\OT1/cmr/m/n/10 (\OML/cmm/m/it/10 b \OMS/cmsy/m/n/10 ^^A
 []


Overfull \hbox (30.1609pt too wide) in paragraph at lines 115--116
\OML/cmm/m/it/10 c\OT1/cmr/m/n/10 )  []
 []


Overfull \hbox (4.8229pt too wide) in paragraph at lines 115--116
\OML/cmm/m/it/10 q$ 
 []


Overfull \hbox (71.23572pt too wide) in paragraph at lines 117--118
\OT1/cmr/bx/n/10 Commutative:
 []


Overfull \hbox (11.95258pt too wide) in paragraph at lines 117--118
\OT1/cmr/m/n/10 (\OML/cmm/m/it/10 a \OMS/cmsy/m/n/10 ^^A
 []


Overfull \hbox (18.73607pt too wide) in paragraph at lines 117--118
\OML/cmm/m/it/10 b\OT1/cmr/m/n/10 ) \OMS/cmsy/m/n/10 ^^Q
 []


Overfull \hbox (10.95834pt too wide) in paragraph at lines 117--118
\OT1/cmr/m/n/10 (\OML/cmm/m/it/10 b \OMS/cmsy/m/n/10 ^^A
 []


Overfull \hbox (31.11923pt too wide) in paragraph at lines 117--118
\OML/cmm/m/it/10 a\OT1/cmr/m/n/10 )  []
 []


Overfull \hbox (4.8229pt too wide) in paragraph at lines 117--118
\OML/cmm/m/it/10 q$ 
 []


Overfull \hbox (63.61217pt too wide) in paragraph at lines 119--120
\OT1/cmr/bx/n/10 Distributive:
 []


Overfull \hbox (11.95258pt too wide) in paragraph at lines 119--120
\OT1/cmr/m/n/10 (\OML/cmm/m/it/10 a \OMS/cmsy/m/n/10 ^^A
 []


Overfull \hbox (15.95836pt too wide) in paragraph at lines 119--120
\OT1/cmr/m/n/10 (\OML/cmm/m/it/10 b \OT1/cmr/m/n/10 +
 []


Overfull \hbox (22.66087pt too wide) in paragraph at lines 119--120
\OML/cmm/m/it/10 c\OT1/cmr/m/n/10 )) \OMS/cmsy/m/n/10 ^^Q
 []


Overfull \hbox (15.84148pt too wide) in paragraph at lines 119--120
\OT1/cmr/m/n/10 ((\OML/cmm/m/it/10 a \OMS/cmsy/m/n/10 ^^A
 []


Overfull \hbox (15.95836pt too wide) in paragraph at lines 119--120
\OML/cmm/m/it/10 b\OT1/cmr/m/n/10 ) +
 []


Overfull \hbox (11.95258pt too wide) in paragraph at lines 119--120
\OT1/cmr/m/n/10 (\OML/cmm/m/it/10 a \OMS/cmsy/m/n/10 ^^A
 []


Overfull \hbox (34.0498pt too wide) in paragraph at lines 119--120
\OML/cmm/m/it/10 c\OT1/cmr/m/n/10 ))  []
 []


Overfull \hbox (4.8229pt too wide) in paragraph at lines 119--120
\OML/cmm/m/it/10 q$ 
 []

Missing character: There is no C in font nullfont!
Missing character: There is no o in font nullfont!
Missing character: There is no n in font nullfont!
Missing character: There is no g in font nullfont!
Missing character: There is no r in font nullfont!
Missing character: There is no u in font nullfont!
Missing character: There is no e in font nullfont!
Missing character: There is no n in font nullfont!
Missing character: There is no t in font nullfont!
Missing character: There is no v in font nullfont!
Missing character: There is no a in font nullfont!
Missing character: There is no l in font nullfont!
Missing character: There is no u in font nullfont!
Missing character: There is no e in font nullfont!
Missing character: There is no s in font nullfont!
Missing character: There is no a in font nullfont!
Missing character: There is no r in font nullfont!
Missing character: There is no e in font nullfont!
Missing character: There is no i in font nullfont!
Missing character: There is no n in font nullfont!
Missing character: There is no t in font nullfont!
Missing character: There is no e in font nullfont!
Missing character: There is no r in font nullfont!
Missing character: There is no c in font nullfont!
Missing character: There is no h in font nullfont!
Missing character: There is no a in font nullfont!
Missing character: There is no n in font nullfont!
Missing character: There is no g in font nullfont!
Missing character: There is no e in font nullfont!
Missing character: There is no a in font nullfont!
Missing character: There is no b in font nullfont!
Missing character: There is no l in font nullfont!
Missing character: There is no e in font nullfont!
Missing character: There is no i in font nullfont!
Missing character: There is no n in font nullfont!
Missing character: There is no m in font nullfont!
Missing character: There is no o in font nullfont!
Missing character: There is no d in font nullfont!
Missing character: There is no u in font nullfont!
Missing character: There is no l in font nullfont!
Missing character: There is no o in font nullfont!
Missing character: There is no a in font nullfont!
Missing character: There is no r in font nullfont!
Missing character: There is no i in font nullfont!
Missing character: There is no t in font nullfont!
Missing character: There is no h in font nullfont!
Missing character: There is no m in font nullfont!
Missing character: There is no e in font nullfont!
Missing character: There is no t in font nullfont!
Missing character: There is no i in font nullfont!
Missing character: There is no c in font nullfont!
Missing character: There is no . in font nullfont!

Overfull \hbox (82.72871pt too wide) in paragraph at lines 121--122
\OT1/cmr/bx/n/10 Interchangeable:
 []

Missing character: There is no F in font nullfont!
Missing character: There is no o in font nullfont!
Missing character: There is no r in font nullfont!
Missing character: There is no e in font nullfont!
Missing character: There is no x in font nullfont!
Missing character: There is no a in font nullfont!
Missing character: There is no m in font nullfont!
Missing character: There is no p in font nullfont!
Missing character: There is no l in font nullfont!
Missing character: There is no e in font nullfont!
Missing character: There is no , in font nullfont!
Missing character: There is no s in font nullfont!
Missing character: There is no u in font nullfont!
Missing character: There is no p in font nullfont!
Missing character: There is no p in font nullfont!
Missing character: There is no o in font nullfont!
Missing character: There is no s in font nullfont!
Missing character: There is no e in font nullfont!
Missing character: There is no a in font nullfont!
Missing character: There is no n in font nullfont!
Missing character: There is no d in font nullfont!
Missing character: There is no . in font nullfont!
Missing character: There is no T in font nullfont!
Missing character: There is no h in font nullfont!
Missing character: There is no e in font nullfont!
Missing character: There is no n in font nullfont!
Missing character: There is no , in font nullfont!
Missing character: There is no a in font nullfont!
Missing character: There is no n in font nullfont!
Missing character: There is no d in font nullfont!
Missing character: There is no a in font nullfont!
Missing character: There is no r in font nullfont!
Missing character: There is no e in font nullfont!
Missing character: There is no i in font nullfont!
Missing character: There is no n in font nullfont!
Missing character: There is no t in font nullfont!
Missing character: There is no e in font nullfont!
Missing character: There is no r in font nullfont!
Missing character: There is no c in font nullfont!
Missing character: There is no h in font nullfont!
Missing character: There is no a in font nullfont!
Missing character: There is no n in font nullfont!
Missing character: There is no g in font nullfont!
Missing character: There is no e in font nullfont!
Missing character: There is no a in font nullfont!
Missing character: There is no b in font nullfont!
Missing character: There is no l in font nullfont!
Missing character: There is no e in font nullfont!
Missing character: There is no , in font nullfont!
Missing character: There is no a in font nullfont!
Missing character: There is no n in font nullfont!
Missing character: There is no d in font nullfont!
Missing character: There is no a in font nullfont!
Missing character: There is no n in font nullfont!
Missing character: There is no d in font nullfont!
Missing character: There is no a in font nullfont!
Missing character: There is no r in font nullfont!
Missing character: There is no e in font nullfont!
Missing character: There is no i in font nullfont!
Missing character: There is no n in font nullfont!
Missing character: There is no t in font nullfont!
Missing character: There is no e in font nullfont!
Missing character: There is no r in font nullfont!
Missing character: There is no c in font nullfont!
Missing character: There is no h in font nullfont!
Missing character: There is no a in font nullfont!
Missing character: There is no n in font nullfont!
Missing character: There is no g in font nullfont!
Missing character: There is no e in font nullfont!
Missing character: There is no a in font nullfont!
Missing character: There is no b in font nullfont!
Missing character: There is no l in font nullfont!
Missing character: There is no e in font nullfont!
Missing character: There is no i in font nullfont!
Missing character: There is no n in font nullfont!
Missing character: There is no m in font nullfont!
Missing character: There is no o in font nullfont!
Missing character: There is no d in font nullfont!
Missing character: There is no u in font nullfont!
Missing character: There is no l in font nullfont!
Missing character: There is no o in font nullfont!
Missing character: There is no a in font nullfont!
Missing character: There is no r in font nullfont!
Missing character: There is no i in font nullfont!
Missing character: There is no t in font nullfont!
Missing character: There is no h in font nullfont!
Missing character: There is no m in font nullfont!
Missing character: There is no e in font nullfont!
Missing character: There is no t in font nullfont!
Missing character: There is no i in font nullfont!
Missing character: There is no c in font nullfont!
Missing character: There is no a in font nullfont!
Missing character: There is no s in font nullfont!
Missing character: There is no f in font nullfont!
Missing character: There is no o in font nullfont!
Missing character: There is no l in font nullfont!
Missing character: There is no l in font nullfont!
Missing character: There is no o in font nullfont!
Missing character: There is no w in font nullfont!
Missing character: There is no s in font nullfont!
Missing character: There is no : in font nullfont!

Overfull \hbox (19.7303pt too wide) in paragraph at lines 123--124
\OT1/cmr/m/n/10 (\OML/cmm/m/it/10 a \OMS/cmsy/m/n/10 ^^Q
 []


Overfull \hbox (26.2361pt too wide) in paragraph at lines 123--124
\OML/cmm/m/it/10 b  []
 []


Overfull \hbox (8.7118pt too wide) in paragraph at lines 123--124
\OML/cmm/m/it/10 q\OT1/cmr/m/n/10 )$
 []


Overfull \hbox (18.77197pt too wide) in paragraph at lines 123--124
\OT1/cmr/m/n/10 (\OML/cmm/m/it/10 c \OMS/cmsy/m/n/10 ^^Q
 []


Overfull \hbox (27.1493pt too wide) in paragraph at lines 123--124
\OML/cmm/m/it/10 d  []
 []


Overfull \hbox (8.7118pt too wide) in paragraph at lines 123--124
\OML/cmm/m/it/10 q\OT1/cmr/m/n/10 )$
 []


Overfull \hbox (5.28589pt too wide) in paragraph at lines 123--124
\OML/cmm/m/it/10 a$
 []


Overfull \hbox (4.29166pt too wide) in paragraph at lines 123--124
\OML/cmm/m/it/10 b$
 []


Overfull \hbox (4.32756pt too wide) in paragraph at lines 123--124
\OML/cmm/m/it/10 c$
 []


Overfull \hbox (5.20486pt too wide) in paragraph at lines 123--124
\OML/cmm/m/it/10 d$
 []


Overfull \hbox (16.95259pt too wide) in paragraph at lines 125--126
[]$\OT1/cmr/m/n/10 (\OML/cmm/m/it/10 a \OT1/cmr/m/n/10 +
 []


Overfull \hbox (18.77197pt too wide) in paragraph at lines 125--126
\OML/cmm/m/it/10 c\OT1/cmr/m/n/10 ) \OMS/cmsy/m/n/10 ^^Q
 []


Overfull \hbox (15.95836pt too wide) in paragraph at lines 125--126
\OT1/cmr/m/n/10 (\OML/cmm/m/it/10 b \OT1/cmr/m/n/10 +
 []


Overfull \hbox (19.64928pt too wide) in paragraph at lines 125--126
\OML/cmm/m/it/10 d\OT1/cmr/m/n/10 ) \OMS/cmsy/m/n/10 ^^Q
 []


Overfull \hbox (16.95259pt too wide) in paragraph at lines 125--126
\OT1/cmr/m/n/10 (\OML/cmm/m/it/10 a \OT1/cmr/m/n/10 +
 []


Overfull \hbox (19.64928pt too wide) in paragraph at lines 125--126
\OML/cmm/m/it/10 d\OT1/cmr/m/n/10 ) \OMS/cmsy/m/n/10 ^^Q
 []


Overfull \hbox (15.95836pt too wide) in paragraph at lines 125--126
\OT1/cmr/m/n/10 (\OML/cmm/m/it/10 b \OT1/cmr/m/n/10 +
 []


Overfull \hbox (30.1609pt too wide) in paragraph at lines 125--126
\OML/cmm/m/it/10 c\OT1/cmr/m/n/10 )  []
 []


Overfull \hbox (4.8229pt too wide) in paragraph at lines 125--126
\OML/cmm/m/it/10 q$ 
 []


Overfull \hbox (16.95259pt too wide) in paragraph at lines 127--128
[]$\OT1/cmr/m/n/10 (\OML/cmm/m/it/10 a \OMS/cmsy/m/n/10 ^^@
 []


Overfull \hbox (18.77197pt too wide) in paragraph at lines 127--128
\OML/cmm/m/it/10 c\OT1/cmr/m/n/10 ) \OMS/cmsy/m/n/10 ^^Q
 []


Overfull \hbox (15.95836pt too wide) in paragraph at lines 127--128
\OT1/cmr/m/n/10 (\OML/cmm/m/it/10 b \OMS/cmsy/m/n/10 ^^@
 []


Overfull \hbox (19.64928pt too wide) in paragraph at lines 127--128
\OML/cmm/m/it/10 d\OT1/cmr/m/n/10 ) \OMS/cmsy/m/n/10 ^^Q
 []


Overfull \hbox (16.95259pt too wide) in paragraph at lines 127--128
\OT1/cmr/m/n/10 (\OML/cmm/m/it/10 a \OMS/cmsy/m/n/10 ^^@
 []


Overfull \hbox (19.64928pt too wide) in paragraph at lines 127--128
\OML/cmm/m/it/10 d\OT1/cmr/m/n/10 ) \OMS/cmsy/m/n/10 ^^Q
 []


Overfull \hbox (15.95836pt too wide) in paragraph at lines 127--128
\OT1/cmr/m/n/10 (\OML/cmm/m/it/10 b \OMS/cmsy/m/n/10 ^^@
 []


Overfull \hbox (30.1609pt too wide) in paragraph at lines 127--128
\OML/cmm/m/it/10 c\OT1/cmr/m/n/10 )  []
 []


Overfull \hbox (4.8229pt too wide) in paragraph at lines 127--128
\OML/cmm/m/it/10 q$ 
 []


Overfull \hbox (11.95258pt too wide) in paragraph at lines 129--130
[]$\OT1/cmr/m/n/10 (\OML/cmm/m/it/10 a \OMS/cmsy/m/n/10 ^^A
 []


Overfull \hbox (18.77197pt too wide) in paragraph at lines 129--130
\OML/cmm/m/it/10 c\OT1/cmr/m/n/10 ) \OMS/cmsy/m/n/10 ^^Q
 []


Overfull \hbox (10.95834pt too wide) in paragraph at lines 129--130
\OT1/cmr/m/n/10 (\OML/cmm/m/it/10 b \OMS/cmsy/m/n/10 ^^A
 []


Overfull \hbox (19.64928pt too wide) in paragraph at lines 129--130
\OML/cmm/m/it/10 d\OT1/cmr/m/n/10 ) \OMS/cmsy/m/n/10 ^^Q
 []


Overfull \hbox (11.95258pt too wide) in paragraph at lines 129--130
\OT1/cmr/m/n/10 (\OML/cmm/m/it/10 a \OMS/cmsy/m/n/10 ^^A
 []


Overfull \hbox (19.64928pt too wide) in paragraph at lines 129--130
\OML/cmm/m/it/10 d\OT1/cmr/m/n/10 ) \OMS/cmsy/m/n/10 ^^Q
 []


Overfull \hbox (10.95834pt too wide) in paragraph at lines 129--130
\OT1/cmr/m/n/10 (\OML/cmm/m/it/10 b \OMS/cmsy/m/n/10 ^^A
 []


Overfull \hbox (30.1609pt too wide) in paragraph at lines 129--130
\OML/cmm/m/it/10 c\OT1/cmr/m/n/10 )  []
 []


Overfull \hbox (4.8229pt too wide) in paragraph at lines 129--130
\OML/cmm/m/it/10 q$ 
 []


! LaTeX Error: \begin{document} ended by \end{tcolorbox}.

See the LaTeX manual or LaTeX Companion for explanation.
Type  H <return>  for immediate help.
 ...                                              
                                                  
l.133 \end{tcolorbox}
                     
? 
Missing character: There is no T in font nullfont!
Missing character: There is no h in font nullfont!
Missing character: There is no e in font nullfont!
Missing character: There is no p in font nullfont!
Missing character: There is no r in font nullfont!
Missing character: There is no o in font nullfont!
Missing character: There is no o in font nullfont!
Missing character: There is no f in font nullfont!
Missing character: There is no o in font nullfont!
Missing character: There is no f in font nullfont!
Missing character: There is no T in font nullfont!
Missing character: There is no h in font nullfont!
Missing character: There is no e in font nullfont!
Missing character: There is no o in font nullfont!
Missing character: There is no r in font nullfont!
Missing character: There is no e in font nullfont!
Missing character: There is no m in font nullfont!
! Undefined control sequence.
<write> ...ec:modulo-arithmetic' on page \thepage 
                                                  \space undefined\on@line .
l.135 ...f Theorem~\ref*{subsec:modulo-arithmetic}
                                                  .2 is similar to that of T...

? 

LaTeX Warning: Reference `subsec:modulo-arithmetic' on page  undefined on input
 line 135.

Missing character: There is no . in font nullfont!
Missing character: There is no 2 in font nullfont!
Missing character: There is no i in font nullfont!
Missing character: There is no s in font nullfont!
Missing character: There is no s in font nullfont!
Missing character: There is no i in font nullfont!
Missing character: There is no m in font nullfont!
Missing character: There is no i in font nullfont!
Missing character: There is no l in font nullfont!
Missing character: There is no a in font nullfont!
Missing character: There is no r in font nullfont!
Missing character: There is no t in font nullfont!
Missing character: There is no o in font nullfont!
Missing character: There is no t in font nullfont!
Missing character: There is no h in font nullfont!
Missing character: There is no a in font nullfont!
Missing character: There is no t in font nullfont!
Missing character: There is no o in font nullfont!
Missing character: There is no f in font nullfont!
Missing character: There is no T in font nullfont!
Missing character: There is no h in font nullfont!
Missing character: There is no e in font nullfont!
Missing character: There is no o in font nullfont!
Missing character: There is no r in font nullfont!
Missing character: There is no e in font nullfont!
Missing character: There is no m in font nullfont!
! Undefined control sequence.
<write> ...ec:modulo-arithmetic' on page \thepage 
                                                  \space undefined\on@line .
l.135 ...f Theorem~\ref*{subsec:modulo-arithmetic}
                                                  .1, which we leave as an e...

? 

LaTeX Warning: Reference `subsec:modulo-arithmetic' on page  undefined on input
 line 135.

Missing character: There is no . in font nullfont!
Missing character: There is no 1 in font nullfont!
Missing character: There is no , in font nullfont!
Missing character: There is no w in font nullfont!
Missing character: There is no h in font nullfont!
Missing character: There is no i in font nullfont!
Missing character: There is no c in font nullfont!
Missing character: There is no h in font nullfont!
Missing character: There is no w in font nullfont!
Missing character: There is no e in font nullfont!
Missing character: There is no l in font nullfont!
Missing character: There is no e in font nullfont!
Missing character: There is no a in font nullfont!
Missing character: There is no v in font nullfont!
Missing character: There is no e in font nullfont!
Missing character: There is no a in font nullfont!
Missing character: There is no s in font nullfont!
Missing character: There is no a in font nullfont!
Missing character: There is no n in font nullfont!
Missing character: There is no e in font nullfont!
Missing character: There is no x in font nullfont!
Missing character: There is no e in font nullfont!
Missing character: There is no r in font nullfont!
Missing character: There is no c in font nullfont!
Missing character: There is no i in font nullfont!
Missing character: There is no s in font nullfont!
Missing character: There is no e in font nullfont!
Missing character: There is no f in font nullfont!
Missing character: There is no o in font nullfont!
Missing character: There is no r in font nullfont!
Missing character: There is no t in font nullfont!
Missing character: There is no h in font nullfont!
Missing character: There is no e in font nullfont!
Missing character: There is no r in font nullfont!
Missing character: There is no e in font nullfont!
Missing character: There is no a in font nullfont!
Missing character: There is no d in font nullfont!
Missing character: There is no e in font nullfont!
Missing character: There is no r in font nullfont!
Missing character: There is no . in font nullfont!

Overfull \hbox (20.0pt too wide) in paragraph at lines 135--136
[]
 []


Overfull \hbox (10.86105pt too wide) in paragraph at lines 135--136
[]
 []


Overfull \hbox (10.86105pt too wide) in paragraph at lines 135--136
[]
 []

! Undefined control sequence.
l.138 \subsection
                 {Inverse}
? 
Missing character: There is no I in font nullfont!
Missing character: There is no n in font nullfont!
Missing character: There is no v in font nullfont!
Missing character: There is no e in font nullfont!
Missing character: There is no r in font nullfont!
Missing character: There is no s in font nullfont!
Missing character: There is no e in font nullfont!

Overfull \hbox (20.0pt too wide) in paragraph at lines 138--140
[]
 []


! LaTeX Error: Environment tcolorbox undefined.

See the LaTeX manual or LaTeX Companion for explanation.
Type  H <return>  for immediate help.
 ...                                              
                                                  
l.141 \begin{tcolorbox}
                       [title={\textbf{\tboxdef{\ref*{subsec:modulo-inverse}...

? 
Missing character: There is no [ in font nullfont!
Missing character: There is no t in font nullfont!
Missing character: There is no i in font nullfont!
Missing character: There is no t in font nullfont!
Missing character: There is no l in font nullfont!
Missing character: There is no e in font nullfont!
Missing character: There is no = in font nullfont!
! Undefined control sequence.
<recently read> \tboxdef 
                         
l.141 ...o-inverse}} Inverse in Modulo Arithmetic}
                                                  }]
? 
! Undefined control sequence.
<write> ...ubsec:modulo-inverse' on page \thepage 
                                                  \space undefined\on@line .
l.141 ...o-inverse}} Inverse in Modulo Arithmetic}
                                                  }]
? 

LaTeX Warning: Reference `subsec:modulo-inverse' on page  undefined on input li
ne 141.

Missing character: There is no ] in font nullfont!

Overfull \hbox (30.86105pt too wide) in paragraph at lines 141--142
[][]
 []


Overfull \hbox (14.58325pt too wide) in paragraph at lines 141--142
\OT1/cmr/bx/n/10 In-
 []


Overfull \hbox (25.56377pt too wide) in paragraph at lines 141--142
\OT1/cmr/bx/n/10 verse
 []


Overfull \hbox (9.58328pt too wide) in paragraph at lines 141--142
\OT1/cmr/bx/n/10 in
 []


Overfull \hbox (27.20819pt too wide) in paragraph at lines 141--142
\OT1/cmr/bx/n/10 Mod-
 []


Overfull \hbox (15.33325pt too wide) in paragraph at lines 141--142
\OT1/cmr/bx/n/10 ulo
 []


Overfull \hbox (31.31929pt too wide) in paragraph at lines 141--142
\OT1/cmr/bx/n/10 Arith-
 []


Overfull \hbox (27.6318pt too wide) in paragraph at lines 141--142
\OT1/cmr/bx/n/10 metic 
 []

Missing character: There is no I in font nullfont!
Missing character: There is no n in font nullfont!
Missing character: There is no m in font nullfont!
Missing character: There is no o in font nullfont!
Missing character: There is no d in font nullfont!
Missing character: There is no u in font nullfont!
Missing character: There is no l in font nullfont!
Missing character: There is no o in font nullfont!
Missing character: There is no ( in font nullfont!
Missing character: There is no i in font nullfont!
Missing character: There is no . in font nullfont!
Missing character: There is no e in font nullfont!
Missing character: There is no . in font nullfont!
Missing character: There is no , in font nullfont!
Missing character: There is no i in font nullfont!
Missing character: There is no n in font nullfont!
Missing character: There is no t in font nullfont!
Missing character: There is no h in font nullfont!
Missing character: There is no e in font nullfont!
Missing character: There is no w in font nullfont!
Missing character: There is no o in font nullfont!
Missing character: There is no r in font nullfont!
Missing character: There is no l in font nullfont!
Missing character: There is no d in font nullfont!
Missing character: There is no o in font nullfont!
Missing character: There is no f in font nullfont!
Missing character: There is no r in font nullfont!
Missing character: There is no e in font nullfont!
Missing character: There is no m in font nullfont!
Missing character: There is no a in font nullfont!
Missing character: There is no i in font nullfont!
Missing character: There is no n in font nullfont!
Missing character: There is no d in font nullfont!
Missing character: There is no e in font nullfont!
Missing character: There is no r in font nullfont!
Missing character: There is no s in font nullfont!
Missing character: There is no w in font nullfont!
Missing character: There is no h in font nullfont!
Missing character: There is no e in font nullfont!
Missing character: There is no r in font nullfont!
Missing character: There is no e in font nullfont!
Missing character: There is no a in font nullfont!
Missing character: There is no l in font nullfont!
Missing character: There is no l in font nullfont!
Missing character: There is no n in font nullfont!
Missing character: There is no u in font nullfont!
Missing character: There is no m in font nullfont!
Missing character: There is no b in font nullfont!
Missing character: There is no e in font nullfont!
Missing character: There is no r in font nullfont!
Missing character: There is no s in font nullfont!
Missing character: There is no h in font nullfont!
Missing character: There is no a in font nullfont!
Missing character: There is no v in font nullfont!
Missing character: There is no e in font nullfont!
Missing character: There is no b in font nullfont!
Missing character: There is no e in font nullfont!
Missing character: There is no e in font nullfont!
Missing character: There is no n in font nullfont!
Missing character: There is no d in font nullfont!
Missing character: There is no i in font nullfont!
Missing character: There is no v in font nullfont!
Missing character: There is no i in font nullfont!
Missing character: There is no d in font nullfont!
Missing character: There is no e in font nullfont!
Missing character: There is no d in font nullfont!
Missing character: There is no b in font nullfont!
Missing character: There is no y in font nullfont!
Missing character: There is no ) in font nullfont!
Missing character: There is no , in font nullfont!
Missing character: There is no f in font nullfont!
Missing character: There is no o in font nullfont!
Missing character: There is no r in font nullfont!
Missing character: There is no e in font nullfont!
Missing character: There is no a in font nullfont!
Missing character: There is no c in font nullfont!
Missing character: There is no h in font nullfont!
Missing character: There is no : in font nullfont!

Overfull \hbox (20.0pt too wide) in paragraph at lines 143--144
[]
 []


Overfull \hbox (4.8229pt too wide) in paragraph at lines 143--144
\OML/cmm/m/it/10 q$
 []


Overfull \hbox (4.8229pt too wide) in paragraph at lines 143--144
\OML/cmm/m/it/10 q$
 []


Overfull \hbox (14.73029pt too wide) in paragraph at lines 143--144
\OML/cmm/m/it/10 a \OMS/cmsy/m/n/10 2
 []


Overfull \hbox (63.71165pt too wide) in paragraph at lines 143--144
\OMS/cmsy/m/n/10 f\OT1/cmr/m/n/10 0\OML/cmm/m/it/10 ; \OT1/cmr/m/n/10 1\OML/cmm
/m/it/10 ; \OT1/cmr/m/n/10 2\OML/cmm/m/it/10 ; [] ; q \OMS/cmsy/m/n/10 ^^@
 []


Overfull \hbox (10.00003pt too wide) in paragraph at lines 143--144
\OT1/cmr/m/n/10 1\OMS/cmsy/m/n/10 g$ 
 []


Overfull \hbox (20.0pt too wide) in paragraph at lines 145--145
[] 
 []

Missing character: There is no o in font nullfont!
Missing character: There is no f in font nullfont!
Missing character: There is no i in font nullfont!
Missing character: There is no s in font nullfont!
Missing character: There is no d in font nullfont!
Missing character: There is no e in font nullfont!
Missing character: There is no n in font nullfont!
Missing character: There is no o in font nullfont!
Missing character: There is no t in font nullfont!
Missing character: There is no e in font nullfont!
Missing character: There is no d in font nullfont!
Missing character: There is no a in font nullfont!
Missing character: There is no s in font nullfont!
Missing character: There is no w in font nullfont!
Missing character: There is no h in font nullfont!
Missing character: There is no i in font nullfont!
Missing character: There is no c in font nullfont!
Missing character: There is no h in font nullfont!
Missing character: There is no s in font nullfont!
Missing character: There is no a in font nullfont!
Missing character: There is no t in font nullfont!
Missing character: There is no i in font nullfont!
Missing character: There is no s in font nullfont!
Missing character: There is no f in font nullfont!
Missing character: There is no i in font nullfont!
Missing character: There is no e in font nullfont!
Missing character: There is no s in font nullfont!
Missing character: There is no . in font nullfont!
Missing character: There is no F in font nullfont!
Missing character: There is no o in font nullfont!
Missing character: There is no r in font nullfont!
Missing character: There is no e in font nullfont!
Missing character: There is no x in font nullfont!
Missing character: There is no a in font nullfont!
Missing character: There is no m in font nullfont!
Missing character: There is no p in font nullfont!
Missing character: There is no l in font nullfont!
Missing character: There is no e in font nullfont!
Missing character: There is no , in font nullfont!
Missing character: There is no i in font nullfont!
Missing character: There is no n in font nullfont!
Missing character: There is no m in font nullfont!
Missing character: There is no o in font nullfont!
Missing character: There is no d in font nullfont!
Missing character: There is no u in font nullfont!
Missing character: There is no l in font nullfont!
Missing character: There is no o in font nullfont!
Missing character: There is no 1 in font nullfont!
Missing character: There is no 1 in font nullfont!
Missing character: There is no , in font nullfont!
Missing character: There is no , in font nullfont!
Missing character: There is no b in font nullfont!
Missing character: There is no e in font nullfont!
Missing character: There is no c in font nullfont!
Missing character: There is no a in font nullfont!
Missing character: There is no u in font nullfont!
Missing character: There is no s in font nullfont!
Missing character: There is no e in font nullfont!
Missing character: There is no . in font nullfont!

Overfull \hbox (43.35394pt too wide) in paragraph at lines 147--148
\OT1/cmr/bx/n/10 Additive
 []


Overfull \hbox (14.58325pt too wide) in paragraph at lines 147--148
\OT1/cmr/bx/n/10 In-
 []


Overfull \hbox (25.56377pt too wide) in paragraph at lines 147--148
\OT1/cmr/bx/n/10 verse
 []


Overfull \hbox (5.28589pt too wide) in paragraph at lines 147--148
\OML/cmm/m/it/10 a$
 []


Overfull \hbox (16.02203pt too wide) in paragraph at lines 147--148
\OML/cmm/m/it/10 a[]$
 []


Overfull \hbox (13.06369pt too wide) in paragraph at lines 147--148
\OML/cmm/m/it/10 a \OT1/cmr/m/n/10 +
 []


Overfull \hbox (26.57755pt too wide) in paragraph at lines 147--148
\OML/cmm/m/it/10 a[] \OMS/cmsy/m/n/10 ^^Q
 []


Overfull \hbox (26.94446pt too wide) in paragraph at lines 147--148
\OT1/cmr/m/n/10 0  []
 []


Overfull \hbox (4.8229pt too wide) in paragraph at lines 147--148
\OML/cmm/m/it/10 q$
 []


Overfull \hbox (26.29167pt too wide) in paragraph at lines 147--148
\OT1/cmr/m/n/10 3[] =
 []


Overfull \hbox (5.00002pt too wide) in paragraph at lines 147--148
\OT1/cmr/m/n/10 8$
 []


Overfull \hbox (12.77782pt too wide) in paragraph at lines 147--148
\OT1/cmr/m/n/10 3 +
 []


Overfull \hbox (15.55553pt too wide) in paragraph at lines 147--148
\OT1/cmr/m/n/10 8 \OMS/cmsy/m/n/10 ^^Q
 []


Overfull \hbox (26.94446pt too wide) in paragraph at lines 147--148
\OT1/cmr/m/n/10 0  []
 []


Overfull \hbox (10.00003pt too wide) in paragraph at lines 147--148
\OT1/cmr/m/n/10 11$ 
 []

Missing character: There is no o in font nullfont!
Missing character: There is no f in font nullfont!
Missing character: There is no i in font nullfont!
Missing character: There is no s in font nullfont!
Missing character: There is no d in font nullfont!
Missing character: There is no e in font nullfont!
Missing character: There is no n in font nullfont!
Missing character: There is no o in font nullfont!
Missing character: There is no t in font nullfont!
Missing character: There is no e in font nullfont!
Missing character: There is no d in font nullfont!
Missing character: There is no a in font nullfont!
Missing character: There is no s in font nullfont!
Missing character: There is no w in font nullfont!
Missing character: There is no h in font nullfont!
Missing character: There is no i in font nullfont!
Missing character: There is no c in font nullfont!
Missing character: There is no h in font nullfont!
Missing character: There is no s in font nullfont!
Missing character: There is no a in font nullfont!
Missing character: There is no t in font nullfont!
Missing character: There is no i in font nullfont!
Missing character: There is no s in font nullfont!
Missing character: There is no f in font nullfont!
Missing character: There is no i in font nullfont!
Missing character: There is no e in font nullfont!
Missing character: There is no s in font nullfont!
Missing character: There is no . in font nullfont!
Missing character: There is no S in font nullfont!
Missing character: There is no u in font nullfont!
Missing character: There is no c in font nullfont!
Missing character: There is no h in font nullfont!
Missing character: There is no a in font nullfont!
Missing character: There is no n in font nullfont!
Missing character: There is no i in font nullfont!
Missing character: There is no n in font nullfont!
Missing character: There is no v in font nullfont!
Missing character: There is no e in font nullfont!
Missing character: There is no r in font nullfont!
Missing character: There is no s in font nullfont!
Missing character: There is no e in font nullfont!
Missing character: There is no e in font nullfont!
Missing character: There is no x in font nullfont!
Missing character: There is no i in font nullfont!
Missing character: There is no s in font nullfont!
Missing character: There is no t in font nullfont!
Missing character: There is no s in font nullfont!
Missing character: There is no i in font nullfont!
Missing character: There is no f in font nullfont!
Missing character: There is no a in font nullfont!
Missing character: There is no n in font nullfont!
Missing character: There is no d in font nullfont!
Missing character: There is no o in font nullfont!
Missing character: There is no n in font nullfont!
Missing character: There is no l in font nullfont!
Missing character: There is no y in font nullfont!
Missing character: There is no i in font nullfont!
Missing character: There is no f in font nullfont!
Missing character: There is no . in font nullfont!
Missing character: There is no F in font nullfont!
Missing character: There is no o in font nullfont!
Missing character: There is no r in font nullfont!
Missing character: There is no e in font nullfont!
Missing character: There is no x in font nullfont!
Missing character: There is no a in font nullfont!
Missing character: There is no m in font nullfont!
Missing character: There is no p in font nullfont!
Missing character: There is no l in font nullfont!
Missing character: There is no e in font nullfont!
Missing character: There is no , in font nullfont!
Missing character: There is no m in font nullfont!
Missing character: There is no o in font nullfont!
Missing character: There is no d in font nullfont!
Missing character: There is no u in font nullfont!
Missing character: There is no l in font nullfont!
Missing character: There is no o in font nullfont!
Missing character: There is no 1 in font nullfont!
Missing character: There is no 1 in font nullfont!
Missing character: There is no , in font nullfont!
Missing character: There is no , in font nullfont!
Missing character: There is no b in font nullfont!
Missing character: There is no e in font nullfont!
Missing character: There is no c in font nullfont!
Missing character: There is no a in font nullfont!
Missing character: There is no u in font nullfont!
Missing character: There is no s in font nullfont!
Missing character: There is no e in font nullfont!
Missing character: There is no . in font nullfont!

Overfull \hbox (70.33295pt too wide) in paragraph at lines 149--150
\OT1/cmr/bx/n/10 Multiplicative
 []


Overfull \hbox (14.58325pt too wide) in paragraph at lines 149--150
\OT1/cmr/bx/n/10 In-
 []


Overfull \hbox (25.56377pt too wide) in paragraph at lines 149--150
\OT1/cmr/bx/n/10 verse
 []


Overfull \hbox (5.28589pt too wide) in paragraph at lines 149--150
\OML/cmm/m/it/10 a$
 []


Overfull \hbox (16.02203pt too wide) in paragraph at lines 149--150
\OML/cmm/m/it/10 a[]$
 []


Overfull \hbox (8.06367pt too wide) in paragraph at lines 149--150
\OML/cmm/m/it/10 a \OMS/cmsy/m/n/10 ^^A
 []


Overfull \hbox (26.57755pt too wide) in paragraph at lines 149--150
\OML/cmm/m/it/10 a[] \OMS/cmsy/m/n/10 ^^Q
 []


Overfull \hbox (26.94446pt too wide) in paragraph at lines 149--150
\OT1/cmr/m/n/10 1  []
 []


Overfull \hbox (4.8229pt too wide) in paragraph at lines 149--150
\OML/cmm/m/it/10 q$
 []


Overfull \hbox (47.88655pt too wide) in paragraph at lines 149--150
[]\OT1/cmr/m/n/10 (\OML/cmm/m/it/10 a; q\OT1/cmr/m/n/10 ) =
 []


Overfull \hbox (5.00002pt too wide) in paragraph at lines 149--150
\OT1/cmr/m/n/10 1$
 []


Overfull \hbox (26.29167pt too wide) in paragraph at lines 149--150
\OT1/cmr/m/n/10 3[] =
 []


Overfull \hbox (5.00002pt too wide) in paragraph at lines 149--150
\OT1/cmr/m/n/10 4$
 []


Overfull \hbox (7.7778pt too wide) in paragraph at lines 149--150
\OT1/cmr/m/n/10 3 \OMS/cmsy/m/n/10 ^^A
 []


Overfull \hbox (15.55553pt too wide) in paragraph at lines 149--150
\OT1/cmr/m/n/10 4 \OMS/cmsy/m/n/10 ^^Q
 []


Overfull \hbox (26.94446pt too wide) in paragraph at lines 149--150
\OT1/cmr/m/n/10 1  []
 []


Overfull \hbox (10.00003pt too wide) in paragraph at lines 149--150
[]$ 
 []


! LaTeX Error: \begin{document} ended by \end{tcolorbox}.

See the LaTeX manual or LaTeX Companion for explanation.
Type  H <return>  for immediate help.
 ...                                              
                                                  
l.153 \end{tcolorbox}
                     
? 
! Undefined control sequence.
l.155 \subsection
                 {Modulo Division}
? 
Missing character: There is no M in font nullfont!
Missing character: There is no o in font nullfont!
Missing character: There is no d in font nullfont!
Missing character: There is no u in font nullfont!
Missing character: There is no l in font nullfont!
Missing character: There is no o in font nullfont!
Missing character: There is no D in font nullfont!
Missing character: There is no i in font nullfont!
Missing character: There is no v in font nullfont!
Missing character: There is no i in font nullfont!
Missing character: There is no s in font nullfont!
Missing character: There is no i in font nullfont!
Missing character: There is no o in font nullfont!
Missing character: There is no n in font nullfont!

Overfull \hbox (20.0pt too wide) in paragraph at lines 155--157
[]
 []

Missing character: There is no I in font nullfont!
Missing character: There is no n in font nullfont!
Missing character: There is no m in font nullfont!
Missing character: There is no o in font nullfont!
Missing character: There is no d in font nullfont!
Missing character: There is no u in font nullfont!
Missing character: There is no l in font nullfont!
Missing character: There is no o in font nullfont!
Missing character: There is no a in font nullfont!
Missing character: There is no r in font nullfont!
Missing character: There is no i in font nullfont!
Missing character: There is no t in font nullfont!
Missing character: There is no h in font nullfont!
Missing character: There is no m in font nullfont!
Missing character: There is no e in font nullfont!
Missing character: There is no t in font nullfont!
Missing character: There is no i in font nullfont!
Missing character: There is no c in font nullfont!
Missing character: There is no , in font nullfont!
Missing character: There is no i in font nullfont!
Missing character: There is no s in font nullfont!
Missing character: There is no d in font nullfont!
Missing character: There is no i in font nullfont!
Missing character: There is no f in font nullfont!
Missing character: There is no f in font nullfont!
Missing character: There is no e in font nullfont!
Missing character: There is no r in font nullfont!
Missing character: There is no e in font nullfont!
Missing character: There is no n in font nullfont!
Missing character: There is no t in font nullfont!
Missing character: There is no f in font nullfont!
Missing character: There is no r in font nullfont!
Missing character: There is no o in font nullfont!
Missing character: There is no m in font nullfont!
Missing character: There is no r in font nullfont!
Missing character: There is no e in font nullfont!
Missing character: There is no g in font nullfont!
Missing character: There is no u in font nullfont!
Missing character: There is no l in font nullfont!
Missing character: There is no a in font nullfont!
Missing character: There is no r in font nullfont!
Missing character: There is no n in font nullfont!
Missing character: There is no u in font nullfont!
Missing character: There is no m in font nullfont!
Missing character: There is no e in font nullfont!
Missing character: There is no r in font nullfont!
Missing character: There is no i in font nullfont!
Missing character: There is no c in font nullfont!
Missing character: There is no d in font nullfont!
Missing character: There is no i in font nullfont!
Missing character: There is no v in font nullfont!
Missing character: There is no i in font nullfont!
Missing character: There is no s in font nullfont!
Missing character: There is no i in font nullfont!
Missing character: There is no o in font nullfont!
Missing character: There is no n in font nullfont!
Missing character: There is no . in font nullfont!
Missing character: There is no S in font nullfont!
Missing character: There is no t in font nullfont!
Missing character: There is no r in font nullfont!
Missing character: There is no i in font nullfont!
Missing character: There is no c in font nullfont!
Missing character: There is no t in font nullfont!
Missing character: There is no l in font nullfont!
Missing character: There is no y in font nullfont!
Missing character: There is no s in font nullfont!
Missing character: There is no p in font nullfont!
Missing character: There is no e in font nullfont!
Missing character: There is no a in font nullfont!
Missing character: There is no k in font nullfont!
Missing character: There is no i in font nullfont!
Missing character: There is no n in font nullfont!
Missing character: There is no g in font nullfont!
Missing character: There is no , in font nullfont!
Missing character: There is no t in font nullfont!
Missing character: There is no h in font nullfont!
Missing character: There is no e in font nullfont!
Missing character: There is no r in font nullfont!
Missing character: There is no e in font nullfont!
Missing character: There is no i in font nullfont!
Missing character: There is no s in font nullfont!
Missing character: There is no n in font nullfont!
Missing character: There is no o in font nullfont!
Missing character: There is no s in font nullfont!
Missing character: There is no e in font nullfont!
Missing character: There is no p in font nullfont!
Missing character: There is no a in font nullfont!
Missing character: There is no r in font nullfont!
Missing character: There is no a in font nullfont!
Missing character: There is no t in font nullfont!
Missing character: There is no e in font nullfont!
Missing character: There is no o in font nullfont!
Missing character: There is no p in font nullfont!
Missing character: There is no e in font nullfont!
Missing character: There is no r in font nullfont!
Missing character: There is no a in font nullfont!
Missing character: There is no t in font nullfont!
Missing character: There is no i in font nullfont!
Missing character: There is no o in font nullfont!
Missing character: There is no n in font nullfont!
Missing character: There is no c in font nullfont!
Missing character: There is no a in font nullfont!
Missing character: There is no l in font nullfont!
Missing character: There is no l in font nullfont!
Missing character: There is no e in font nullfont!
Missing character: There is no d in font nullfont!
Missing character: There is no m in font nullfont!
Missing character: There is no o in font nullfont!
Missing character: There is no d in font nullfont!
Missing character: There is no u in font nullfont!
Missing character: There is no l in font nullfont!
Missing character: There is no o in font nullfont!
Missing character: There is no d in font nullfont!
Missing character: There is no i in font nullfont!
Missing character: There is no v in font nullfont!
Missing character: There is no i in font nullfont!
Missing character: There is no s in font nullfont!
Missing character: There is no i in font nullfont!
Missing character: There is no o in font nullfont!
Missing character: There is no n in font nullfont!
Missing character: There is no , in font nullfont!
Missing character: There is no b in font nullfont!
Missing character: There is no e in font nullfont!
Missing character: There is no c in font nullfont!
Missing character: There is no a in font nullfont!
Missing character: There is no u in font nullfont!
Missing character: There is no s in font nullfont!
Missing character: There is no e in font nullfont!
Missing character: There is no t in font nullfont!
Missing character: There is no h in font nullfont!
Missing character: There is no e in font nullfont!
Missing character: There is no m in font nullfont!
Missing character: There is no o in font nullfont!
Missing character: There is no d in font nullfont!
Missing character: There is no u in font nullfont!
Missing character: There is no l in font nullfont!
Missing character: There is no o in font nullfont!
Missing character: There is no o in font nullfont!
Missing character: There is no p in font nullfont!
Missing character: There is no e in font nullfont!
Missing character: There is no r in font nullfont!
Missing character: There is no a in font nullfont!
Missing character: There is no t in font nullfont!
Missing character: There is no i in font nullfont!
Missing character: There is no o in font nullfont!
Missing character: There is no n in font nullfont!
Missing character: There is no a in font nullfont!
Missing character: There is no l in font nullfont!
Missing character: There is no r in font nullfont!
Missing character: There is no e in font nullfont!
Missing character: There is no a in font nullfont!
Missing character: There is no d in font nullfont!
Missing character: There is no y in font nullfont!
Missing character: There is no r in font nullfont!
Missing character: There is no e in font nullfont!
Missing character: There is no t in font nullfont!
Missing character: There is no u in font nullfont!
Missing character: There is no r in font nullfont!
Missing character: There is no n in font nullfont!
Missing character: There is no s in font nullfont!
Missing character: There is no o in font nullfont!
Missing character: There is no n in font nullfont!
Missing character: There is no l in font nullfont!
Missing character: There is no y in font nullfont!
Missing character: There is no t in font nullfont!
Missing character: There is no h in font nullfont!
Missing character: There is no e in font nullfont!
Missing character: There is no r in font nullfont!
Missing character: There is no e in font nullfont!
Missing character: There is no m in font nullfont!
Missing character: There is no a in font nullfont!
Missing character: There is no i in font nullfont!
Missing character: There is no n in font nullfont!
Missing character: There is no d in font nullfont!
Missing character: There is no e in font nullfont!
Missing character: There is no r in font nullfont!
Missing character: There is no o in font nullfont!
Missing character: There is no f in font nullfont!
Missing character: There is no a in font nullfont!
Missing character: There is no d in font nullfont!
Missing character: There is no i in font nullfont!
Missing character: There is no v in font nullfont!
Missing character: There is no i in font nullfont!
Missing character: There is no s in font nullfont!
Missing character: There is no i in font nullfont!
Missing character: There is no o in font nullfont!
Missing character: There is no n in font nullfont!
Missing character: There is no . in font nullfont!
Missing character: There is no I in font nullfont!
Missing character: There is no n in font nullfont!
Missing character: There is no p in font nullfont!
Missing character: There is no r in font nullfont!
Missing character: There is no a in font nullfont!
Missing character: There is no c in font nullfont!
Missing character: There is no t in font nullfont!
Missing character: There is no i in font nullfont!
Missing character: There is no c in font nullfont!
Missing character: There is no e in font nullfont!
Missing character: There is no , in font nullfont!
Missing character: There is no o in font nullfont!
Missing character: There is no n in font nullfont!
Missing character: There is no e in font nullfont!
Missing character: There is no u in font nullfont!
Missing character: There is no s in font nullfont!
Missing character: There is no e in font nullfont!
Missing character: There is no s in font nullfont!
Missing character: There is no m in font nullfont!
Missing character: There is no o in font nullfont!
Missing character: There is no d in font nullfont!
Missing character: There is no u in font nullfont!
Missing character: There is no l in font nullfont!
Missing character: There is no o in font nullfont!
Missing character: There is no d in font nullfont!
Missing character: There is no i in font nullfont!
Missing character: There is no v in font nullfont!
Missing character: There is no i in font nullfont!
Missing character: There is no s in font nullfont!
Missing character: There is no i in font nullfont!
Missing character: There is no o in font nullfont!
Missing character: There is no n in font nullfont!
Missing character: There is no t in font nullfont!
Missing character: There is no o in font nullfont!
Missing character: There is no m in font nullfont!
Missing character: There is no e in font nullfont!
Missing character: There is no a in font nullfont!
Missing character: There is no n in font nullfont!
Missing character: There is no m in font nullfont!
Missing character: There is no u in font nullfont!
Missing character: There is no l in font nullfont!
Missing character: There is no t in font nullfont!
Missing character: There is no i in font nullfont!
Missing character: There is no p in font nullfont!
Missing character: There is no l in font nullfont!
Missing character: There is no y in font nullfont!
Missing character: There is no i in font nullfont!
Missing character: There is no n in font nullfont!
Missing character: There is no g in font nullfont!
Missing character: There is no b in font nullfont!
Missing character: There is no y in font nullfont!
Missing character: There is no a in font nullfont!
Missing character: There is no m in font nullfont!
Missing character: There is no o in font nullfont!
Missing character: There is no d in font nullfont!
Missing character: There is no u in font nullfont!
Missing character: There is no l in font nullfont!
Missing character: There is no a in font nullfont!
Missing character: There is no r in font nullfont!
Missing character: There is no i in font nullfont!
Missing character: There is no n in font nullfont!
Missing character: There is no v in font nullfont!
Missing character: There is no e in font nullfont!
Missing character: There is no r in font nullfont!
Missing character: There is no s in font nullfont!
Missing character: There is no e in font nullfont!
Missing character: There is no w in font nullfont!
Missing character: There is no h in font nullfont!
Missing character: There is no e in font nullfont!
Missing character: There is no n in font nullfont!
Missing character: There is no i in font nullfont!
Missing character: There is no t in font nullfont!
Missing character: There is no e in font nullfont!
Missing character: There is no x in font nullfont!
Missing character: There is no i in font nullfont!
Missing character: There is no s in font nullfont!
Missing character: There is no t in font nullfont!
Missing character: There is no s in font nullfont!
Missing character: There is no , in font nullfont!
Missing character: There is no i in font nullfont!
Missing character: There is no . in font nullfont!
Missing character: There is no e in font nullfont!
Missing character: There is no . in font nullfont!
Missing character: There is no , in font nullfont!
Missing character: There is no w in font nullfont!
Missing character: There is no h in font nullfont!
Missing character: There is no e in font nullfont!
Missing character: There is no n in font nullfont!
Missing character: There is no . in font nullfont!
Missing character: There is no o in font nullfont!
Missing character: There is no f in font nullfont!
Missing character: There is no b in font nullfont!
Missing character: There is no y in font nullfont!
Missing character: There is no m in font nullfont!
Missing character: There is no o in font nullfont!
Missing character: There is no d in font nullfont!
Missing character: There is no u in font nullfont!
Missing character: There is no l in font nullfont!
Missing character: There is no o in font nullfont!
Missing character: There is no i in font nullfont!
Missing character: There is no s in font nullfont!
Missing character: There is no e in font nullfont!
Missing character: There is no q in font nullfont!
Missing character: There is no u in font nullfont!
Missing character: There is no i in font nullfont!
Missing character: There is no v in font nullfont!
Missing character: There is no a in font nullfont!
Missing character: There is no l in font nullfont!
Missing character: There is no e in font nullfont!
Missing character: There is no n in font nullfont!
Missing character: There is no t in font nullfont!
Missing character: There is no t in font nullfont!
Missing character: There is no o in font nullfont!
Missing character: There is no c in font nullfont!
Missing character: There is no o in font nullfont!
Missing character: There is no m in font nullfont!
Missing character: There is no p in font nullfont!
Missing character: There is no u in font nullfont!
Missing character: There is no t in font nullfont!
Missing character: There is no i in font nullfont!
Missing character: There is no n in font nullfont!
Missing character: There is no g in font nullfont!
Missing character: There is no t in font nullfont!
Missing character: There is no h in font nullfont!
Missing character: There is no e in font nullfont!
Missing character: There is no m in font nullfont!
Missing character: There is no u in font nullfont!
Missing character: There is no l in font nullfont!
Missing character: There is no t in font nullfont!
Missing character: There is no i in font nullfont!
Missing character: There is no p in font nullfont!
Missing character: There is no l in font nullfont!
Missing character: There is no i in font nullfont!
Missing character: There is no c in font nullfont!
Missing character: There is no a in font nullfont!
Missing character: There is no t in font nullfont!
Missing character: There is no i in font nullfont!
Missing character: There is no o in font nullfont!
Missing character: There is no n in font nullfont!
Missing character: There is no . in font nullfont!
Missing character: There is no T in font nullfont!
Missing character: There is no h in font nullfont!
Missing character: There is no e in font nullfont!
Missing character: There is no r in font nullfont!
Missing character: There is no e in font nullfont!
Missing character: There is no s in font nullfont!
Missing character: There is no u in font nullfont!
Missing character: There is no l in font nullfont!
Missing character: There is no t in font nullfont!
Missing character: There is no o in font nullfont!
Missing character: There is no f in font nullfont!
Missing character: There is no i in font nullfont!
Missing character: There is no s in font nullfont!
Missing character: There is no d in font nullfont!
Missing character: There is no i in font nullfont!
Missing character: There is no f in font nullfont!
Missing character: There is no f in font nullfont!
Missing character: There is no e in font nullfont!
Missing character: There is no r in font nullfont!
Missing character: There is no e in font nullfont!
Missing character: There is no n in font nullfont!
Missing character: There is no t in font nullfont!
Missing character: There is no f in font nullfont!
Missing character: There is no r in font nullfont!
Missing character: There is no o in font nullfont!
Missing character: There is no m in font nullfont!
Missing character: There is no t in font nullfont!
Missing character: There is no h in font nullfont!
Missing character: There is no a in font nullfont!
Missing character: There is no t in font nullfont!
Missing character: There is no o in font nullfont!
Missing character: There is no f in font nullfont!
Missing character: There is no n in font nullfont!
Missing character: There is no u in font nullfont!
Missing character: There is no m in font nullfont!
Missing character: There is no e in font nullfont!
Missing character: There is no r in font nullfont!
Missing character: There is no i in font nullfont!
Missing character: There is no c in font nullfont!
Missing character: There is no d in font nullfont!
Missing character: There is no i in font nullfont!
Missing character: There is no v in font nullfont!
Missing character: There is no i in font nullfont!
Missing character: There is no s in font nullfont!
Missing character: There is no i in font nullfont!
Missing character: There is no o in font nullfont!
Missing character: There is no n in font nullfont!
Missing character: There is no b in font nullfont!
Missing character: There is no e in font nullfont!
Missing character: There is no c in font nullfont!
Missing character: There is no a in font nullfont!
Missing character: There is no u in font nullfont!
Missing character: There is no s in font nullfont!
Missing character: There is no e in font nullfont!
Missing character: There is no a in font nullfont!
Missing character: There is no l in font nullfont!
Missing character: There is no w in font nullfont!
Missing character: There is no a in font nullfont!
Missing character: There is no y in font nullfont!
Missing character: There is no s in font nullfont!
Missing character: There is no g in font nullfont!
Missing character: There is no i in font nullfont!
Missing character: There is no v in font nullfont!
Missing character: There is no e in font nullfont!
Missing character: There is no s in font nullfont!
Missing character: There is no a in font nullfont!
Missing character: There is no n in font nullfont!
Missing character: There is no i in font nullfont!
Missing character: There is no n in font nullfont!
Missing character: There is no t in font nullfont!
Missing character: There is no e in font nullfont!
Missing character: There is no g in font nullfont!
Missing character: There is no e in font nullfont!
Missing character: There is no r in font nullfont!
Missing character: There is no ( in font nullfont!
Missing character: There is no a in font nullfont!
Missing character: There is no r in font nullfont!
Missing character: There is no e in font nullfont!
Missing character: There is no s in font nullfont!
Missing character: There is no i in font nullfont!
Missing character: There is no d in font nullfont!
Missing character: There is no u in font nullfont!
Missing character: There is no e in font nullfont!
Missing character: There is no m in font nullfont!
Missing character: There is no o in font nullfont!
Missing character: There is no d in font nullfont!
Missing character: There is no u in font nullfont!
Missing character: There is no l in font nullfont!
Missing character: There is no o in font nullfont!
Missing character: There is no ) in font nullfont!
Missing character: There is no ( in font nullfont!
Missing character: There is no a in font nullfont!
Missing character: There is no s in font nullfont!
Missing character: There is no i in font nullfont!
Missing character: There is no t in font nullfont!
Missing character: There is no m in font nullfont!
Missing character: There is no u in font nullfont!
Missing character: There is no l in font nullfont!
Missing character: There is no t in font nullfont!
Missing character: There is no i in font nullfont!
Missing character: There is no p in font nullfont!
Missing character: There is no l in font nullfont!
Missing character: There is no i in font nullfont!
Missing character: There is no e in font nullfont!
Missing character: There is no s in font nullfont!
Missing character: There is no t in font nullfont!
Missing character: There is no w in font nullfont!
Missing character: There is no o in font nullfont!
Missing character: There is no i in font nullfont!
Missing character: There is no n in font nullfont!
Missing character: There is no t in font nullfont!
Missing character: There is no e in font nullfont!
Missing character: There is no g in font nullfont!
Missing character: There is no e in font nullfont!
Missing character: There is no r in font nullfont!
Missing character: There is no s in font nullfont!
Missing character: There is no m in font nullfont!
Missing character: There is no o in font nullfont!
Missing character: There is no d in font nullfont!
Missing character: There is no u in font nullfont!
Missing character: There is no l in font nullfont!
Missing character: There is no o in font nullfont!
Missing character: There is no ) in font nullfont!
Missing character: There is no , in font nullfont!
Missing character: There is no w in font nullfont!
Missing character: There is no h in font nullfont!
Missing character: There is no e in font nullfont!
Missing character: There is no r in font nullfont!
Missing character: There is no e in font nullfont!
Missing character: There is no a in font nullfont!
Missing character: There is no s in font nullfont!
Missing character: There is no n in font nullfont!
Missing character: There is no u in font nullfont!
Missing character: There is no m in font nullfont!
Missing character: There is no e in font nullfont!
Missing character: There is no r in font nullfont!
Missing character: There is no i in font nullfont!
Missing character: There is no c in font nullfont!
Missing character: There is no d in font nullfont!
Missing character: There is no i in font nullfont!
Missing character: There is no v in font nullfont!
Missing character: There is no i in font nullfont!
Missing character: There is no s in font nullfont!
Missing character: There is no i in font nullfont!
Missing character: There is no o in font nullfont!
Missing character: There is no n in font nullfont!
Missing character: There is no g in font nullfont!
Missing character: There is no i in font nullfont!
Missing character: There is no v in font nullfont!
Missing character: There is no e in font nullfont!
Missing character: There is no s in font nullfont!
Missing character: There is no a in font nullfont!
Missing character: There is no r in font nullfont!
Missing character: There is no e in font nullfont!
Missing character: There is no a in font nullfont!
Missing character: There is no l in font nullfont!
Missing character: There is no n in font nullfont!
Missing character: There is no u in font nullfont!
Missing character: There is no m in font nullfont!
Missing character: There is no b in font nullfont!
Missing character: There is no e in font nullfont!
Missing character: There is no r in font nullfont!
Missing character: There is no . in font nullfont!
Missing character: There is no T in font nullfont!
Missing character: There is no h in font nullfont!
Missing character: There is no e in font nullfont!
Missing character: There is no i in font nullfont!
Missing character: There is no n in font nullfont!
Missing character: There is no v in font nullfont!
Missing character: There is no e in font nullfont!
Missing character: There is no r in font nullfont!
Missing character: There is no s in font nullfont!
Missing character: There is no e in font nullfont!
Missing character: There is no o in font nullfont!
Missing character: There is no f in font nullfont!
Missing character: There is no a in font nullfont!
Missing character: There is no n in font nullfont!
Missing character: There is no i in font nullfont!
Missing character: There is no n in font nullfont!
Missing character: There is no t in font nullfont!
Missing character: There is no e in font nullfont!
Missing character: There is no g in font nullfont!
Missing character: There is no e in font nullfont!
Missing character: There is no r in font nullfont!
Missing character: There is no m in font nullfont!
Missing character: There is no o in font nullfont!
Missing character: There is no d in font nullfont!
Missing character: There is no u in font nullfont!
Missing character: There is no l in font nullfont!
Missing character: There is no o in font nullfont!
Missing character: There is no c in font nullfont!
Missing character: There is no a in font nullfont!
Missing character: There is no n in font nullfont!
Missing character: There is no b in font nullfont!
Missing character: There is no e in font nullfont!
Missing character: There is no c in font nullfont!
Missing character: There is no o in font nullfont!
Missing character: There is no m in font nullfont!
Missing character: There is no p in font nullfont!
Missing character: There is no u in font nullfont!
Missing character: There is no t in font nullfont!
Missing character: There is no e in font nullfont!
Missing character: There is no d in font nullfont!
Missing character: There is no u in font nullfont!
Missing character: There is no s in font nullfont!
Missing character: There is no i in font nullfont!
Missing character: There is no n in font nullfont!
Missing character: There is no g in font nullfont!
Missing character: There is no t in font nullfont!
Missing character: There is no h in font nullfont!
Missing character: There is no e in font nullfont!
Missing character: There is no e in font nullfont!
Missing character: There is no x in font nullfont!
Missing character: There is no t in font nullfont!
Missing character: There is no e in font nullfont!
Missing character: There is no n in font nullfont!
Missing character: There is no d in font nullfont!
Missing character: There is no e in font nullfont!
Missing character: There is no d in font nullfont!
Missing character: There is no E in font nullfont!
Missing character: There is no u in font nullfont!
Missing character: There is no c in font nullfont!
Missing character: There is no l in font nullfont!
Missing character: There is no i in font nullfont!
Missing character: There is no d in font nullfont!
Missing character: There is no e in font nullfont!
Missing character: There is no a in font nullfont!
Missing character: There is no n in font nullfont!
Missing character: There is no a in font nullfont!
Missing character: There is no l in font nullfont!
Missing character: There is no g in font nullfont!
Missing character: There is no o in font nullfont!
Missing character: There is no r in font nullfont!
Missing character: There is no i in font nullfont!
Missing character: There is no t in font nullfont!
Missing character: There is no h in font nullfont!
Missing character: There is no m in font nullfont!
Missing character: There is no ( in font nullfont!
! Undefined control sequence.
l.158 ...g the extended Euclidean algorithm (\href
                                                  {https://www.youtube.com/w...

? 
Missing character: There is no h in font nullfont!
Missing character: There is no t in font nullfont!
Missing character: There is no t in font nullfont!
Missing character: There is no p in font nullfont!
Missing character: There is no s in font nullfont!
Missing character: There is no : in font nullfont!
Missing character: There is no / in font nullfont!
Missing character: There is no / in font nullfont!
Missing character: There is no w in font nullfont!
Missing character: There is no w in font nullfont!
Missing character: There is no w in font nullfont!
Missing character: There is no . in font nullfont!
Missing character: There is no y in font nullfont!
Missing character: There is no o in font nullfont!
Missing character: There is no u in font nullfont!
Missing character: There is no t in font nullfont!
Missing character: There is no u in font nullfont!
Missing character: There is no b in font nullfont!
Missing character: There is no e in font nullfont!
Missing character: There is no . in font nullfont!
Missing character: There is no c in font nullfont!
Missing character: There is no o in font nullfont!
Missing character: There is no m in font nullfont!
Missing character: There is no / in font nullfont!
Missing character: There is no w in font nullfont!
Missing character: There is no a in font nullfont!
Missing character: There is no t in font nullfont!
Missing character: There is no c in font nullfont!
Missing character: There is no h in font nullfont!
Missing character: There is no ? in font nullfont!
Missing character: There is no v in font nullfont!
Missing character: There is no = in font nullfont!
Missing character: There is no f in font nullfont!
Missing character: There is no z in font nullfont!
Missing character: There is no 1 in font nullfont!
Missing character: There is no v in font nullfont!
Missing character: There is no x in font nullfont!
Missing character: There is no q in font nullfont!
Missing character: There is no 5 in font nullfont!
Missing character: There is no t in font nullfont!
Missing character: There is no s in font nullfont!
Missing character: There is no 5 in font nullfont!
Missing character: There is no I in font nullfont!
Missing character: There is no Y in font nullfont!
Missing character: There is no o in font nullfont!
Missing character: There is no u in font nullfont!
Missing character: There is no T in font nullfont!
Missing character: There is no u in font nullfont!
Missing character: There is no b in font nullfont!
Missing character: There is no e in font nullfont!
Missing character: There is no t in font nullfont!
Missing character: There is no u in font nullfont!
Missing character: There is no t in font nullfont!
Missing character: There is no o in font nullfont!
Missing character: There is no r in font nullfont!
Missing character: There is no i in font nullfont!
Missing character: There is no a in font nullfont!
Missing character: There is no l in font nullfont!
Missing character: There is no ) in font nullfont!
Missing character: There is no . in font nullfont!

Overfull \hbox (20.0pt too wide) in paragraph at lines 158--159
[]
 []


Overfull \hbox (21.46652pt too wide) in paragraph at lines 158--159
\OT1/cmr/m/it/10 mod-
 []


Overfull \hbox (13.03326pt too wide) in paragraph at lines 158--159
\OT1/cmr/m/it/10 ulo
 []


Overfull \hbox (11.75548pt too wide) in paragraph at lines 158--159
\OT1/cmr/m/it/10 di-
 []


Overfull \hbox (11.24435pt too wide) in paragraph at lines 158--159
\OT1/cmr/m/it/10 vi-
 []


Overfull \hbox (17.8888pt too wide) in paragraph at lines 158--159
\OT1/cmr/m/it/10 sion
 []


Overfull \hbox (5.00002pt too wide) in paragraph at lines 158--159
\OT1/cmr/m/n/10 \
 []


Overfull \hbox (5.00002pt too wide) in paragraph at lines 158--159
\OT1/cmr/m/n/10 "
 []


Overfull \hbox (5.00002pt too wide) in paragraph at lines 158--159
\OT1/cmr/m/n/10 \
 []


Overfull \hbox (5.00002pt too wide) in paragraph at lines 158--159
\OT1/cmr/m/n/10 "
 []


Overfull \hbox (47.88655pt too wide) in paragraph at lines 158--159
[]\OT1/cmr/m/n/10 (\OML/cmm/m/it/10 a; q\OT1/cmr/m/n/10 ) =
 []


Overfull \hbox (5.00002pt too wide) in paragraph at lines 158--159
\OT1/cmr/m/n/10 1$
 []


Overfull \hbox (22.2554pt too wide) in paragraph at lines 158--159
\OT1/cmr/m/it/10 Mod-
 []


Overfull \hbox (13.03326pt too wide) in paragraph at lines 158--159
\OT1/cmr/m/it/10 ulo
 []


Overfull \hbox (11.75548pt too wide) in paragraph at lines 158--159
\OT1/cmr/m/it/10 di-
 []


Overfull \hbox (11.24435pt too wide) in paragraph at lines 158--159
\OT1/cmr/m/it/10 vi-
 []


Overfull \hbox (17.8888pt too wide) in paragraph at lines 158--159
\OT1/cmr/m/it/10 sion
 []


Overfull \hbox (4.29166pt too wide) in paragraph at lines 158--159
\OML/cmm/m/it/10 b$
 []


Overfull \hbox (5.28589pt too wide) in paragraph at lines 158--159
\OML/cmm/m/it/10 a$
 []


Overfull \hbox (4.8229pt too wide) in paragraph at lines 158--159
\OML/cmm/m/it/10 q$
 []


Overfull \hbox (21.46652pt too wide) in paragraph at lines 158--159
\OT1/cmr/m/it/10 mod-
 []


Overfull \hbox (8.94438pt too wide) in paragraph at lines 158--159
\OT1/cmr/m/it/10 u-
 []


Overfull \hbox (11.88326pt too wide) in paragraph at lines 158--159
\OT1/cmr/m/it/10 lar
 []


Overfull \hbox (7.06944pt too wide) in paragraph at lines 158--159
\OML/cmm/m/it/10 b \OMS/cmsy/m/n/10 ^^A
 []


Overfull \hbox (37.96648pt too wide) in paragraph at lines 158--159
\OML/cmm/m/it/10 a[]  []
 []


Overfull \hbox (4.8229pt too wide) in paragraph at lines 158--159
\OML/cmm/m/it/10 q$
 []


Overfull \hbox (21.46652pt too wide) in paragraph at lines 158--159
\OT1/cmr/m/it/10 mod-
 []


Overfull \hbox (13.03326pt too wide) in paragraph at lines 158--159
\OT1/cmr/m/it/10 ulo
 []


Overfull \hbox (11.75548pt too wide) in paragraph at lines 158--159
\OT1/cmr/m/it/10 di-
 []


Overfull \hbox (11.24435pt too wide) in paragraph at lines 158--159
\OT1/cmr/m/it/10 vi-
 []


Overfull \hbox (17.8888pt too wide) in paragraph at lines 158--159
\OT1/cmr/m/it/10 sion
 []


Overfull \hbox (21.46652pt too wide) in paragraph at lines 158--159
\OT1/cmr/m/it/10 mod-
 []


Overfull \hbox (13.03326pt too wide) in paragraph at lines 158--159
\OT1/cmr/m/it/10 ulo
 []


Overfull \hbox (11.75548pt too wide) in paragraph at lines 158--159
\OT1/cmr/m/it/10 di-
 []


Overfull \hbox (11.24435pt too wide) in paragraph at lines 158--159
\OT1/cmr/m/it/10 vi-
 []


Overfull \hbox (17.8888pt too wide) in paragraph at lines 158--159
\OT1/cmr/m/it/10 sion
 []


Overfull \hbox (4.8229pt too wide) in paragraph at lines 158--159
\OML/cmm/m/it/10 q$
 []


Overfull \hbox (4.8229pt too wide) in paragraph at lines 158--159
\OML/cmm/m/it/10 q$
 []


Overfull \hbox (4.8229pt too wide) in paragraph at lines 158--159
\OML/cmm/m/it/10 q$
 []

! Undefined control sequence.
l.160 \subsection
                 {Centered Residue Representation}
? 
Missing character: There is no C in font nullfont!
Missing character: There is no e in font nullfont!
Missing character: There is no n in font nullfont!
Missing character: There is no t in font nullfont!
Missing character: There is no e in font nullfont!
Missing character: There is no r in font nullfont!
Missing character: There is no e in font nullfont!
Missing character: There is no d in font nullfont!
Missing character: There is no R in font nullfont!
Missing character: There is no e in font nullfont!
Missing character: There is no s in font nullfont!
Missing character: There is no i in font nullfont!
Missing character: There is no d in font nullfont!
Missing character: There is no u in font nullfont!
Missing character: There is no e in font nullfont!
Missing character: There is no R in font nullfont!
Missing character: There is no e in font nullfont!
Missing character: There is no p in font nullfont!
Missing character: There is no r in font nullfont!
Missing character: There is no e in font nullfont!
Missing character: There is no s in font nullfont!
Missing character: There is no e in font nullfont!
Missing character: There is no n in font nullfont!
Missing character: There is no t in font nullfont!
Missing character: There is no a in font nullfont!
Missing character: There is no t in font nullfont!
Missing character: There is no i in font nullfont!
Missing character: There is no o in font nullfont!
Missing character: There is no n in font nullfont!

Overfull \hbox (20.0pt too wide) in paragraph at lines 160--162
[]
 []

Missing character: There is no T in font nullfont!
Missing character: There is no h in font nullfont!
Missing character: There is no r in font nullfont!
Missing character: There is no o in font nullfont!
Missing character: There is no u in font nullfont!
Missing character: There is no g in font nullfont!
Missing character: There is no h in font nullfont!
Missing character: There is no o in font nullfont!
Missing character: There is no u in font nullfont!
Missing character: There is no t in font nullfont!
Missing character: There is no t in font nullfont!
Missing character: There is no h in font nullfont!
Missing character: There is no i in font nullfont!
Missing character: There is no s in font nullfont!
Missing character: There is no s in font nullfont!
Missing character: There is no e in font nullfont!
Missing character: There is no c in font nullfont!
Missing character: There is no t in font nullfont!
Missing character: There is no i in font nullfont!
Missing character: There is no o in font nullfont!
Missing character: There is no n in font nullfont!
Missing character: There is no , in font nullfont!
Missing character: There is no w in font nullfont!
Missing character: There is no e in font nullfont!
Missing character: There is no h in font nullfont!
Missing character: There is no a in font nullfont!
Missing character: There is no v in font nullfont!
Missing character: There is no e in font nullfont!
Missing character: There is no a in font nullfont!
Missing character: There is no s in font nullfont!
Missing character: There is no s in font nullfont!
Missing character: There is no u in font nullfont!
Missing character: There is no m in font nullfont!
Missing character: There is no e in font nullfont!
Missing character: There is no d in font nullfont!
Missing character: There is no t in font nullfont!
Missing character: There is no h in font nullfont!
Missing character: There is no a in font nullfont!
Missing character: There is no t in font nullfont!
Missing character: There is no t in font nullfont!
Missing character: There is no h in font nullfont!
Missing character: There is no e in font nullfont!
Missing character: There is no r in font nullfont!
Missing character: There is no e in font nullfont!
Missing character: There is no s in font nullfont!
Missing character: There is no i in font nullfont!
Missing character: There is no d in font nullfont!
Missing character: There is no u in font nullfont!
Missing character: There is no e in font nullfont!
Missing character: There is no s in font nullfont!
Missing character: There is no a in font nullfont!
Missing character: There is no r in font nullfont!
Missing character: There is no e in font nullfont!
Missing character: There is no p in font nullfont!
Missing character: There is no o in font nullfont!
Missing character: There is no s in font nullfont!
Missing character: There is no i in font nullfont!
Missing character: There is no t in font nullfont!
Missing character: There is no i in font nullfont!
Missing character: There is no v in font nullfont!
Missing character: There is no e in font nullfont!
Missing character: There is no i in font nullfont!
Missing character: There is no n in font nullfont!
Missing character: There is no t in font nullfont!
Missing character: There is no e in font nullfont!
Missing character: There is no g in font nullfont!
Missing character: There is no e in font nullfont!
Missing character: There is no r in font nullfont!
Missing character: There is no s in font nullfont!
Missing character: There is no . in font nullfont!
Missing character: There is no F in font nullfont!
Missing character: There is no o in font nullfont!
Missing character: There is no r in font nullfont!
Missing character: There is no e in font nullfont!
Missing character: There is no x in font nullfont!
Missing character: There is no a in font nullfont!
Missing character: There is no m in font nullfont!
Missing character: There is no p in font nullfont!
Missing character: There is no l in font nullfont!
Missing character: There is no e in font nullfont!
Missing character: There is no , in font nullfont!
Missing character: There is no t in font nullfont!
Missing character: There is no h in font nullfont!
Missing character: There is no e in font nullfont!
Missing character: There is no p in font nullfont!
Missing character: There is no o in font nullfont!
Missing character: There is no s in font nullfont!
Missing character: There is no s in font nullfont!
Missing character: There is no i in font nullfont!
Missing character: There is no b in font nullfont!
Missing character: There is no l in font nullfont!
Missing character: There is no e in font nullfont!
Missing character: There is no r in font nullfont!
Missing character: There is no e in font nullfont!
Missing character: There is no s in font nullfont!
Missing character: There is no i in font nullfont!
Missing character: There is no d in font nullfont!
Missing character: There is no u in font nullfont!
Missing character: There is no e in font nullfont!
Missing character: There is no s in font nullfont!
Missing character: There is no m in font nullfont!
Missing character: There is no o in font nullfont!
Missing character: There is no d in font nullfont!
Missing character: There is no u in font nullfont!
Missing character: There is no l in font nullfont!
Missing character: There is no o in font nullfont!
Missing character: There is no a in font nullfont!
Missing character: There is no r in font nullfont!
Missing character: There is no e in font nullfont!
Missing character: There is no a in font nullfont!
Missing character: There is no s in font nullfont!
Missing character: There is no s in font nullfont!
Missing character: There is no u in font nullfont!
Missing character: There is no m in font nullfont!
Missing character: There is no e in font nullfont!
Missing character: There is no d in font nullfont!
Missing character: There is no t in font nullfont!
Missing character: There is no o in font nullfont!
Missing character: There is no b in font nullfont!
Missing character: There is no e in font nullfont!
Missing character: There is no . in font nullfont!
Missing character: There is no T in font nullfont!
Missing character: There is no h in font nullfont!
Missing character: There is no i in font nullfont!
Missing character: There is no s in font nullfont!
Missing character: There is no s in font nullfont!
Missing character: There is no y in font nullfont!
Missing character: There is no s in font nullfont!
Missing character: There is no t in font nullfont!
Missing character: There is no e in font nullfont!
Missing character: There is no m in font nullfont!
Missing character: There is no i in font nullfont!
Missing character: There is no s in font nullfont!
Missing character: There is no c in font nullfont!
Missing character: There is no a in font nullfont!
Missing character: There is no l in font nullfont!
Missing character: There is no l in font nullfont!
Missing character: There is no e in font nullfont!
Missing character: There is no d in font nullfont!
Missing character: There is no t in font nullfont!
Missing character: There is no h in font nullfont!
Missing character: There is no e in font nullfont!
Missing character: There is no c in font nullfont!
Missing character: There is no a in font nullfont!
Missing character: There is no n in font nullfont!
Missing character: There is no o in font nullfont!
Missing character: There is no n in font nullfont!
Missing character: There is no i in font nullfont!
Missing character: There is no c in font nullfont!
Missing character: There is no a in font nullfont!
Missing character: There is no l in font nullfont!
Missing character: There is no ( in font nullfont!
Missing character: There is no i in font nullfont!
Missing character: There is no . in font nullfont!
Missing character: There is no e in font nullfont!
Missing character: There is no . in font nullfont!
Missing character: There is no , in font nullfont!
Missing character: There is no u in font nullfont!
Missing character: There is no n in font nullfont!
Missing character: There is no s in font nullfont!
Missing character: There is no i in font nullfont!
Missing character: There is no g in font nullfont!
Missing character: There is no n in font nullfont!
Missing character: There is no e in font nullfont!
Missing character: There is no d in font nullfont!
Missing character: There is no ) in font nullfont!
Missing character: There is no r in font nullfont!
Missing character: There is no e in font nullfont!
Missing character: There is no s in font nullfont!
Missing character: There is no i in font nullfont!
Missing character: There is no d in font nullfont!
Missing character: There is no u in font nullfont!
Missing character: There is no e in font nullfont!
Missing character: There is no r in font nullfont!
Missing character: There is no e in font nullfont!
Missing character: There is no p in font nullfont!
Missing character: There is no r in font nullfont!
Missing character: There is no e in font nullfont!
Missing character: There is no s in font nullfont!
Missing character: There is no e in font nullfont!
Missing character: There is no n in font nullfont!
Missing character: There is no t in font nullfont!
Missing character: There is no a in font nullfont!
Missing character: There is no t in font nullfont!
Missing character: There is no i in font nullfont!
Missing character: There is no o in font nullfont!
Missing character: There is no n in font nullfont!
Missing character: There is no . in font nullfont!
Missing character: There is no O in font nullfont!
Missing character: There is no n in font nullfont!
Missing character: There is no t in font nullfont!
Missing character: There is no h in font nullfont!
Missing character: There is no e in font nullfont!
Missing character: There is no o in font nullfont!
Missing character: There is no t in font nullfont!
Missing character: There is no h in font nullfont!
Missing character: There is no e in font nullfont!
Missing character: There is no r in font nullfont!
Missing character: There is no h in font nullfont!
Missing character: There is no a in font nullfont!
Missing character: There is no n in font nullfont!
Missing character: There is no d in font nullfont!
Missing character: There is no , in font nullfont!
Missing character: There is no t in font nullfont!
Missing character: There is no h in font nullfont!
Missing character: There is no e in font nullfont!
Missing character: There is no r in font nullfont!
Missing character: There is no e in font nullfont!
Missing character: There is no i in font nullfont!
Missing character: There is no s in font nullfont!
Missing character: There is no a in font nullfont!
Missing character: There is no l in font nullfont!
Missing character: There is no s in font nullfont!
Missing character: There is no o in font nullfont!
Missing character: There is no a in font nullfont!
Missing character: There is no c in font nullfont!
Missing character: There is no o in font nullfont!
Missing character: There is no u in font nullfont!
Missing character: There is no n in font nullfont!
Missing character: There is no t in font nullfont!
Missing character: There is no e in font nullfont!
Missing character: There is no r in font nullfont!
Missing character: There is no p in font nullfont!
Missing character: There is no a in font nullfont!
Missing character: There is no r in font nullfont!
Missing character: There is no t in font nullfont!
Missing character: There is no s in font nullfont!
Missing character: There is no y in font nullfont!
Missing character: There is no s in font nullfont!
Missing character: There is no t in font nullfont!
Missing character: There is no e in font nullfont!
Missing character: There is no m in font nullfont!
Missing character: There is no t in font nullfont!
Missing character: There is no h in font nullfont!
Missing character: There is no a in font nullfont!
Missing character: There is no t in font nullfont!
Missing character: There is no a in font nullfont!
Missing character: There is no s in font nullfont!
Missing character: There is no s in font nullfont!
Missing character: There is no u in font nullfont!
Missing character: There is no m in font nullfont!
Missing character: There is no e in font nullfont!
Missing character: There is no s in font nullfont!
Missing character: There is no s in font nullfont!
Missing character: There is no i in font nullfont!
Missing character: There is no g in font nullfont!
Missing character: There is no n in font nullfont!
Missing character: There is no e in font nullfont!
Missing character: There is no d in font nullfont!
Missing character: There is no ( in font nullfont!
Missing character: There is no i in font nullfont!
Missing character: There is no . in font nullfont!
Missing character: There is no e in font nullfont!
Missing character: There is no . in font nullfont!
Missing character: There is no , in font nullfont!
Missing character: There is no c in font nullfont!
Missing character: There is no e in font nullfont!
Missing character: There is no n in font nullfont!
Missing character: There is no t in font nullfont!
Missing character: There is no e in font nullfont!
Missing character: There is no r in font nullfont!
Missing character: There is no e in font nullfont!
Missing character: There is no d in font nullfont!
Missing character: There is no ) in font nullfont!
Missing character: There is no r in font nullfont!
Missing character: There is no e in font nullfont!
Missing character: There is no s in font nullfont!
Missing character: There is no i in font nullfont!
Missing character: There is no d in font nullfont!
Missing character: There is no u in font nullfont!
Missing character: There is no e in font nullfont!
Missing character: There is no s in font nullfont!
! Undefined control sequence.
l.163 ...(i.e., centered) residues $\left\{-\dfrac
                                                  {q}{2}, -\dfrac{q}{2} + 1,...

? 
! Undefined control sequence.
l.163 ...) residues $\left\{-\dfrac{q}{2}, -\dfrac
                                                  {q}{2} + 1, \cdots, 0, \cd...

? 
! Undefined control sequence.
l.163 ...frac{q}{2} + 1, \cdots, 0, \cdots, \dfrac
                                                  {q}{2} - 2, \dfrac{q}{2} -...

? 
! Undefined control sequence.
l.163 ...dots, 0, \cdots, \dfrac{q}{2} - 2, \dfrac
                                                  {q}{2} - 1\right\}$\footno...

? 
! Undefined control sequence.
\@footnotetext ...tins {\reset@font \footnotesize 
                                                  \interlinepenalty \interfo...
l.163 ... \dfrac{q-3}{2}, \dfrac{q-1}{2}\right\}$}
                                                  , with the residues center...

? 
! Undefined control sequence.
\@footnotetext ...}\color@begingroup \@makefntext 
                                                  {\rule \z@ \footnotesep \i...
l.163 ... \dfrac{q-3}{2}, \dfrac{q-1}{2}\right\}$}
                                                  , with the residues center...

? 
! Undefined control sequence.
<argument> ... the residues are $\left \{ -\dfrac 
                                                  {q-1}{2}, -\dfrac {q-3}{2}...
l.163 ... \dfrac{q-3}{2}, \dfrac{q-1}{2}\right\}$}
                                                  , with the residues center...

? 
! Undefined control sequence.
<argument> ...$\left \{ -\dfrac {q-1}{2}, -\dfrac 
                                                  {q-3}{2}, \cdots , 0, \cdo...
l.163 ... \dfrac{q-3}{2}, \dfrac{q-1}{2}\right\}$}
                                                  , with the residues center...

? 
! Undefined control sequence.
<argument> ...-3}{2}, \cdots , 0, \cdots , \dfrac 
                                                  {q-3}{2}, \dfrac {q-1}{2}\...
l.163 ... \dfrac{q-3}{2}, \dfrac{q-1}{2}\right\}$}
                                                  , with the residues center...

? 
! Undefined control sequence.
<argument> ...0, \cdots , \dfrac {q-3}{2}, \dfrac 
                                                  {q-1}{2}\right \}$
l.163 ... \dfrac{q-3}{2}, \dfrac{q-1}{2}\right\}$}
                                                  , with the residues center...

? 

Overfull \hbox (23.08336pt too wide) in paragraph at lines 163--163
[][]\OT1/cmr/m/n/10 Here,
 []


Overfull \hbox (11.38889pt too wide) in paragraph at lines 163--163
\OT1/cmr/m/n/10 we
 []


Overfull \hbox (12.27779pt too wide) in paragraph at lines 163--163
\OT1/cmr/m/n/10 as-
 []


Overfull \hbox (22.27782pt too wide) in paragraph at lines 163--163
\OT1/cmr/m/n/10 sume
 []


Overfull \hbox (4.8229pt too wide) in paragraph at lines 163--163
\OML/cmm/m/it/10 q$
 []


Overfull \hbox (6.72223pt too wide) in paragraph at lines 163--163
\OT1/cmr/m/n/10 is
 []


Overfull \hbox (10.55559pt too wide) in paragraph at lines 163--163
\OT1/cmr/m/n/10 an
 []


Overfull \hbox (19.44447pt too wide) in paragraph at lines 163--163
\OT1/cmr/m/n/10 even
 []


Overfull \hbox (22.50005pt too wide) in paragraph at lines 163--163
\OT1/cmr/m/n/10 num-
 []


Overfull \hbox (16.97226pt too wide) in paragraph at lines 163--163
\OT1/cmr/m/n/10 ber.
 []


Overfull \hbox (9.16669pt too wide) in paragraph at lines 163--163
\OT1/cmr/m/n/10 In
 []


Overfull \hbox (13.88892pt too wide) in paragraph at lines 163--163
\OT1/cmr/m/n/10 the
 []


Overfull \hbox (17.83334pt too wide) in paragraph at lines 163--163
\OT1/cmr/m/n/10 case
 []


Overfull \hbox (25.58336pt too wide) in paragraph at lines 163--163
\OT1/cmr/m/n/10 where
 []


Overfull \hbox (4.8229pt too wide) in paragraph at lines 163--163
\OML/cmm/m/it/10 q$
 []


Overfull \hbox (6.72223pt too wide) in paragraph at lines 163--163
\OT1/cmr/m/n/10 is
 []


Overfull \hbox (10.55559pt too wide) in paragraph at lines 163--163
\OT1/cmr/m/n/10 an
 []


Overfull \hbox (16.38895pt too wide) in paragraph at lines 163--163
\OT1/cmr/m/n/10 odd
 []


Overfull \hbox (22.50005pt too wide) in paragraph at lines 163--163
\OT1/cmr/m/n/10 num-
 []


Overfull \hbox (16.97226pt too wide) in paragraph at lines 163--163
\OT1/cmr/m/n/10 ber,
 []


Overfull \hbox (13.88892pt too wide) in paragraph at lines 163--163
\OT1/cmr/m/n/10 the
 []


Overfull \hbox (34.58337pt too wide) in paragraph at lines 163--163
\OT1/cmr/m/n/10 residues
 []


Overfull \hbox (13.36113pt too wide) in paragraph at lines 163--163
\OT1/cmr/m/n/10 are
 []


Overfull \hbox (192.0689pt too wide) in paragraph at lines 163--163
[]$| 
 []

Missing character: There is no , in font nullfont!
Missing character: There is no w in font nullfont!
Missing character: There is no i in font nullfont!
Missing character: There is no t in font nullfont!
Missing character: There is no h in font nullfont!
Missing character: There is no t in font nullfont!
Missing character: There is no h in font nullfont!
Missing character: There is no e in font nullfont!
Missing character: There is no r in font nullfont!
Missing character: There is no e in font nullfont!
Missing character: There is no s in font nullfont!
Missing character: There is no i in font nullfont!
Missing character: There is no d in font nullfont!
Missing character: There is no u in font nullfont!
Missing character: There is no e in font nullfont!
Missing character: There is no s in font nullfont!
Missing character: There is no c in font nullfont!
Missing character: There is no e in font nullfont!
Missing character: There is no n in font nullfont!
Missing character: There is no t in font nullfont!
Missing character: There is no e in font nullfont!
Missing character: There is no r in font nullfont!
Missing character: There is no e in font nullfont!
Missing character: There is no d in font nullfont!
Missing character: There is no a in font nullfont!
Missing character: There is no r in font nullfont!
Missing character: There is no o in font nullfont!
Missing character: There is no u in font nullfont!
Missing character: There is no n in font nullfont!
Missing character: There is no d in font nullfont!
Missing character: There is no , in font nullfont!
Missing character: There is no a in font nullfont!
Missing character: There is no n in font nullfont!
Missing character: There is no d in font nullfont!
Missing character: There is no t in font nullfont!
Missing character: There is no h in font nullfont!
Missing character: There is no e in font nullfont!
Missing character: There is no t in font nullfont!
Missing character: There is no o in font nullfont!
Missing character: There is no t in font nullfont!
Missing character: There is no a in font nullfont!
Missing character: There is no l in font nullfont!
Missing character: There is no n in font nullfont!
Missing character: There is no u in font nullfont!
Missing character: There is no m in font nullfont!
Missing character: There is no b in font nullfont!
Missing character: There is no e in font nullfont!
Missing character: There is no r in font nullfont!
Missing character: There is no o in font nullfont!
Missing character: There is no f in font nullfont!
Missing character: There is no r in font nullfont!
Missing character: There is no e in font nullfont!
Missing character: There is no s in font nullfont!
Missing character: There is no i in font nullfont!
Missing character: There is no d in font nullfont!
Missing character: There is no u in font nullfont!
Missing character: There is no e in font nullfont!
Missing character: There is no s in font nullfont!
Missing character: There is no i in font nullfont!
Missing character: There is no s in font nullfont!
Missing character: There is no t in font nullfont!
Missing character: There is no h in font nullfont!
Missing character: There is no e in font nullfont!
Missing character: There is no s in font nullfont!
Missing character: There is no a in font nullfont!
Missing character: There is no m in font nullfont!
Missing character: There is no e in font nullfont!
Missing character: There is no , in font nullfont!
Missing character: There is no n in font nullfont!
Missing character: There is no a in font nullfont!
Missing character: There is no m in font nullfont!
Missing character: There is no e in font nullfont!
Missing character: There is no l in font nullfont!
Missing character: There is no y in font nullfont!
Missing character: There is no . in font nullfont!
Missing character: There is no I in font nullfont!
Missing character: There is no n in font nullfont!
Missing character: There is no b in font nullfont!
Missing character: There is no o in font nullfont!
Missing character: There is no t in font nullfont!
Missing character: There is no h in font nullfont!
Missing character: There is no s in font nullfont!
Missing character: There is no y in font nullfont!
Missing character: There is no s in font nullfont!
Missing character: There is no t in font nullfont!
Missing character: There is no e in font nullfont!
Missing character: There is no m in font nullfont!
Missing character: There is no s in font nullfont!
Missing character: There is no , in font nullfont!
Missing character: There is no a in font nullfont!
Missing character: There is no m in font nullfont!
Missing character: There is no o in font nullfont!
Missing character: There is no d in font nullfont!
Missing character: There is no u in font nullfont!
Missing character: There is no l in font nullfont!
Missing character: There is no o in font nullfont!
Missing character: There is no o in font nullfont!
Missing character: There is no p in font nullfont!
Missing character: There is no e in font nullfont!
Missing character: There is no r in font nullfont!
Missing character: There is no a in font nullfont!
Missing character: There is no t in font nullfont!
Missing character: There is no i in font nullfont!
Missing character: There is no o in font nullfont!
Missing character: There is no n in font nullfont!
Missing character: There is no c in font nullfont!
Missing character: There is no h in font nullfont!
Missing character: There is no a in font nullfont!
Missing character: There is no n in font nullfont!
Missing character: There is no g in font nullfont!
Missing character: There is no e in font nullfont!
Missing character: There is no s in font nullfont!
Missing character: There is no a in font nullfont!
Missing character: There is no g in font nullfont!
Missing character: There is no i in font nullfont!
Missing character: There is no v in font nullfont!
Missing character: There is no e in font nullfont!
Missing character: There is no n in font nullfont!
Missing character: There is no v in font nullfont!
Missing character: There is no a in font nullfont!
Missing character: There is no l in font nullfont!
Missing character: There is no u in font nullfont!
Missing character: There is no e in font nullfont!
Missing character: There is no t in font nullfont!
Missing character: There is no o in font nullfont!
Missing character: There is no a in font nullfont!
Missing character: There is no n in font nullfont!
Missing character: There is no o in font nullfont!
Missing character: There is no t in font nullfont!
Missing character: There is no h in font nullfont!
Missing character: There is no e in font nullfont!
Missing character: There is no r in font nullfont!
Missing character: There is no v in font nullfont!
Missing character: There is no a in font nullfont!
Missing character: There is no l in font nullfont!
Missing character: There is no u in font nullfont!
Missing character: There is no e in font nullfont!
Missing character: There is no w in font nullfont!
Missing character: There is no i in font nullfont!
Missing character: There is no t in font nullfont!
Missing character: There is no h in font nullfont!
Missing character: There is no i in font nullfont!
Missing character: There is no n in font nullfont!
Missing character: There is no t in font nullfont!
Missing character: There is no h in font nullfont!
Missing character: There is no e in font nullfont!
Missing character: There is no s in font nullfont!
Missing character: There is no y in font nullfont!
Missing character: There is no s in font nullfont!
Missing character: There is no t in font nullfont!
Missing character: There is no e in font nullfont!
Missing character: There is no m in font nullfont!
Missing character: There is no ' in font nullfont!
Missing character: There is no s in font nullfont!
Missing character: There is no r in font nullfont!
Missing character: There is no e in font nullfont!
Missing character: There is no s in font nullfont!
Missing character: There is no i in font nullfont!
Missing character: There is no d in font nullfont!
Missing character: There is no u in font nullfont!
Missing character: There is no e in font nullfont!
Missing character: There is no r in font nullfont!
Missing character: There is no a in font nullfont!
Missing character: There is no n in font nullfont!
Missing character: There is no g in font nullfont!
Missing character: There is no e in font nullfont!
Missing character: There is no s in font nullfont!
Missing character: There is no u in font nullfont!
Missing character: There is no c in font nullfont!
Missing character: There is no h in font nullfont!
Missing character: There is no t in font nullfont!
Missing character: There is no h in font nullfont!
Missing character: There is no a in font nullfont!
Missing character: There is no t in font nullfont!
Missing character: There is no : in font nullfont!
Missing character: There is no ( in font nullfont!
Missing character: There is no 1 in font nullfont!
Missing character: There is no ) in font nullfont!
Missing character: There is no i in font nullfont!
Missing character: There is no f in font nullfont!
Missing character: There is no t in font nullfont!
Missing character: There is no h in font nullfont!
Missing character: There is no e in font nullfont!
Missing character: There is no g in font nullfont!
Missing character: There is no i in font nullfont!
Missing character: There is no v in font nullfont!
Missing character: There is no e in font nullfont!
Missing character: There is no n in font nullfont!
Missing character: There is no v in font nullfont!
Missing character: There is no a in font nullfont!
Missing character: There is no l in font nullfont!
Missing character: There is no u in font nullfont!
Missing character: There is no e in font nullfont!
Missing character: There is no i in font nullfont!
Missing character: There is no s in font nullfont!
Missing character: There is no g in font nullfont!
Missing character: There is no r in font nullfont!
Missing character: There is no e in font nullfont!
Missing character: There is no a in font nullfont!
Missing character: There is no t in font nullfont!
Missing character: There is no e in font nullfont!
Missing character: There is no r in font nullfont!
Missing character: There is no t in font nullfont!
Missing character: There is no h in font nullfont!
Missing character: There is no a in font nullfont!
Missing character: There is no n in font nullfont!
Missing character: There is no t in font nullfont!
Missing character: There is no h in font nullfont!
Missing character: There is no e in font nullfont!
Missing character: There is no u in font nullfont!
Missing character: There is no p in font nullfont!
Missing character: There is no p in font nullfont!
Missing character: There is no e in font nullfont!
Missing character: There is no r in font nullfont!
Missing character: There is no b in font nullfont!
Missing character: There is no o in font nullfont!
Missing character: There is no u in font nullfont!
Missing character: There is no n in font nullfont!
Missing character: There is no d in font nullfont!
Missing character: There is no o in font nullfont!
Missing character: There is no f in font nullfont!
Missing character: There is no t in font nullfont!
Missing character: There is no h in font nullfont!
Missing character: There is no e in font nullfont!
Missing character: There is no r in font nullfont!
Missing character: There is no e in font nullfont!
Missing character: There is no s in font nullfont!
Missing character: There is no i in font nullfont!
Missing character: There is no d in font nullfont!
Missing character: There is no u in font nullfont!
Missing character: There is no e in font nullfont!
Missing character: There is no r in font nullfont!
Missing character: There is no a in font nullfont!
Missing character: There is no n in font nullfont!
Missing character: There is no g in font nullfont!
Missing character: There is no e in font nullfont!
Missing character: There is no , in font nullfont!
Missing character: There is no t in font nullfont!
Missing character: There is no h in font nullfont!
Missing character: There is no e in font nullfont!
Missing character: There is no v in font nullfont!
Missing character: There is no a in font nullfont!
Missing character: There is no l in font nullfont!
Missing character: There is no u in font nullfont!
Missing character: There is no e in font nullfont!
Missing character: There is no i in font nullfont!
Missing character: There is no s in font nullfont!
Missing character: There is no s in font nullfont!
Missing character: There is no u in font nullfont!
Missing character: There is no b in font nullfont!
Missing character: There is no t in font nullfont!
Missing character: There is no r in font nullfont!
Missing character: There is no a in font nullfont!
Missing character: There is no c in font nullfont!
Missing character: There is no t in font nullfont!
Missing character: There is no e in font nullfont!
Missing character: There is no d in font nullfont!
Missing character: There is no b in font nullfont!
Missing character: There is no y in font nullfont!
Missing character: There is no t in font nullfont!
Missing character: There is no h in font nullfont!
Missing character: There is no e in font nullfont!
Missing character: There is no m in font nullfont!
Missing character: There is no o in font nullfont!
Missing character: There is no d in font nullfont!
Missing character: There is no u in font nullfont!
Missing character: There is no l in font nullfont!
Missing character: There is no u in font nullfont!
Missing character: There is no s in font nullfont!
Missing character: There is no ; in font nullfont!
Missing character: There is no ( in font nullfont!
Missing character: There is no 2 in font nullfont!
Missing character: There is no ) in font nullfont!
Missing character: There is no i in font nullfont!
Missing character: There is no f in font nullfont!
Missing character: There is no t in font nullfont!
Missing character: There is no h in font nullfont!
Missing character: There is no e in font nullfont!
Missing character: There is no v in font nullfont!
Missing character: There is no a in font nullfont!
Missing character: There is no l in font nullfont!
Missing character: There is no u in font nullfont!
Missing character: There is no e in font nullfont!
Missing character: There is no i in font nullfont!
Missing character: There is no s in font nullfont!
Missing character: There is no l in font nullfont!
Missing character: There is no e in font nullfont!
Missing character: There is no s in font nullfont!
Missing character: There is no s in font nullfont!
Missing character: There is no t in font nullfont!
Missing character: There is no h in font nullfont!
Missing character: There is no a in font nullfont!
Missing character: There is no n in font nullfont!
Missing character: There is no t in font nullfont!
Missing character: There is no h in font nullfont!
Missing character: There is no e in font nullfont!
Missing character: There is no l in font nullfont!
Missing character: There is no o in font nullfont!
Missing character: There is no w in font nullfont!
Missing character: There is no e in font nullfont!
Missing character: There is no r in font nullfont!
Missing character: There is no b in font nullfont!
Missing character: There is no o in font nullfont!
Missing character: There is no u in font nullfont!
Missing character: There is no n in font nullfont!
Missing character: There is no d in font nullfont!
Missing character: There is no o in font nullfont!
Missing character: There is no f in font nullfont!
Missing character: There is no t in font nullfont!
Missing character: There is no h in font nullfont!
Missing character: There is no e in font nullfont!
Missing character: There is no r in font nullfont!
Missing character: There is no e in font nullfont!
Missing character: There is no s in font nullfont!
Missing character: There is no i in font nullfont!
Missing character: There is no d in font nullfont!
Missing character: There is no u in font nullfont!
Missing character: There is no e in font nullfont!
Missing character: There is no r in font nullfont!
Missing character: There is no a in font nullfont!
Missing character: There is no n in font nullfont!
Missing character: There is no g in font nullfont!
Missing character: There is no e in font nullfont!
Missing character: There is no , in font nullfont!
Missing character: There is no t in font nullfont!
Missing character: There is no h in font nullfont!
Missing character: There is no e in font nullfont!
Missing character: There is no v in font nullfont!
Missing character: There is no a in font nullfont!
Missing character: There is no l in font nullfont!
Missing character: There is no u in font nullfont!
Missing character: There is no e in font nullfont!
Missing character: There is no i in font nullfont!
Missing character: There is no s in font nullfont!
Missing character: There is no i in font nullfont!
Missing character: There is no n in font nullfont!
Missing character: There is no c in font nullfont!
Missing character: There is no r in font nullfont!
Missing character: There is no e in font nullfont!
Missing character: There is no a in font nullfont!
Missing character: There is no s in font nullfont!
Missing character: There is no e in font nullfont!
Missing character: There is no d in font nullfont!
Missing character: There is no b in font nullfont!
Missing character: There is no y in font nullfont!
Missing character: There is no t in font nullfont!
Missing character: There is no h in font nullfont!
Missing character: There is no e in font nullfont!
Missing character: There is no m in font nullfont!
Missing character: There is no o in font nullfont!
Missing character: There is no d in font nullfont!
Missing character: There is no u in font nullfont!
Missing character: There is no l in font nullfont!
Missing character: There is no u in font nullfont!
Missing character: There is no s in font nullfont!
Missing character: There is no . in font nullfont!
Missing character: There is no T in font nullfont!
Missing character: There is no h in font nullfont!
Missing character: There is no e in font nullfont!
Missing character: There is no o in font nullfont!
Missing character: There is no n in font nullfont!
Missing character: There is no l in font nullfont!
Missing character: There is no y in font nullfont!
Missing character: There is no d in font nullfont!
Missing character: There is no i in font nullfont!
Missing character: There is no f in font nullfont!
Missing character: There is no f in font nullfont!
Missing character: There is no e in font nullfont!
Missing character: There is no r in font nullfont!
Missing character: There is no e in font nullfont!
Missing character: There is no n in font nullfont!
Missing character: There is no c in font nullfont!
Missing character: There is no e in font nullfont!
Missing character: There is no b in font nullfont!
Missing character: There is no e in font nullfont!
Missing character: There is no t in font nullfont!
Missing character: There is no w in font nullfont!
Missing character: There is no e in font nullfont!
Missing character: There is no e in font nullfont!
Missing character: There is no n in font nullfont!
Missing character: There is no t in font nullfont!
Missing character: There is no h in font nullfont!
Missing character: There is no e in font nullfont!
Missing character: There is no s in font nullfont!
Missing character: There is no e in font nullfont!
Missing character: There is no t in font nullfont!
Missing character: There is no w in font nullfont!
Missing character: There is no o in font nullfont!
Missing character: There is no ( in font nullfont!
Missing character: There is no c in font nullfont!
Missing character: There is no a in font nullfont!
Missing character: There is no n in font nullfont!
Missing character: There is no o in font nullfont!
Missing character: There is no n in font nullfont!
Missing character: There is no i in font nullfont!
Missing character: There is no c in font nullfont!
Missing character: There is no a in font nullfont!
Missing character: There is no l in font nullfont!
Missing character: There is no a in font nullfont!
Missing character: There is no n in font nullfont!
Missing character: There is no d in font nullfont!
Missing character: There is no c in font nullfont!
Missing character: There is no e in font nullfont!
Missing character: There is no n in font nullfont!
Missing character: There is no t in font nullfont!
Missing character: There is no e in font nullfont!
Missing character: There is no r in font nullfont!
Missing character: There is no e in font nullfont!
Missing character: There is no d in font nullfont!
Missing character: There is no ) in font nullfont!
Missing character: There is no s in font nullfont!
Missing character: There is no y in font nullfont!
Missing character: There is no s in font nullfont!
Missing character: There is no t in font nullfont!
Missing character: There is no e in font nullfont!
Missing character: There is no m in font nullfont!
Missing character: There is no s in font nullfont!
Missing character: There is no i in font nullfont!
Missing character: There is no s in font nullfont!
Missing character: There is no t in font nullfont!
Missing character: There is no h in font nullfont!
Missing character: There is no e in font nullfont!
Missing character: There is no i in font nullfont!
Missing character: There is no r in font nullfont!
Missing character: There is no u in font nullfont!
Missing character: There is no p in font nullfont!
Missing character: There is no p in font nullfont!
Missing character: There is no e in font nullfont!
Missing character: There is no r in font nullfont!
Missing character: There is no b in font nullfont!
Missing character: There is no o in font nullfont!
Missing character: There is no u in font nullfont!
Missing character: There is no n in font nullfont!
Missing character: There is no d in font nullfont!
Missing character: There is no s in font nullfont!
Missing character: There is no a in font nullfont!
Missing character: There is no n in font nullfont!
Missing character: There is no d in font nullfont!
Missing character: There is no l in font nullfont!
Missing character: There is no o in font nullfont!
Missing character: There is no w in font nullfont!
Missing character: There is no e in font nullfont!
Missing character: There is no r in font nullfont!
Missing character: There is no b in font nullfont!
Missing character: There is no o in font nullfont!
Missing character: There is no u in font nullfont!
Missing character: There is no n in font nullfont!
Missing character: There is no d in font nullfont!
Missing character: There is no s in font nullfont!
Missing character: There is no : in font nullfont!
Missing character: There is no a in font nullfont!
Missing character: There is no n in font nullfont!
Missing character: There is no d in font nullfont!
Missing character: There is no i in font nullfont!
Missing character: There is no n in font nullfont!
Missing character: There is no t in font nullfont!
Missing character: There is no h in font nullfont!
Missing character: There is no e in font nullfont!
Missing character: There is no c in font nullfont!
Missing character: There is no a in font nullfont!
Missing character: There is no n in font nullfont!
Missing character: There is no o in font nullfont!
Missing character: There is no n in font nullfont!
Missing character: There is no i in font nullfont!
Missing character: There is no c in font nullfont!
Missing character: There is no a in font nullfont!
Missing character: There is no l in font nullfont!
Missing character: There is no r in font nullfont!
Missing character: There is no e in font nullfont!
Missing character: There is no s in font nullfont!
Missing character: There is no i in font nullfont!
Missing character: There is no d in font nullfont!
Missing character: There is no u in font nullfont!
Missing character: There is no e in font nullfont!
Missing character: There is no s in font nullfont!
Missing character: There is no y in font nullfont!
Missing character: There is no s in font nullfont!
Missing character: There is no t in font nullfont!
Missing character: There is no e in font nullfont!
Missing character: There is no m in font nullfont!
Missing character: There is no , in font nullfont!
Missing character: There is no w in font nullfont!
Missing character: There is no h in font nullfont!
Missing character: There is no e in font nullfont!
Missing character: There is no r in font nullfont!
Missing character: There is no e in font nullfont!
Missing character: There is no a in font nullfont!
Missing character: There is no s in font nullfont!
! Undefined control sequence.
l.163 ...anonical residue system, whereas $-\dfrac
                                                  {q}{2}$ and $\dfrac{q}{2} ...

? 
Missing character: There is no a in font nullfont!
Missing character: There is no n in font nullfont!
Missing character: There is no d in font nullfont!
! Undefined control sequence.
<recently read> \dfrac 
                       
l.163 ...stem, whereas $-\dfrac{q}{2}$ and $\dfrac
                                                  {q}{2} - 1$ in the centere...

? 
Missing character: There is no i in font nullfont!
Missing character: There is no n in font nullfont!
Missing character: There is no t in font nullfont!
Missing character: There is no h in font nullfont!
Missing character: There is no e in font nullfont!
Missing character: There is no c in font nullfont!
Missing character: There is no e in font nullfont!
Missing character: There is no n in font nullfont!
Missing character: There is no t in font nullfont!
Missing character: There is no e in font nullfont!
Missing character: There is no r in font nullfont!
Missing character: There is no e in font nullfont!
Missing character: There is no d in font nullfont!
Missing character: There is no r in font nullfont!
Missing character: There is no e in font nullfont!
Missing character: There is no s in font nullfont!
Missing character: There is no i in font nullfont!
Missing character: There is no d in font nullfont!
Missing character: There is no u in font nullfont!
Missing character: There is no e in font nullfont!
Missing character: There is no s in font nullfont!
Missing character: There is no y in font nullfont!
Missing character: There is no s in font nullfont!
Missing character: There is no t in font nullfont!
Missing character: There is no e in font nullfont!
Missing character: There is no m in font nullfont!
Missing character: There is no . in font nullfont!
Missing character: There is no T in font nullfont!
Missing character: There is no h in font nullfont!
Missing character: There is no e in font nullfont!
Missing character: There is no c in font nullfont!
Missing character: There is no a in font nullfont!
Missing character: There is no n in font nullfont!
Missing character: There is no o in font nullfont!
Missing character: There is no n in font nullfont!
Missing character: There is no i in font nullfont!
Missing character: There is no c in font nullfont!
Missing character: There is no a in font nullfont!
Missing character: There is no l in font nullfont!
Missing character: There is no r in font nullfont!
Missing character: There is no e in font nullfont!
Missing character: There is no s in font nullfont!
Missing character: There is no i in font nullfont!
Missing character: There is no d in font nullfont!
Missing character: There is no u in font nullfont!
Missing character: There is no e in font nullfont!
Missing character: There is no r in font nullfont!
Missing character: There is no e in font nullfont!
Missing character: There is no p in font nullfont!
Missing character: There is no r in font nullfont!
Missing character: There is no e in font nullfont!
Missing character: There is no s in font nullfont!
Missing character: There is no e in font nullfont!
Missing character: There is no n in font nullfont!
Missing character: There is no t in font nullfont!
Missing character: There is no a in font nullfont!
Missing character: There is no t in font nullfont!
Missing character: There is no i in font nullfont!
Missing character: There is no o in font nullfont!
Missing character: There is no n in font nullfont!
Missing character: There is no a in font nullfont!
Missing character: There is no s in font nullfont!
Missing character: There is no s in font nullfont!
Missing character: There is no u in font nullfont!
Missing character: There is no m in font nullfont!
Missing character: There is no e in font nullfont!
Missing character: There is no s in font nullfont!
Missing character: There is no t in font nullfont!
Missing character: There is no h in font nullfont!
Missing character: There is no a in font nullfont!
Missing character: There is no t in font nullfont!
! Undefined control sequence.
<recently read> \mathbb 
                        
l.163 ...idue representation assumes that $\mathbb
                                                  {Z}_q = \{0, 1, \cdots, q-...

? 
Missing character: There is no , in font nullfont!
Missing character: There is no w in font nullfont!
Missing character: There is no h in font nullfont!
Missing character: There is no e in font nullfont!
Missing character: There is no r in font nullfont!
Missing character: There is no e in font nullfont!
Missing character: There is no a in font nullfont!
Missing character: There is no s in font nullfont!
Missing character: There is no t in font nullfont!
Missing character: There is no h in font nullfont!
Missing character: There is no e in font nullfont!
Missing character: There is no c in font nullfont!
Missing character: There is no e in font nullfont!
Missing character: There is no n in font nullfont!
Missing character: There is no t in font nullfont!
Missing character: There is no e in font nullfont!
Missing character: There is no r in font nullfont!
Missing character: There is no e in font nullfont!
Missing character: There is no d in font nullfont!
Missing character: There is no r in font nullfont!
Missing character: There is no e in font nullfont!
Missing character: There is no s in font nullfont!
Missing character: There is no i in font nullfont!
Missing character: There is no d in font nullfont!
Missing character: There is no u in font nullfont!
Missing character: There is no e in font nullfont!
Missing character: There is no s in font nullfont!
Missing character: There is no y in font nullfont!
Missing character: There is no s in font nullfont!
Missing character: There is no t in font nullfont!
Missing character: There is no e in font nullfont!
Missing character: There is no m in font nullfont!
Missing character: There is no a in font nullfont!
Missing character: There is no s in font nullfont!
Missing character: There is no s in font nullfont!
Missing character: There is no u in font nullfont!
Missing character: There is no m in font nullfont!
Missing character: There is no e in font nullfont!
Missing character: There is no s in font nullfont!
Missing character: There is no t in font nullfont!
Missing character: There is no h in font nullfont!
Missing character: There is no a in font nullfont!
Missing character: There is no t in font nullfont!
! Undefined control sequence.
<recently read> \mathbb 
                        
l.163 ...ered residue system assumes that $\mathbb
                                                  {Z}_q = \left\{-\dfrac{q}{...

? 
! Undefined control sequence.
l.163 ...sumes that $\mathbb{Z}_q = \left\{-\dfrac
                                                  {q}{2}, -\dfrac{q}{2} + 1,...

? 
! Undefined control sequence.
l.163 ...thbb{Z}_q = \left\{-\dfrac{q}{2}, -\dfrac
                                                  {q}{2} + 1, \cdots, 0, \cd...

? 
! Undefined control sequence.
l.163 ...frac{q}{2} + 1, \cdots, 0, \cdots, \dfrac
                                                  {q}{2} - 2, \dfrac{q}{2} -...

? 
! Undefined control sequence.
l.163 ...dots, 0, \cdots, \dfrac{q}{2} - 2, \dfrac
                                                  {q}{2} - 1\right\}$.
? 
Missing character: There is no . in font nullfont!

Overfull \hbox (20.0pt too wide) in paragraph at lines 163--164
[]
 []


Overfull \hbox (4.8229pt too wide) in paragraph at lines 163--164
\OML/cmm/m/it/10 q$
 []


Overfull \hbox (54.26723pt too wide) in paragraph at lines 163--164
\OMS/cmsy/m/n/10 f\OT1/cmr/m/n/10 0\OML/cmm/m/it/10 ; \OT1/cmr/m/n/10 1\OML/cmm
/m/it/10 ; [] ; q \OMS/cmsy/m/n/10 ^^@
 []


Overfull \hbox (10.00003pt too wide) in paragraph at lines 163--164
\OT1/cmr/m/n/10 1\OMS/cmsy/m/n/10 g$
 []


Overfull \hbox (179.33287pt too wide) in paragraph at lines 163--164
[]$[]
 []


Overfull \hbox (5.00002pt too wide) in paragraph at lines 163--164
\OT1/cmr/m/n/10 0$
 []


Overfull \hbox (4.8229pt too wide) in paragraph at lines 163--164
\OML/cmm/m/it/10 q$
 []


Overfull \hbox (4.8229pt too wide) in paragraph at lines 163--164
\OML/cmm/m/it/10 q$
 []


Overfull \hbox (4.8229pt too wide) in paragraph at lines 163--164
\OML/cmm/m/it/10 q$
 []


Overfull \hbox (5.00002pt too wide) in paragraph at lines 163--164
\OT1/cmr/m/n/10 0$
 []


Overfull \hbox (12.60071pt too wide) in paragraph at lines 163--164
\OML/cmm/m/it/10 q \OMS/cmsy/m/n/10 ^^@
 []


Overfull \hbox (5.00002pt too wide) in paragraph at lines 163--164
\OT1/cmr/m/n/10 1$
 []


Overfull \hbox (17.60072pt too wide) in paragraph at lines 163--164
\OMS/cmsy/m/n/10 ^^@\OML/cmm/m/it/10 q\OT1/cmr/m/n/10 2$
 []


Overfull \hbox (17.60072pt too wide) in paragraph at lines 163--164
\OML/cmm/m/it/10 q\OT1/cmr/m/n/10 2 \OMS/cmsy/m/n/10 ^^@
 []


Overfull \hbox (5.00002pt too wide) in paragraph at lines 163--164
\OT1/cmr/m/n/10 1$
 []


Overfull \hbox (21.79825pt too wide) in paragraph at lines 163--164
\OML/cmm/m/it/10 Z[] \OT1/cmr/m/n/10 =
 []


Overfull \hbox (54.26723pt too wide) in paragraph at lines 163--164
\OMS/cmsy/m/n/10 f\OT1/cmr/m/n/10 0\OML/cmm/m/it/10 ; \OT1/cmr/m/n/10 1\OML/cmm
/m/it/10 ; [] ; q \OMS/cmsy/m/n/10 ^^@
 []


Overfull \hbox (10.00003pt too wide) in paragraph at lines 163--164
\OT1/cmr/m/n/10 1\OMS/cmsy/m/n/10 g$
 []


Overfull \hbox (21.79825pt too wide) in paragraph at lines 163--164
\OML/cmm/m/it/10 Z[] \OT1/cmr/m/n/10 =
 []


Overfull \hbox (174.84674pt too wide) in paragraph at lines 163--164
[]$ 
 []

Missing character: There is no I in font nullfont!
Missing character: There is no n in font nullfont!
Missing character: There is no b in font nullfont!
Missing character: There is no o in font nullfont!
Missing character: There is no t in font nullfont!
Missing character: There is no h in font nullfont!
Missing character: There is no s in font nullfont!
Missing character: There is no y in font nullfont!
Missing character: There is no s in font nullfont!
Missing character: There is no t in font nullfont!
Missing character: There is no e in font nullfont!
Missing character: There is no m in font nullfont!
Missing character: There is no s in font nullfont!
Missing character: There is no , in font nullfont!
Missing character: There is no t in font nullfont!
Missing character: There is no h in font nullfont!
Missing character: There is no e in font nullfont!
Missing character: There is no s in font nullfont!
Missing character: There is no a in font nullfont!
Missing character: There is no m in font nullfont!
Missing character: There is no e in font nullfont!
Missing character: There is no p in font nullfont!
Missing character: There is no r in font nullfont!
Missing character: There is no o in font nullfont!
Missing character: There is no p in font nullfont!
Missing character: There is no e in font nullfont!
Missing character: There is no r in font nullfont!
Missing character: There is no t in font nullfont!
Missing character: There is no i in font nullfont!
Missing character: There is no e in font nullfont!
Missing character: There is no s in font nullfont!
Missing character: There is no h in font nullfont!
Missing character: There is no o in font nullfont!
Missing character: There is no l in font nullfont!
Missing character: There is no d in font nullfont!
Missing character: There is no f in font nullfont!
Missing character: There is no o in font nullfont!
Missing character: There is no r in font nullfont!
Missing character: There is no a in font nullfont!
Missing character: There is no d in font nullfont!
Missing character: There is no d in font nullfont!
Missing character: There is no i in font nullfont!
Missing character: There is no t in font nullfont!
Missing character: There is no i in font nullfont!
Missing character: There is no o in font nullfont!
Missing character: There is no n in font nullfont!
Missing character: There is no , in font nullfont!
Missing character: There is no s in font nullfont!
Missing character: There is no u in font nullfont!
Missing character: There is no b in font nullfont!
Missing character: There is no t in font nullfont!
Missing character: There is no r in font nullfont!
Missing character: There is no a in font nullfont!
Missing character: There is no c in font nullfont!
Missing character: There is no t in font nullfont!
Missing character: There is no i in font nullfont!
Missing character: There is no o in font nullfont!
Missing character: There is no n in font nullfont!
Missing character: There is no , in font nullfont!
Missing character: There is no m in font nullfont!
Missing character: There is no u in font nullfont!
Missing character: There is no l in font nullfont!
Missing character: There is no t in font nullfont!
Missing character: There is no i in font nullfont!
Missing character: There is no p in font nullfont!
Missing character: There is no l in font nullfont!
Missing character: There is no i in font nullfont!
Missing character: There is no c in font nullfont!
Missing character: There is no a in font nullfont!
Missing character: There is no t in font nullfont!
Missing character: There is no i in font nullfont!
Missing character: There is no o in font nullfont!
Missing character: There is no n in font nullfont!
Missing character: There is no , in font nullfont!
Missing character: There is no a in font nullfont!
Missing character: There is no n in font nullfont!
Missing character: There is no d in font nullfont!
Missing character: There is no d in font nullfont!
Missing character: There is no i in font nullfont!
Missing character: There is no v in font nullfont!
Missing character: There is no i in font nullfont!
Missing character: There is no s in font nullfont!
Missing character: There is no i in font nullfont!
Missing character: There is no o in font nullfont!
Missing character: There is no n in font nullfont!
Missing character: There is no ( in font nullfont!
Missing character: There is no w in font nullfont!
Missing character: There is no h in font nullfont!
Missing character: There is no e in font nullfont!
Missing character: There is no n in font nullfont!
Missing character: There is no t in font nullfont!
Missing character: There is no h in font nullfont!
Missing character: There is no e in font nullfont!
Missing character: There is no d in font nullfont!
Missing character: There is no i in font nullfont!
Missing character: There is no v in font nullfont!
Missing character: There is no i in font nullfont!
Missing character: There is no s in font nullfont!
Missing character: There is no o in font nullfont!
Missing character: There is no r in font nullfont!
Missing character: There is no i in font nullfont!
Missing character: There is no s in font nullfont!
Missing character: There is no i in font nullfont!
Missing character: There is no n in font nullfont!
Missing character: There is no v in font nullfont!
Missing character: There is no e in font nullfont!
Missing character: There is no r in font nullfont!
Missing character: There is no t in font nullfont!
Missing character: There is no i in font nullfont!
Missing character: There is no b in font nullfont!
Missing character: There is no l in font nullfont!
Missing character: There is no e in font nullfont!
Missing character: There is no ) in font nullfont!
Missing character: There is no . in font nullfont!
Missing character: There is no T in font nullfont!
Missing character: There is no h in font nullfont!
Missing character: There is no i in font nullfont!
Missing character: There is no s in font nullfont!
Missing character: There is no c in font nullfont!
Missing character: There is no a in font nullfont!
Missing character: There is no n in font nullfont!
Missing character: There is no b in font nullfont!
Missing character: There is no e in font nullfont!
Missing character: There is no p in font nullfont!
Missing character: There is no r in font nullfont!
Missing character: There is no o in font nullfont!
Missing character: There is no v in font nullfont!
Missing character: There is no e in font nullfont!
Missing character: There is no d in font nullfont!
Missing character: There is no u in font nullfont!
Missing character: There is no s in font nullfont!
Missing character: There is no i in font nullfont!
Missing character: There is no n in font nullfont!
Missing character: There is no g in font nullfont!
Missing character: There is no t in font nullfont!
Missing character: There is no h in font nullfont!
Missing character: There is no e in font nullfont!
Missing character: There is no r in font nullfont!
Missing character: There is no e in font nullfont!
Missing character: There is no a in font nullfont!
Missing character: There is no s in font nullfont!
Missing character: There is no o in font nullfont!
Missing character: There is no n in font nullfont!
Missing character: There is no i in font nullfont!
Missing character: There is no n in font nullfont!
Missing character: There is no g in font nullfont!
Missing character: There is no f in font nullfont!
Missing character: There is no r in font nullfont!
Missing character: There is no o in font nullfont!
Missing character: There is no m in font nullfont!
! Undefined control sequence.
l.165 ... proved using the reasoning from \autoref
                                                  {subsec:modulo-arithmetic}...

? 
Missing character: There is no s in font nullfont!
Missing character: There is no u in font nullfont!
Missing character: There is no b in font nullfont!
Missing character: There is no s in font nullfont!
Missing character: There is no e in font nullfont!
Missing character: There is no c in font nullfont!
Missing character: There is no : in font nullfont!
Missing character: There is no m in font nullfont!
Missing character: There is no o in font nullfont!
Missing character: There is no d in font nullfont!
Missing character: There is no u in font nullfont!
Missing character: There is no l in font nullfont!
Missing character: There is no o in font nullfont!
Missing character: There is no - in font nullfont!
Missing character: There is no a in font nullfont!
Missing character: There is no r in font nullfont!
Missing character: There is no i in font nullfont!
Missing character: There is no t in font nullfont!
Missing character: There is no h in font nullfont!
Missing character: There is no m in font nullfont!
Missing character: There is no e in font nullfont!
Missing character: There is no t in font nullfont!
Missing character: There is no i in font nullfont!
Missing character: There is no c in font nullfont!
Missing character: There is no : in font nullfont!
Missing character: There is no a in font nullfont!
Missing character: There is no n in font nullfont!
Missing character: There is no y in font nullfont!
Missing character: There is no t in font nullfont!
Missing character: There is no w in font nullfont!
Missing character: There is no o in font nullfont!
Missing character: There is no c in font nullfont!
Missing character: There is no o in font nullfont!
Missing character: There is no n in font nullfont!
Missing character: There is no g in font nullfont!
Missing character: There is no r in font nullfont!
Missing character: There is no u in font nullfont!
Missing character: There is no e in font nullfont!
Missing character: There is no n in font nullfont!
Missing character: There is no t in font nullfont!
Missing character: There is no r in font nullfont!
Missing character: There is no e in font nullfont!
Missing character: There is no s in font nullfont!
Missing character: There is no i in font nullfont!
Missing character: There is no d in font nullfont!
Missing character: There is no u in font nullfont!
Missing character: There is no e in font nullfont!
Missing character: There is no s in font nullfont!
Missing character: There is no d in font nullfont!
Missing character: There is no i in font nullfont!
Missing character: There is no f in font nullfont!
Missing character: There is no f in font nullfont!
Missing character: There is no e in font nullfont!
Missing character: There is no r in font nullfont!
Missing character: There is no b in font nullfont!
Missing character: There is no y in font nullfont!
Missing character: There is no a in font nullfont!
Missing character: There is no n in font nullfont!
Missing character: There is no i in font nullfont!
Missing character: There is no n in font nullfont!
Missing character: There is no t in font nullfont!
Missing character: There is no e in font nullfont!
Missing character: There is no g in font nullfont!
Missing character: There is no e in font nullfont!
Missing character: There is no r in font nullfont!
Missing character: There is no m in font nullfont!
Missing character: There is no u in font nullfont!
Missing character: There is no l in font nullfont!
Missing character: There is no t in font nullfont!
Missing character: There is no i in font nullfont!
Missing character: There is no p in font nullfont!
Missing character: There is no l in font nullfont!
Missing character: There is no e in font nullfont!
Missing character: There is no o in font nullfont!
Missing character: There is no f in font nullfont!
Missing character: There is no i in font nullfont!
Missing character: There is no n in font nullfont!
Missing character: There is no e in font nullfont!
Missing character: There is no i in font nullfont!
Missing character: There is no t in font nullfont!
Missing character: There is no h in font nullfont!
Missing character: There is no e in font nullfont!
Missing character: There is no r in font nullfont!
Missing character: There is no r in font nullfont!
Missing character: There is no e in font nullfont!
Missing character: There is no p in font nullfont!
Missing character: There is no r in font nullfont!
Missing character: There is no e in font nullfont!
Missing character: There is no s in font nullfont!
Missing character: There is no e in font nullfont!
Missing character: There is no n in font nullfont!
Missing character: There is no t in font nullfont!
Missing character: There is no a in font nullfont!
Missing character: There is no t in font nullfont!
Missing character: There is no i in font nullfont!
Missing character: There is no o in font nullfont!
Missing character: There is no n in font nullfont!
Missing character: There is no . in font nullfont!

Overfull \hbox (20.0pt too wide) in paragraph at lines 165--166
[]
 []


Overfull \hbox (4.8229pt too wide) in paragraph at lines 165--166
\OML/cmm/m/it/10 q$
 []

Missing character: There is no A in font nullfont!
Missing character: There is no l in font nullfont!
Missing character: There is no s in font nullfont!
Missing character: There is no o in font nullfont!
Missing character: There is no , in font nullfont!
Missing character: There is no t in font nullfont!
Missing character: There is no h in font nullfont!
Missing character: There is no e in font nullfont!
Missing character: There is no s in font nullfont!
Missing character: There is no a in font nullfont!
Missing character: There is no m in font nullfont!
Missing character: There is no e in font nullfont!
Missing character: There is no p in font nullfont!
Missing character: There is no r in font nullfont!
Missing character: There is no o in font nullfont!
Missing character: There is no p in font nullfont!
Missing character: There is no e in font nullfont!
Missing character: There is no r in font nullfont!
Missing character: There is no t in font nullfont!
Missing character: There is no y in font nullfont!
Missing character: There is no h in font nullfont!
Missing character: There is no o in font nullfont!
Missing character: There is no l in font nullfont!
Missing character: There is no d in font nullfont!
Missing character: There is no s in font nullfont!
Missing character: There is no f in font nullfont!
Missing character: There is no o in font nullfont!
Missing character: There is no r in font nullfont!
Missing character: There is no a in font nullfont!
Missing character: There is no n in font nullfont!
Missing character: There is no i in font nullfont!
Missing character: There is no n in font nullfont!
Missing character: There is no v in font nullfont!
Missing character: There is no e in font nullfont!
Missing character: There is no r in font nullfont!
Missing character: There is no s in font nullfont!
Missing character: There is no e in font nullfont!
Missing character: There is no : in font nullfont!
Missing character: There is no a in font nullfont!
Missing character: There is no n in font nullfont!
Missing character: There is no i in font nullfont!
Missing character: There is no n in font nullfont!
Missing character: There is no v in font nullfont!
Missing character: There is no e in font nullfont!
Missing character: There is no r in font nullfont!
Missing character: There is no s in font nullfont!
Missing character: There is no e in font nullfont!
Missing character: There is no o in font nullfont!
Missing character: There is no f in font nullfont!
Missing character: There is no m in font nullfont!
Missing character: There is no o in font nullfont!
Missing character: There is no d in font nullfont!
Missing character: There is no u in font nullfont!
Missing character: There is no l in font nullfont!
Missing character: There is no o in font nullfont!
Missing character: There is no i in font nullfont!
Missing character: There is no s in font nullfont!
Missing character: There is no s in font nullfont!
Missing character: There is no u in font nullfont!
Missing character: There is no c in font nullfont!
Missing character: There is no h in font nullfont!
Missing character: There is no t in font nullfont!
Missing character: There is no h in font nullfont!
Missing character: There is no a in font nullfont!
Missing character: There is no t in font nullfont!
Missing character: There is no . in font nullfont!

Overfull \hbox (20.0pt too wide) in paragraph at lines 167--168
[]
 []


Overfull \hbox (5.28589pt too wide) in paragraph at lines 167--168
\OML/cmm/m/it/10 a$
 []


Overfull \hbox (4.8229pt too wide) in paragraph at lines 167--168
\OML/cmm/m/it/10 q$
 []


Overfull \hbox (16.02203pt too wide) in paragraph at lines 167--168
\OML/cmm/m/it/10 a[]$
 []


Overfull \hbox (8.06367pt too wide) in paragraph at lines 167--168
\OML/cmm/m/it/10 a \OMS/cmsy/m/n/10 ^^A
 []


Overfull \hbox (26.57755pt too wide) in paragraph at lines 167--168
\OML/cmm/m/it/10 a[] \OMS/cmsy/m/n/10 ^^Q
 []


Overfull \hbox (26.94446pt too wide) in paragraph at lines 167--168
\OT1/cmr/m/n/10 1  []
 []


Overfull \hbox (4.8229pt too wide) in paragraph at lines 167--168
\OML/cmm/m/it/10 q$ 
 []

Missing character: There is no U in font nullfont!
Missing character: There is no s in font nullfont!
Missing character: There is no i in font nullfont!
Missing character: There is no n in font nullfont!
Missing character: There is no g in font nullfont!
Missing character: There is no a in font nullfont!
Missing character: There is no s in font nullfont!
Missing character: There is no i in font nullfont!
Missing character: There is no g in font nullfont!
Missing character: There is no n in font nullfont!
Missing character: There is no e in font nullfont!
Missing character: There is no d in font nullfont!
Missing character: There is no r in font nullfont!
Missing character: There is no e in font nullfont!
Missing character: There is no s in font nullfont!
Missing character: There is no i in font nullfont!
Missing character: There is no d in font nullfont!
Missing character: There is no u in font nullfont!
Missing character: There is no e in font nullfont!
Missing character: There is no r in font nullfont!
Missing character: There is no e in font nullfont!
Missing character: There is no p in font nullfont!
Missing character: There is no r in font nullfont!
Missing character: There is no e in font nullfont!
Missing character: There is no s in font nullfont!
Missing character: There is no e in font nullfont!
Missing character: There is no n in font nullfont!
Missing character: There is no t in font nullfont!
Missing character: There is no a in font nullfont!
Missing character: There is no t in font nullfont!
Missing character: There is no i in font nullfont!
Missing character: There is no o in font nullfont!
Missing character: There is no n in font nullfont!
Missing character: There is no i in font nullfont!
Missing character: There is no s in font nullfont!
Missing character: There is no u in font nullfont!
Missing character: There is no s in font nullfont!
Missing character: There is no e in font nullfont!
Missing character: There is no f in font nullfont!
Missing character: There is no u in font nullfont!
Missing character: There is no l in font nullfont!
Missing character: There is no i in font nullfont!
Missing character: There is no n in font nullfont!
Missing character: There is no c in font nullfont!
Missing character: There is no e in font nullfont!
Missing character: There is no r in font nullfont!
Missing character: There is no t in font nullfont!
Missing character: There is no a in font nullfont!
Missing character: There is no i in font nullfont!
Missing character: There is no n in font nullfont!
Missing character: There is no c in font nullfont!
Missing character: There is no a in font nullfont!
Missing character: There is no s in font nullfont!
Missing character: There is no e in font nullfont!
Missing character: There is no s in font nullfont!
Missing character: There is no . in font nullfont!
Missing character: There is no I in font nullfont!
Missing character: There is no n in font nullfont!
Missing character: There is no a in font nullfont!
Missing character: There is no n in font nullfont!
Missing character: There is no e in font nullfont!
Missing character: There is no x in font nullfont!
Missing character: There is no a in font nullfont!
Missing character: There is no m in font nullfont!
Missing character: There is no p in font nullfont!
Missing character: There is no l in font nullfont!
Missing character: There is no e in font nullfont!
Missing character: There is no o in font nullfont!
Missing character: There is no f in font nullfont!
Missing character: There is no c in font nullfont!
Missing character: There is no a in font nullfont!
Missing character: There is no n in font nullfont!
Missing character: There is no o in font nullfont!
Missing character: There is no n in font nullfont!
Missing character: There is no i in font nullfont!
Missing character: There is no c in font nullfont!
Missing character: There is no a in font nullfont!
Missing character: There is no l in font nullfont!
Missing character: There is no ( in font nullfont!
Missing character: There is no i in font nullfont!
Missing character: There is no . in font nullfont!
Missing character: There is no e in font nullfont!
Missing character: There is no . in font nullfont!
Missing character: There is no , in font nullfont!
Missing character: There is no u in font nullfont!
Missing character: There is no n in font nullfont!
Missing character: There is no s in font nullfont!
Missing character: There is no i in font nullfont!
Missing character: There is no g in font nullfont!
Missing character: There is no n in font nullfont!
Missing character: There is no e in font nullfont!
Missing character: There is no d in font nullfont!
Missing character: There is no ) in font nullfont!
Missing character: There is no r in font nullfont!
Missing character: There is no e in font nullfont!
Missing character: There is no s in font nullfont!
Missing character: There is no i in font nullfont!
Missing character: There is no d in font nullfont!
Missing character: There is no u in font nullfont!
Missing character: There is no e in font nullfont!
Missing character: There is no r in font nullfont!
Missing character: There is no e in font nullfont!
Missing character: There is no p in font nullfont!
Missing character: There is no r in font nullfont!
Missing character: There is no e in font nullfont!
Missing character: There is no s in font nullfont!
Missing character: There is no e in font nullfont!
Missing character: There is no n in font nullfont!
Missing character: There is no t in font nullfont!
Missing character: There is no a in font nullfont!
Missing character: There is no t in font nullfont!
Missing character: There is no i in font nullfont!
Missing character: There is no o in font nullfont!
Missing character: There is no n in font nullfont!
Missing character: There is no , in font nullfont!
Missing character: There is no s in font nullfont!
Missing character: There is no u in font nullfont!
Missing character: There is no p in font nullfont!
Missing character: There is no p in font nullfont!
Missing character: There is no o in font nullfont!
Missing character: There is no s in font nullfont!
Missing character: There is no e in font nullfont!
Missing character: There is no w in font nullfont!
Missing character: There is no e in font nullfont!
Missing character: There is no h in font nullfont!
Missing character: There is no a in font nullfont!
Missing character: There is no v in font nullfont!
Missing character: There is no e in font nullfont!
Missing character: There is no t in font nullfont!
Missing character: There is no h in font nullfont!
Missing character: There is no e in font nullfont!
Missing character: There is no r in font nullfont!
Missing character: There is no e in font nullfont!
Missing character: There is no l in font nullfont!
Missing character: There is no a in font nullfont!
Missing character: There is no t in font nullfont!
Missing character: There is no i in font nullfont!
Missing character: There is no o in font nullfont!
Missing character: There is no n in font nullfont!
Missing character: There is no a in font nullfont!
Missing character: There is no n in font nullfont!
Missing character: There is no d in font nullfont!
Missing character: There is no w in font nullfont!
Missing character: There is no e in font nullfont!
Missing character: There is no k in font nullfont!
Missing character: There is no n in font nullfont!
Missing character: There is no o in font nullfont!
Missing character: There is no w in font nullfont!
Missing character: There is no t in font nullfont!
Missing character: There is no h in font nullfont!
Missing character: There is no a in font nullfont!
Missing character: There is no t in font nullfont!
Missing character: There is no i in font nullfont!
Missing character: There is no n in font nullfont!
Missing character: There is no a in font nullfont!
Missing character: There is no g in font nullfont!
Missing character: There is no i in font nullfont!
Missing character: There is no v in font nullfont!
Missing character: There is no e in font nullfont!
Missing character: There is no n in font nullfont!
Missing character: There is no a in font nullfont!
Missing character: There is no p in font nullfont!
Missing character: There is no p in font nullfont!
Missing character: There is no l in font nullfont!
Missing character: There is no i in font nullfont!
Missing character: There is no c in font nullfont!
Missing character: There is no a in font nullfont!
Missing character: There is no t in font nullfont!
Missing character: There is no i in font nullfont!
Missing character: There is no o in font nullfont!
Missing character: There is no n in font nullfont!
Missing character: There is no , in font nullfont!
Missing character: There is no i in font nullfont!
Missing character: There is no s in font nullfont!
Missing character: There is no g in font nullfont!
Missing character: There is no u in font nullfont!
Missing character: There is no a in font nullfont!
Missing character: There is no r in font nullfont!
Missing character: There is no a in font nullfont!
Missing character: There is no n in font nullfont!
Missing character: There is no t in font nullfont!
Missing character: There is no e in font nullfont!
Missing character: There is no e in font nullfont!
Missing character: There is no d in font nullfont!
Missing character: There is no t in font nullfont!
Missing character: There is no o in font nullfont!
Missing character: There is no b in font nullfont!
Missing character: There is no e in font nullfont!
Missing character: There is no w in font nullfont!
Missing character: There is no i in font nullfont!
Missing character: There is no t in font nullfont!
Missing character: There is no h in font nullfont!
Missing character: There is no i in font nullfont!
Missing character: There is no n in font nullfont!
Missing character: There is no t in font nullfont!
Missing character: There is no h in font nullfont!
Missing character: There is no e in font nullfont!
Missing character: There is no r in font nullfont!
Missing character: There is no a in font nullfont!
Missing character: There is no n in font nullfont!
Missing character: There is no g in font nullfont!
Missing character: There is no e in font nullfont!
Missing character: There is no ( in font nullfont!
Missing character: There is no i in font nullfont!
Missing character: There is no . in font nullfont!
Missing character: There is no e in font nullfont!
Missing character: There is no . in font nullfont!
Missing character: There is no , in font nullfont!
Missing character: There is no ) in font nullfont!
Missing character: There is no . in font nullfont!
Missing character: There is no T in font nullfont!
Missing character: There is no h in font nullfont!
Missing character: There is no e in font nullfont!
Missing character: There is no n in font nullfont!
Missing character: There is no , in font nullfont!
Missing character: There is no = in font nullfont!
Missing character: There is no , in font nullfont!
Missing character: There is no a in font nullfont!
Missing character: There is no n in font nullfont!
Missing character: There is no d in font nullfont!
Missing character: There is no t in font nullfont!
Missing character: There is no h in font nullfont!
Missing character: There is no u in font nullfont!
Missing character: There is no s in font nullfont!
Missing character: There is no w in font nullfont!
Missing character: There is no e in font nullfont!
Missing character: There is no c in font nullfont!
Missing character: There is no a in font nullfont!
Missing character: There is no n in font nullfont!
Missing character: There is no r in font nullfont!
Missing character: There is no e in font nullfont!
Missing character: There is no m in font nullfont!
Missing character: There is no o in font nullfont!
Missing character: There is no v in font nullfont!
Missing character: There is no e in font nullfont!
Missing character: There is no t in font nullfont!
Missing character: There is no h in font nullfont!
Missing character: There is no e in font nullfont!
Missing character: There is no m in font nullfont!
Missing character: There is no o in font nullfont!
Missing character: There is no d in font nullfont!
Missing character: There is no u in font nullfont!
Missing character: There is no l in font nullfont!
Missing character: There is no o in font nullfont!
Missing character: There is no o in font nullfont!
Missing character: There is no p in font nullfont!
Missing character: There is no e in font nullfont!
Missing character: There is no r in font nullfont!
Missing character: There is no a in font nullfont!
Missing character: There is no t in font nullfont!
Missing character: There is no i in font nullfont!
Missing character: There is no o in font nullfont!
Missing character: There is no n in font nullfont!
Missing character: There is no , in font nullfont!
Missing character: There is no s in font nullfont!
Missing character: There is no i in font nullfont!
Missing character: There is no m in font nullfont!
Missing character: There is no p in font nullfont!
Missing character: There is no l in font nullfont!
Missing character: There is no i in font nullfont!
Missing character: There is no f in font nullfont!
Missing character: There is no y in font nullfont!
Missing character: There is no i in font nullfont!
Missing character: There is no n in font nullfont!
Missing character: There is no g in font nullfont!
Missing character: There is no t in font nullfont!
Missing character: There is no h in font nullfont!
Missing character: There is no e in font nullfont!
Missing character: There is no r in font nullfont!
Missing character: There is no e in font nullfont!
Missing character: There is no l in font nullfont!
Missing character: There is no a in font nullfont!
Missing character: There is no t in font nullfont!
Missing character: There is no i in font nullfont!
Missing character: There is no o in font nullfont!
Missing character: There is no n in font nullfont!
Missing character: There is no . in font nullfont!
Missing character: There is no N in font nullfont!
Missing character: There is no o in font nullfont!
Missing character: There is no w in font nullfont!
Missing character: There is no , in font nullfont!
Missing character: There is no s in font nullfont!
Missing character: There is no u in font nullfont!
Missing character: There is no p in font nullfont!
Missing character: There is no p in font nullfont!
Missing character: There is no o in font nullfont!
Missing character: There is no s in font nullfont!
Missing character: There is no e in font nullfont!
Missing character: There is no a in font nullfont!
Missing character: There is no d in font nullfont!
Missing character: There is no i in font nullfont!
Missing character: There is no f in font nullfont!
Missing character: There is no f in font nullfont!
Missing character: There is no e in font nullfont!
Missing character: There is no r in font nullfont!
Missing character: There is no e in font nullfont!
Missing character: There is no n in font nullfont!
Missing character: There is no t in font nullfont!
Missing character: There is no e in font nullfont!
Missing character: There is no x in font nullfont!
Missing character: There is no a in font nullfont!
Missing character: There is no m in font nullfont!
Missing character: There is no p in font nullfont!
Missing character: There is no l in font nullfont!
Missing character: There is no e in font nullfont!
Missing character: There is no o in font nullfont!
Missing character: There is no f in font nullfont!
Missing character: There is no c in font nullfont!
Missing character: There is no e in font nullfont!
Missing character: There is no n in font nullfont!
Missing character: There is no t in font nullfont!
Missing character: There is no e in font nullfont!
Missing character: There is no r in font nullfont!
Missing character: There is no e in font nullfont!
Missing character: There is no d in font nullfont!
Missing character: There is no ( in font nullfont!
Missing character: There is no i in font nullfont!
Missing character: There is no . in font nullfont!
Missing character: There is no e in font nullfont!
Missing character: There is no . in font nullfont!
Missing character: There is no , in font nullfont!
Missing character: There is no s in font nullfont!
Missing character: There is no i in font nullfont!
Missing character: There is no g in font nullfont!
Missing character: There is no n in font nullfont!
Missing character: There is no e in font nullfont!
Missing character: There is no d in font nullfont!
Missing character: There is no ) in font nullfont!
Missing character: There is no r in font nullfont!
Missing character: There is no e in font nullfont!
Missing character: There is no s in font nullfont!
Missing character: There is no i in font nullfont!
Missing character: There is no d in font nullfont!
Missing character: There is no u in font nullfont!
Missing character: There is no e in font nullfont!
Missing character: There is no r in font nullfont!
Missing character: There is no e in font nullfont!
Missing character: There is no p in font nullfont!
Missing character: There is no r in font nullfont!
Missing character: There is no e in font nullfont!
Missing character: There is no s in font nullfont!
Missing character: There is no e in font nullfont!
Missing character: There is no n in font nullfont!
Missing character: There is no t in font nullfont!
Missing character: There is no a in font nullfont!
Missing character: There is no t in font nullfont!
Missing character: There is no i in font nullfont!
Missing character: There is no o in font nullfont!
Missing character: There is no n in font nullfont!
Missing character: There is no w in font nullfont!
Missing character: There is no h in font nullfont!
Missing character: There is no e in font nullfont!
Missing character: There is no r in font nullfont!
Missing character: There is no e in font nullfont!
Missing character: There is no w in font nullfont!
Missing character: There is no e in font nullfont!
Missing character: There is no h in font nullfont!
Missing character: There is no a in font nullfont!
Missing character: There is no v in font nullfont!
Missing character: There is no e in font nullfont!
Missing character: There is no t in font nullfont!
Missing character: There is no h in font nullfont!
Missing character: There is no e in font nullfont!
Missing character: There is no r in font nullfont!
Missing character: There is no e in font nullfont!
Missing character: There is no l in font nullfont!
Missing character: There is no a in font nullfont!
Missing character: There is no t in font nullfont!
Missing character: There is no i in font nullfont!
Missing character: There is no o in font nullfont!
Missing character: There is no n in font nullfont!
Missing character: There is no , in font nullfont!
Missing character: There is no a in font nullfont!
Missing character: There is no n in font nullfont!
Missing character: There is no d in font nullfont!
Missing character: There is no w in font nullfont!
Missing character: There is no e in font nullfont!
Missing character: There is no k in font nullfont!
Missing character: There is no n in font nullfont!
Missing character: There is no o in font nullfont!
Missing character: There is no w in font nullfont!
Missing character: There is no t in font nullfont!
Missing character: There is no h in font nullfont!
Missing character: There is no a in font nullfont!
Missing character: There is no t in font nullfont!
Missing character: There is no i in font nullfont!
Missing character: There is no n in font nullfont!
Missing character: There is no a in font nullfont!
Missing character: There is no g in font nullfont!
Missing character: There is no i in font nullfont!
Missing character: There is no v in font nullfont!
Missing character: There is no e in font nullfont!
Missing character: There is no n in font nullfont!
Missing character: There is no a in font nullfont!
Missing character: There is no p in font nullfont!
Missing character: There is no p in font nullfont!
Missing character: There is no l in font nullfont!
Missing character: There is no i in font nullfont!
Missing character: There is no c in font nullfont!
Missing character: There is no a in font nullfont!
Missing character: There is no t in font nullfont!
Missing character: There is no i in font nullfont!
Missing character: There is no o in font nullfont!
Missing character: There is no n in font nullfont!
Missing character: There is no , in font nullfont!
Missing character: There is no i in font nullfont!
Missing character: There is no s in font nullfont!
Missing character: There is no g in font nullfont!
Missing character: There is no u in font nullfont!
Missing character: There is no a in font nullfont!
Missing character: There is no r in font nullfont!
Missing character: There is no a in font nullfont!
Missing character: There is no n in font nullfont!
Missing character: There is no t in font nullfont!
Missing character: There is no e in font nullfont!
Missing character: There is no e in font nullfont!
Missing character: There is no d in font nullfont!
Missing character: There is no t in font nullfont!
Missing character: There is no o in font nullfont!
Missing character: There is no b in font nullfont!
Missing character: There is no e in font nullfont!
Missing character: There is no w in font nullfont!
Missing character: There is no i in font nullfont!
Missing character: There is no t in font nullfont!
Missing character: There is no h in font nullfont!
Missing character: There is no i in font nullfont!
Missing character: There is no n in font nullfont!
Missing character: There is no t in font nullfont!
Missing character: There is no h in font nullfont!
Missing character: There is no e in font nullfont!
Missing character: There is no r in font nullfont!
Missing character: There is no a in font nullfont!
Missing character: There is no n in font nullfont!
Missing character: There is no g in font nullfont!
Missing character: There is no e in font nullfont!
! Undefined control sequence.
l.169 ...eed to be within the range $\left[-\dfrac
                                                  {q}{2}, \dfrac{q}{2} - 1\r...

? 
! Undefined control sequence.
l.169 ...in the range $\left[-\dfrac{q}{2}, \dfrac
                                                  {q}{2} - 1\right]$. Then, ...

? 
Missing character: There is no . in font nullfont!
Missing character: There is no T in font nullfont!
Missing character: There is no h in font nullfont!
Missing character: There is no e in font nullfont!
Missing character: There is no n in font nullfont!
Missing character: There is no , in font nullfont!
Missing character: There is no . in font nullfont!
Missing character: There is no H in font nullfont!
Missing character: There is no o in font nullfont!
Missing character: There is no w in font nullfont!
Missing character: There is no e in font nullfont!
Missing character: There is no v in font nullfont!
Missing character: There is no e in font nullfont!
Missing character: There is no r in font nullfont!
Missing character: There is no , in font nullfont!
Missing character: There is no n in font nullfont!
Missing character: There is no o in font nullfont!
Missing character: There is no t in font nullfont!
Missing character: There is no i in font nullfont!
Missing character: There is no c in font nullfont!
Missing character: There is no e in font nullfont!
Missing character: There is no t in font nullfont!
Missing character: There is no h in font nullfont!
Missing character: There is no a in font nullfont!
Missing character: There is no t in font nullfont!
Missing character: There is no i in font nullfont!
Missing character: There is no f in font nullfont!
Missing character: There is no t in font nullfont!
Missing character: There is no h in font nullfont!
Missing character: There is no e in font nullfont!
Missing character: There is no r in font nullfont!
Missing character: There is no e in font nullfont!
Missing character: There is no l in font nullfont!
Missing character: There is no a in font nullfont!
Missing character: There is no t in font nullfont!
Missing character: There is no i in font nullfont!
Missing character: There is no o in font nullfont!
Missing character: There is no n in font nullfont!
Missing character: There is no w in font nullfont!
Missing character: There is no e in font nullfont!
Missing character: There is no r in font nullfont!
Missing character: There is no e in font nullfont!
Missing character: There is no i in font nullfont!
Missing character: There is no n in font nullfont!
Missing character: There is no a in font nullfont!
Missing character: There is no c in font nullfont!
Missing character: There is no a in font nullfont!
Missing character: There is no n in font nullfont!
Missing character: There is no o in font nullfont!
Missing character: There is no n in font nullfont!
Missing character: There is no i in font nullfont!
Missing character: There is no c in font nullfont!
Missing character: There is no a in font nullfont!
Missing character: There is no l in font nullfont!
Missing character: There is no r in font nullfont!
Missing character: There is no e in font nullfont!
Missing character: There is no s in font nullfont!
Missing character: There is no i in font nullfont!
Missing character: There is no d in font nullfont!
Missing character: There is no u in font nullfont!
Missing character: There is no e in font nullfont!
Missing character: There is no r in font nullfont!
Missing character: There is no e in font nullfont!
Missing character: There is no p in font nullfont!
Missing character: There is no r in font nullfont!
Missing character: There is no e in font nullfont!
Missing character: There is no s in font nullfont!
Missing character: There is no e in font nullfont!
Missing character: There is no n in font nullfont!
Missing character: There is no t in font nullfont!
Missing character: There is no a in font nullfont!
Missing character: There is no t in font nullfont!
Missing character: There is no i in font nullfont!
Missing character: There is no o in font nullfont!
Missing character: There is no n in font nullfont!
Missing character: There is no , in font nullfont!
Missing character: There is no t in font nullfont!
Missing character: There is no h in font nullfont!
Missing character: There is no e in font nullfont!
Missing character: There is no n in font nullfont!
Missing character: There is no w in font nullfont!
Missing character: There is no e in font nullfont!
Missing character: There is no c in font nullfont!
Missing character: There is no a in font nullfont!
Missing character: There is no n in font nullfont!
Missing character: There is no n in font nullfont!
Missing character: There is no o in font nullfont!
Missing character: There is no t in font nullfont!
Missing character: There is no r in font nullfont!
Missing character: There is no e in font nullfont!
Missing character: There is no m in font nullfont!
Missing character: There is no o in font nullfont!
Missing character: There is no v in font nullfont!
Missing character: There is no e in font nullfont!
Missing character: There is no t in font nullfont!
Missing character: There is no h in font nullfont!
Missing character: There is no e in font nullfont!
Missing character: There is no m in font nullfont!
Missing character: There is no o in font nullfont!
Missing character: There is no d in font nullfont!
Missing character: There is no u in font nullfont!
Missing character: There is no l in font nullfont!
Missing character: There is no o in font nullfont!
Missing character: There is no o in font nullfont!
Missing character: There is no p in font nullfont!
Missing character: There is no e in font nullfont!
Missing character: There is no r in font nullfont!
Missing character: There is no a in font nullfont!
Missing character: There is no t in font nullfont!
Missing character: There is no i in font nullfont!
Missing character: There is no o in font nullfont!
Missing character: There is no n in font nullfont!
Missing character: There is no b in font nullfont!
Missing character: There is no e in font nullfont!
Missing character: There is no c in font nullfont!
Missing character: There is no a in font nullfont!
Missing character: There is no u in font nullfont!
Missing character: There is no s in font nullfont!
Missing character: There is no e in font nullfont!
Missing character: There is no i in font nullfont!
Missing character: There is no f in font nullfont!
Missing character: There is no i in font nullfont!
Missing character: There is no s in font nullfont!
Missing character: There is no n in font nullfont!
Missing character: There is no e in font nullfont!
Missing character: There is no g in font nullfont!
Missing character: There is no a in font nullfont!
Missing character: There is no t in font nullfont!
Missing character: There is no i in font nullfont!
Missing character: There is no v in font nullfont!
Missing character: There is no e in font nullfont!
Missing character: There is no , in font nullfont!
Missing character: There is no t in font nullfont!
Missing character: There is no h in font nullfont!
Missing character: There is no e in font nullfont!
Missing character: There is no n in font nullfont!
Missing character: There is no t in font nullfont!
Missing character: There is no h in font nullfont!
Missing character: There is no i in font nullfont!
Missing character: There is no s in font nullfont!
Missing character: There is no b in font nullfont!
Missing character: There is no e in font nullfont!
Missing character: There is no c in font nullfont!
Missing character: There is no o in font nullfont!
Missing character: There is no m in font nullfont!
Missing character: There is no e in font nullfont!
Missing character: There is no s in font nullfont!
Missing character: There is no s in font nullfont!
Missing character: There is no m in font nullfont!
Missing character: There is no a in font nullfont!
Missing character: There is no l in font nullfont!
Missing character: There is no l in font nullfont!
Missing character: There is no e in font nullfont!
Missing character: There is no r in font nullfont!
Missing character: There is no t in font nullfont!
Missing character: There is no h in font nullfont!
Missing character: There is no a in font nullfont!
Missing character: There is no n in font nullfont!
Missing character: There is no t in font nullfont!
Missing character: There is no h in font nullfont!
Missing character: There is no e in font nullfont!
Missing character: There is no l in font nullfont!
Missing character: There is no o in font nullfont!
Missing character: There is no w in font nullfont!
Missing character: There is no e in font nullfont!
Missing character: There is no r in font nullfont!
Missing character: There is no b in font nullfont!
Missing character: There is no o in font nullfont!
Missing character: There is no u in font nullfont!
Missing character: There is no n in font nullfont!
Missing character: There is no d in font nullfont!
Missing character: There is no o in font nullfont!
Missing character: There is no f in font nullfont!
Missing character: There is no t in font nullfont!
Missing character: There is no h in font nullfont!
Missing character: There is no e in font nullfont!
Missing character: There is no c in font nullfont!
Missing character: There is no a in font nullfont!
Missing character: There is no n in font nullfont!
Missing character: There is no o in font nullfont!
Missing character: There is no n in font nullfont!
Missing character: There is no i in font nullfont!
Missing character: There is no c in font nullfont!
Missing character: There is no a in font nullfont!
Missing character: There is no l in font nullfont!
Missing character: There is no r in font nullfont!
Missing character: There is no e in font nullfont!
Missing character: There is no s in font nullfont!
Missing character: There is no i in font nullfont!
Missing character: There is no d in font nullfont!
Missing character: There is no u in font nullfont!
Missing character: There is no e in font nullfont!
Missing character: There is no s in font nullfont!
Missing character: There is no y in font nullfont!
Missing character: There is no s in font nullfont!
Missing character: There is no t in font nullfont!
Missing character: There is no e in font nullfont!
Missing character: There is no m in font nullfont!
Missing character: There is no ( in font nullfont!
Missing character: There is no i in font nullfont!
Missing character: There is no . in font nullfont!
Missing character: There is no e in font nullfont!
Missing character: There is no . in font nullfont!
Missing character: There is no , in font nullfont!
Missing character: There is no ) in font nullfont!
Missing character: There is no , in font nullfont!
Missing character: There is no a in font nullfont!
Missing character: There is no n in font nullfont!
Missing character: There is no d in font nullfont!
Missing character: There is no t in font nullfont!
Missing character: There is no h in font nullfont!
Missing character: There is no u in font nullfont!
Missing character: There is no s in font nullfont!
Missing character: There is no a in font nullfont!
Missing character: There is no m in font nullfont!
Missing character: There is no o in font nullfont!
Missing character: There is no d in font nullfont!
Missing character: There is no u in font nullfont!
Missing character: There is no l in font nullfont!
Missing character: There is no o in font nullfont!
Missing character: There is no r in font nullfont!
Missing character: There is no e in font nullfont!
Missing character: There is no d in font nullfont!
Missing character: There is no u in font nullfont!
Missing character: There is no c in font nullfont!
Missing character: There is no t in font nullfont!
Missing character: There is no i in font nullfont!
Missing character: There is no o in font nullfont!
Missing character: There is no n in font nullfont!
Missing character: There is no ( in font nullfont!
Missing character: There is no i in font nullfont!
Missing character: There is no . in font nullfont!
Missing character: There is no e in font nullfont!
Missing character: There is no . in font nullfont!
Missing character: There is no , in font nullfont!
Missing character: There is no a in font nullfont!
Missing character: There is no d in font nullfont!
Missing character: There is no d in font nullfont!
Missing character: There is no i in font nullfont!
Missing character: There is no t in font nullfont!
Missing character: There is no i in font nullfont!
Missing character: There is no o in font nullfont!
Missing character: There is no n in font nullfont!
Missing character: There is no b in font nullfont!
Missing character: There is no y in font nullfont!
Missing character: There is no o in font nullfont!
Missing character: There is no n in font nullfont!
Missing character: There is no e in font nullfont!
Missing character: There is no o in font nullfont!
Missing character: There is no r in font nullfont!
Missing character: There is no m in font nullfont!
Missing character: There is no o in font nullfont!
Missing character: There is no r in font nullfont!
Missing character: There is no e in font nullfont!
Missing character: There is no ) in font nullfont!
Missing character: There is no i in font nullfont!
Missing character: There is no s in font nullfont!
Missing character: There is no n in font nullfont!
Missing character: There is no e in font nullfont!
Missing character: There is no e in font nullfont!
Missing character: There is no d in font nullfont!
Missing character: There is no e in font nullfont!
Missing character: There is no d in font nullfont!
Missing character: There is no . in font nullfont!

Overfull \hbox (20.0pt too wide) in paragraph at lines 169--170
[]
 []


Overfull \hbox (13.06369pt too wide) in paragraph at lines 169--170
\OML/cmm/m/it/10 a \OT1/cmr/m/n/10 +
 []


Overfull \hbox (26.2361pt too wide) in paragraph at lines 169--170
\OML/cmm/m/it/10 b  []
 []


Overfull \hbox (4.8229pt too wide) in paragraph at lines 169--170
\OML/cmm/m/it/10 q$
 []


Overfull \hbox (13.06369pt too wide) in paragraph at lines 169--170
\OML/cmm/m/it/10 a \OT1/cmr/m/n/10 +
 []


Overfull \hbox (4.29166pt too wide) in paragraph at lines 169--170
\OML/cmm/m/it/10 b$
 []


Overfull \hbox (24.82292pt too wide) in paragraph at lines 169--170
\OT1/cmr/m/n/10 [0\OML/cmm/m/it/10 ; q \OMS/cmsy/m/n/10 ^^@
 []


Overfull \hbox (7.7778pt too wide) in paragraph at lines 169--170
\OT1/cmr/m/n/10 1]$
 []


Overfull \hbox (15.55553pt too wide) in paragraph at lines 169--170
\OT1/cmr/m/n/10 0 \OMS/cmsy/m/n/10 ^^T
 []


Overfull \hbox (13.06369pt too wide) in paragraph at lines 169--170
\OML/cmm/m/it/10 a \OT1/cmr/m/n/10 +
 []


Overfull \hbox (14.84717pt too wide) in paragraph at lines 169--170
\OML/cmm/m/it/10 b \OMS/cmsy/m/n/10 ^^T
 []


Overfull \hbox (12.60071pt too wide) in paragraph at lines 169--170
\OML/cmm/m/it/10 q \OMS/cmsy/m/n/10 ^^@
 []


Overfull \hbox (5.00002pt too wide) in paragraph at lines 169--170
\OT1/cmr/m/n/10 1$
 []


Overfull \hbox (16.95259pt too wide) in paragraph at lines 169--170
\OT1/cmr/m/n/10 (\OML/cmm/m/it/10 a \OT1/cmr/m/n/10 +
 []


Overfull \hbox (26.2361pt too wide) in paragraph at lines 169--170
\OML/cmm/m/it/10 b  []
 []


Overfull \hbox (8.7118pt too wide) in paragraph at lines 169--170
\OML/cmm/m/it/10 q\OT1/cmr/m/n/10 )$
 []


Overfull \hbox (13.06369pt too wide) in paragraph at lines 169--170
\OML/cmm/m/it/10 a \OT1/cmr/m/n/10 +
 []


Overfull \hbox (4.29166pt too wide) in paragraph at lines 169--170
\OML/cmm/m/it/10 b$
 []


Overfull \hbox (13.06369pt too wide) in paragraph at lines 169--170
\OML/cmm/m/it/10 a \OMS/cmsy/m/n/10 ^^@
 []


Overfull \hbox (26.2361pt too wide) in paragraph at lines 169--170
\OML/cmm/m/it/10 b  []
 []


Overfull \hbox (4.8229pt too wide) in paragraph at lines 169--170
\OML/cmm/m/it/10 q$
 []


Overfull \hbox (13.06369pt too wide) in paragraph at lines 169--170
\OML/cmm/m/it/10 a \OMS/cmsy/m/n/10 ^^@
 []


Overfull \hbox (4.29166pt too wide) in paragraph at lines 169--170
\OML/cmm/m/it/10 b$
 []


Overfull \hbox (54.64578pt too wide) in paragraph at lines 169--170
[]$
 []


Overfull \hbox (16.95259pt too wide) in paragraph at lines 169--170
\OT1/cmr/m/n/10 (\OML/cmm/m/it/10 a \OMS/cmsy/m/n/10 ^^@
 []


Overfull \hbox (26.2361pt too wide) in paragraph at lines 169--170
\OML/cmm/m/it/10 b  []
 []


Overfull \hbox (19.26732pt too wide) in paragraph at lines 169--170
\OML/cmm/m/it/10 q\OT1/cmr/m/n/10 ) =
 []


Overfull \hbox (13.06369pt too wide) in paragraph at lines 169--170
\OML/cmm/m/it/10 a \OMS/cmsy/m/n/10 ^^@
 []


Overfull \hbox (4.29166pt too wide) in paragraph at lines 169--170
\OML/cmm/m/it/10 b$
 []


Overfull \hbox (13.06369pt too wide) in paragraph at lines 169--170
\OML/cmm/m/it/10 a \OMS/cmsy/m/n/10 ^^@
 []


Overfull \hbox (26.2361pt too wide) in paragraph at lines 169--170
\OML/cmm/m/it/10 b  []
 []


Overfull \hbox (4.8229pt too wide) in paragraph at lines 169--170
\OML/cmm/m/it/10 q$
 []


Overfull \hbox (13.06369pt too wide) in paragraph at lines 169--170
\OML/cmm/m/it/10 a \OMS/cmsy/m/n/10 ^^@
 []


Overfull \hbox (4.29166pt too wide) in paragraph at lines 169--170
\OML/cmm/m/it/10 b$
 []


Overfull \hbox (5.00002pt too wide) in paragraph at lines 169--170
\OT1/cmr/m/n/10 0$
 []


Overfull \hbox (4.8229pt too wide) in paragraph at lines 169--170
\OML/cmm/m/it/10 q$
 []

Missing character: There is no I in font nullfont!
Missing character: There is no n in font nullfont!
! Undefined control sequence.
l.171 In \autoref
                 {subsec:rns-fastbconvex}, we design the \textsf{FastBConvEx...

? 
Missing character: There is no s in font nullfont!
Missing character: There is no u in font nullfont!
Missing character: There is no b in font nullfont!
Missing character: There is no s in font nullfont!
Missing character: There is no e in font nullfont!
Missing character: There is no c in font nullfont!
Missing character: There is no : in font nullfont!
Missing character: There is no r in font nullfont!
Missing character: There is no n in font nullfont!
Missing character: There is no s in font nullfont!
Missing character: There is no - in font nullfont!
Missing character: There is no f in font nullfont!
Missing character: There is no a in font nullfont!
Missing character: There is no s in font nullfont!
Missing character: There is no t in font nullfont!
Missing character: There is no b in font nullfont!
Missing character: There is no c in font nullfont!
Missing character: There is no o in font nullfont!
Missing character: There is no n in font nullfont!
Missing character: There is no v in font nullfont!
Missing character: There is no e in font nullfont!
Missing character: There is no x in font nullfont!
Missing character: There is no , in font nullfont!
Missing character: There is no w in font nullfont!
Missing character: There is no e in font nullfont!
Missing character: There is no d in font nullfont!
Missing character: There is no e in font nullfont!
Missing character: There is no s in font nullfont!
Missing character: There is no i in font nullfont!
Missing character: There is no g in font nullfont!
Missing character: There is no n in font nullfont!
Missing character: There is no t in font nullfont!
Missing character: There is no h in font nullfont!
Missing character: There is no e in font nullfont!
Missing character: There is no o in font nullfont!
Missing character: There is no p in font nullfont!
Missing character: There is no e in font nullfont!
Missing character: There is no r in font nullfont!
Missing character: There is no a in font nullfont!
Missing character: There is no t in font nullfont!
Missing character: There is no i in font nullfont!
Missing character: There is no o in font nullfont!
Missing character: There is no n in font nullfont!
Missing character: There is no b in font nullfont!
Missing character: There is no a in font nullfont!
Missing character: There is no s in font nullfont!
Missing character: There is no e in font nullfont!
Missing character: There is no d in font nullfont!
Missing character: There is no o in font nullfont!
Missing character: There is no n in font nullfont!
Missing character: There is no t in font nullfont!
Missing character: There is no h in font nullfont!
Missing character: There is no i in font nullfont!
Missing character: There is no s in font nullfont!
Missing character: There is no b in font nullfont!
Missing character: There is no e in font nullfont!
Missing character: There is no n in font nullfont!
Missing character: There is no e in font nullfont!
Missing character: There is no f in font nullfont!
Missing character: There is no i in font nullfont!
Missing character: There is no c in font nullfont!
Missing character: There is no i in font nullfont!
Missing character: There is no a in font nullfont!
Missing character: There is no l in font nullfont!
Missing character: There is no p in font nullfont!
Missing character: There is no r in font nullfont!
Missing character: There is no o in font nullfont!
Missing character: There is no p in font nullfont!
Missing character: There is no e in font nullfont!
Missing character: There is no r in font nullfont!
Missing character: There is no t in font nullfont!
Missing character: There is no y in font nullfont!
Missing character: There is no o in font nullfont!
Missing character: There is no f in font nullfont!
Missing character: There is no c in font nullfont!
Missing character: There is no e in font nullfont!
Missing character: There is no n in font nullfont!
Missing character: There is no t in font nullfont!
Missing character: There is no e in font nullfont!
Missing character: There is no r in font nullfont!
Missing character: There is no e in font nullfont!
Missing character: There is no d in font nullfont!
Missing character: There is no r in font nullfont!
Missing character: There is no e in font nullfont!
Missing character: There is no s in font nullfont!
Missing character: There is no i in font nullfont!
Missing character: There is no d in font nullfont!
Missing character: There is no u in font nullfont!
Missing character: There is no e in font nullfont!
Missing character: There is no r in font nullfont!
Missing character: There is no e in font nullfont!
Missing character: There is no p in font nullfont!
Missing character: There is no r in font nullfont!
Missing character: There is no e in font nullfont!
Missing character: There is no s in font nullfont!
Missing character: There is no e in font nullfont!
Missing character: There is no n in font nullfont!
Missing character: There is no t in font nullfont!
Missing character: There is no a in font nullfont!
Missing character: There is no t in font nullfont!
Missing character: There is no i in font nullfont!
Missing character: There is no o in font nullfont!
Missing character: There is no n in font nullfont!
Missing character: There is no : in font nullfont!
Missing character: There is no i in font nullfont!
Missing character: There is no n in font nullfont!
Missing character: There is no t in font nullfont!
Missing character: There is no h in font nullfont!
Missing character: There is no i in font nullfont!
Missing character: There is no s in font nullfont!
Missing character: There is no a in font nullfont!
Missing character: There is no l in font nullfont!
Missing character: There is no g in font nullfont!
Missing character: There is no o in font nullfont!
Missing character: There is no r in font nullfont!
Missing character: There is no i in font nullfont!
Missing character: There is no t in font nullfont!
Missing character: There is no h in font nullfont!
Missing character: There is no m in font nullfont!
Missing character: There is no d in font nullfont!
Missing character: There is no e in font nullfont!
Missing character: There is no s in font nullfont!
Missing character: There is no i in font nullfont!
Missing character: There is no g in font nullfont!
Missing character: There is no n in font nullfont!
Missing character: There is no , in font nullfont!
Missing character: There is no w in font nullfont!
Missing character: There is no e in font nullfont!
Missing character: There is no c in font nullfont!
Missing character: There is no a in font nullfont!
Missing character: There is no n in font nullfont!
Missing character: There is no s in font nullfont!
Missing character: There is no i in font nullfont!
Missing character: There is no m in font nullfont!
Missing character: There is no p in font nullfont!
Missing character: There is no l in font nullfont!
Missing character: There is no i in font nullfont!
Missing character: There is no f in font nullfont!
Missing character: There is no y in font nullfont!
Missing character: There is no t in font nullfont!
Missing character: There is no o in font nullfont!
Missing character: There is no b in font nullfont!
Missing character: There is no e in font nullfont!
Missing character: There is no c in font nullfont!
Missing character: There is no a in font nullfont!
Missing character: There is no u in font nullfont!
Missing character: There is no s in font nullfont!
Missing character: There is no e in font nullfont!
Missing character: There is no w in font nullfont!
Missing character: There is no e in font nullfont!
Missing character: There is no k in font nullfont!
Missing character: There is no n in font nullfont!
Missing character: There is no o in font nullfont!
Missing character: There is no w in font nullfont!
Missing character: There is no t in font nullfont!
Missing character: There is no h in font nullfont!
Missing character: There is no a in font nullfont!
Missing character: There is no t in font nullfont!
! Undefined control sequence.
l.171 ...o $\mu + u$ because we know that $-\dfrac
                                                  {b_\alpha}{2} \leq \mu + u...

? 
! Undefined control sequence.
l.171 ...\dfrac{b_\alpha}{2} \leq \mu + u < \dfrac
                                                  {b_\alpha}{2}$.
? 
Missing character: There is no . in font nullfont!
)
*

Overfull \hbox (20.0pt too wide) in paragraph at lines 171--0
[]
 []


Overfull \hbox (21.00003pt too wide) in paragraph at lines 171--0
\OT1/cmss/m/n/10 Fast-
 []


Overfull \hbox (10.00002pt too wide) in paragraph at lines 171--0
\OT1/cmss/m/n/10 B-
 []


Overfull \hbox (19.88892pt too wide) in paragraph at lines 171--0
\OT1/cmss/m/n/10 Con-
 []


Overfull \hbox (15.19449pt too wide) in paragraph at lines 171--0
\OT1/cmss/m/n/10 vEx
 []


Overfull \hbox (17.69218pt too wide) in paragraph at lines 171--0
\OT1/cmr/m/n/10 (\OML/cmm/m/it/10 ^^V \OT1/cmr/m/n/10 +
 []


Overfull \hbox (27.66902pt too wide) in paragraph at lines 171--0
\OML/cmm/m/it/10 u  []
 []


Overfull \hbox (13.87932pt too wide) in paragraph at lines 171--0
\OML/cmm/m/it/10 b[]\OT1/cmr/m/n/10 )$
 []


Overfull \hbox (13.80328pt too wide) in paragraph at lines 171--0
\OML/cmm/m/it/10 ^^V \OT1/cmr/m/n/10 +
 []


Overfull \hbox (5.72458pt too wide) in paragraph at lines 171--0
\OML/cmm/m/it/10 u$
 []


Overfull \hbox (33.32375pt too wide) in paragraph at lines 171--0
\OMS/cmsy/m/n/10 ^^@[]\OT1/cmr/m/n/10 2 \OMS/cmsy/m/n/10 ^^T
 []


Overfull \hbox (13.80328pt too wide) in paragraph at lines 171--0
\OML/cmm/m/it/10 ^^V \OT1/cmr/m/n/10 +
 []


Overfull \hbox (16.28009pt too wide) in paragraph at lines 171--0
\OML/cmm/m/it/10 u <
 []


Overfull \hbox (14.99043pt too wide) in paragraph at lines 171--0
[]\OT1/cmr/m/n/10 2$ 
 []

(Please type a command or say `\end')
*
(Please type a command or say `\end')
*
(Please type a command or say `\end')
*
(Please type a command or say `\end')
*
(Please type a command or say `\end')
*
(Please type a command or say `\end')
*
(Please type a command or say `\end')
*
(Please type a command or say `\end')
*
(Please type a command or say `\end')
*
(Please type a command or say `\end')
*
(Please type a command or say `\end')
*
(Please type a command or say `\end')
*
(Please type a command or say `\end')
*
(Please type a command or say `\end')
*
(Please type a command or say `\end')
*
(Please type a command or say `\end')
*
(Please type a command or say `\end')
*
! Interruption.
<*> 
    
? 
(Please type a command or say `\end')
*
(Please type a command or say `\end')
*
(Please type a command or say `\end')
*\end

*
! Interruption.
<*> 
    
? 
Runaway argument?
! Paragraph ended before \end  was complete.
<to be read again> 
                   \par 
<*> 
    
? 
(Please type a command or say `\end')
*
(Please type a command or say `\end')
*
(Please type a command or say `\end')
*
(Please type a command or say `\end')
*
(Please type a command or say `\end')
*
(Please type a command or say `\end')
*
(Please type a command or say `\end')
*
(Please type a command or say `\end')
*
(Please type a command or say `\end')
*
(Please type a command or say `\end')
*\end

*
! Interruption.
<*> 
    
? \end'
Type <return> to proceed, S to scroll future error messages,
R to run without stopping, Q to run quietly,
I to insert something, 
H for help, X to quit.
? 
Runaway argument?
! Paragraph ended before \end  was complete.
<to be read again> 
                   \par 
<*> 
    
? X
 
Here is how much of TeX's memory you used:
 54 strings out of 467525
 968 string characters out of 5418983
 450756 words of memory out of 5000000
 29058 multiletter control sequences out of 15000+600000
 629039 words of font info for 44 fonts, out of 8000000 for 9000
 1141 hyphenation exceptions out of 8191
 24i,5n,24p,1657b,185s stack positions out of 10000i,1000n,20000p,200000b,200000s
</usr/local/texlive/2026/texmf-dist/fonts/type1/public/amsfonts/cm/cmbx10.pfb><
/usr/local/texlive/2026/texmf-dist/fonts/type1/public/amsfonts/cm/cmbxti10.pfb>
</usr/local/texlive/2026/texmf-dist/fonts/type1/public/amsfonts/cm/cmmi10.pfb><
/usr/local/texlive/2026/texmf-dist/fonts/type1/public/amsfonts/cm/cmr10.pfb></u
sr/local/texlive/2026/texmf-dist/fonts/type1/public/amsfonts/cm/cmsy10.pfb></us
r/local/texlive/2026/texmf-dist/fonts/type1/public/amsfonts/cm/cmti10.pfb>
Output written on a01-modulo.pdf (1 page, 68848 bytes).
PDF statistics:
 38 PDF objects out of 1000 (max. 8388607)
 22 compressed objects within 1 object stream
 0 named destinations out of 1000 (max. 500000)
 1 words of extra memory for PDF output out of 10000 (max. 10000000)

